# Blender 4.4.3
# www.blender.org
mtllib phone_a.mtl
o phone_a
v 3.564009 2.696622 -7.066473
v 3.751863 2.547475 -6.979289
v 3.765309 2.563956 -6.883728
v 3.532985 2.786985 -6.941248
v 3.994523 2.786986 -6.952600
v 3.735851 2.842062 -7.179323
v 3.923309 2.696325 -7.095716
v 3.904527 2.515119 -7.276747
v 3.735013 2.412788 -7.117085
v 3.717527 2.629529 -7.400564
v 3.546350 2.530010 -7.244757
v 3.856841 2.240115 -7.411192
v 3.684041 2.212443 -7.225712
v 3.679567 2.335876 -7.562513
v 3.505456 2.309397 -7.382553
v 3.704567 1.613745 -7.532217
v 3.536367 1.634554 -7.344892
v 3.547291 1.731771 -7.691630
v 3.375220 1.754474 -7.502848
v 3.132838 1.558699 -7.773468
v 3.413870 1.274251 -7.461406
v 3.110625 1.466196 -7.432839
v 3.436067 1.378841 -7.809183
v 3.931564 2.754820 -6.993916
v 3.607742 2.635356 -6.899994
v 3.871370 2.594868 -7.021719
v 3.858823 2.795452 -7.157976
v 3.768691 2.597968 -6.746224
v 3.538299 2.823416 -6.785789
v 3.572216 2.754830 -6.964898
v 3.607395 2.935324 -6.985108
v 3.617797 2.795723 -7.138380
v 3.766464 3.047080 -6.836796
v 3.746096 2.915204 -7.051290
v 3.627088 2.595042 -7.001860
v 3.996859 2.823416 -6.797067
v 3.921886 2.635356 -6.907721
v 3.853750 2.443018 -7.174017
v 3.840130 2.590074 -7.366344
v 3.599432 2.600597 -7.345369
v 3.609786 2.452847 -7.152125
v 3.745389 2.486812 -7.050357
v 3.915213 2.615908 -7.189746
v 3.726763 2.745606 -7.295770
v 3.556090 2.618967 -7.159370
v 3.803139 2.208946 -7.290854
v 3.798038 2.292752 -7.518771
v 3.561513 2.339353 -7.499833
v 3.562879 2.256206 -7.270837
v 3.715109 2.319130 -7.174716
v 3.886546 2.384717 -7.348665
v 3.530976 2.425731 -7.316769
v 3.704437 2.489824 -7.488173
v 3.648488 1.603211 -7.411141
v 3.656002 1.668632 -7.644651
v 3.432257 1.764646 -7.626328
v 3.425497 1.698619 -7.389725
v 3.457724 1.999693 -7.447159
v 3.631070 1.900708 -7.287914
v 3.801600 1.899347 -7.474587
v 3.631884 1.997855 -7.634162
v 3.495421 1.284263 -7.646111
v 3.255635 1.352301 -7.367567
v 3.054302 1.551814 -7.597460
v 3.288522 1.491598 -7.866968
v 3.413408 1.494311 -7.754314
v 3.254820 1.532364 -7.571963
v 3.389103 1.388299 -7.421479
v 3.547769 1.347972 -7.605324
v 3.510911 1.413211 -7.715952
v 3.290357 1.470112 -7.463053
v 3.492645 1.339678 -7.486673
v 3.746479 1.882691 -7.353401
v 3.513919 2.016046 -7.569839
v 3.747153 1.948295 -7.587162
v 3.306877 1.538877 -7.690405
v 3.585579 2.476834 -7.428081
v 3.825189 2.448730 -7.448727
v 3.592074 2.360592 -7.214304
v 3.513649 1.950837 -7.333378
v 3.924630 2.669705 -6.764574
v 3.833705 2.332843 -7.236368
v 3.608818 2.705883 -7.247036
v 3.922534 2.975887 -6.826322
v 3.864184 2.527543 -7.100315
v 3.611096 2.975887 -6.818663
v 3.868584 2.864044 -7.038301
v 3.620215 2.529451 -7.079736
v 3.612039 2.669705 -6.756885
v 3.850148 2.703488 -7.267286
v 3.006672 1.373049 -7.842237
v 3.250831 1.056363 -7.527775
v 2.977119 1.286834 -7.493212
v 3.280265 1.143757 -7.874783
v 3.327058 1.049051 -7.709088
v 3.107493 1.151158 -7.431547
v 2.930002 1.381984 -7.660577
v 3.150823 1.277625 -7.937092
v 2.756848 1.150074 -7.917559
v 2.979367 0.779488 -7.610321
v 2.724432 1.048990 -7.556165
v 3.013723 0.881335 -7.969650
v 3.053817 0.770333 -7.801336
v 2.844584 0.890155 -7.501919
v 2.682912 1.160373 -7.725019
v 2.893302 1.038635 -8.025421
v 2.502176 0.925238 -7.973158
v 2.660102 0.504660 -7.698954
v 2.456118 0.808385 -7.618546
v 2.707913 0.624105 -8.049289
v 2.729231 0.496344 -7.891320
v 2.548818 0.627738 -7.579445
v 2.432097 0.935981 -7.779915
v 2.616675 0.801606 -8.090184
v 2.186507 0.702830 -8.005351
v 2.284941 0.253273 -7.751184
v 2.140055 0.583023 -7.651376
v 2.335383 0.374341 -8.098501
v 2.342360 0.239566 -7.946232
v 2.202727 0.388735 -7.623827
v 2.128272 0.719585 -7.807449
v 2.273731 0.565051 -8.130006
v 1.850827 0.572022 -8.001822
v 1.503296 0.499313 -7.991695
v 1.552614 0.030555 -7.750692
v 1.937786 0.104380 -7.766570
v 1.832329 0.443397 -7.646801
v 1.490134 0.379105 -7.634456
v 1.959690 0.232521 -8.116312
v 1.568425 0.149565 -8.102274
v 1.575716 0.013044 -7.952086
v 1.972945 0.092337 -7.967865
v 1.880240 0.243434 -7.628717
v 1.517075 0.176183 -7.613005
v 1.482635 0.519215 -7.786221
v 1.816422 0.586397 -7.797003
v 1.911302 0.429515 -8.138056
v 1.539216 0.348562 -8.127751
v -5.546332 0.327446 -7.947744
v -5.669935 0.521208 -7.705513
v -5.737962 0.192099 -7.568783
v -5.614797 -0.006274 -7.801378
v -5.557373 0.123375 -7.921309
v -5.727024 0.390403 -7.593521
v -5.689569 0.032567 -7.656593
v -5.593982 0.489491 -7.853967
v -5.677316 0.327827 -8.139051
v -5.954993 0.521231 -8.159747
v -6.111169 0.191898 -8.165968
v -5.842610 -0.006296 -8.147120
v -5.706609 0.123174 -8.139505
v -6.083482 0.390431 -8.166365
v -6.008801 0.032429 -8.157957
v -5.785026 0.489669 -8.147861
v 3.882421 0.332250 -7.927356
v 3.978356 0.527320 -8.250686
v 4.056270 0.200625 -8.423454
v 3.961507 0.003050 -8.108451
v 3.904581 0.129523 -7.958067
v 4.036995 0.396592 -8.396314
v 4.021851 0.036888 -8.295185
v 3.914610 0.494962 -8.055137
v 4.036108 0.383367 -7.868152
v 4.158576 0.571874 -8.184568
v 4.363280 0.270343 -8.286231
v 4.238144 0.081644 -7.979155
v 4.115053 0.195157 -7.865625
v 4.283843 0.453431 -8.295248
v 4.337772 0.117300 -8.145967
v 4.058381 0.537443 -8.005988
v 4.197304 0.494157 -7.765740
v 4.273409 0.656384 -8.113215
v 4.587417 0.443245 -8.143613
v 4.510246 0.287350 -7.807272
v 4.341646 0.359067 -7.723301
v 4.445108 0.579108 -8.194185
v 4.605875 0.326878 -7.980460
v 4.173938 0.617938 -7.932482
v 4.371188 1.054178 -7.522381
v 4.397272 1.170951 -7.863924
v 4.758735 1.143803 -7.853754
v 4.737961 1.011613 -7.506393
v 4.546487 1.011520 -7.447021
v 4.580868 1.180401 -7.922134
v 4.820695 1.070315 -7.681203
v 4.317331 1.118444 -7.696470
v 4.496070 1.097104 -7.532536
v 4.512000 1.186067 -7.760124
v 4.758020 1.163180 -7.756083
v 4.742934 1.067166 -7.527622
v 4.616320 1.062740 -7.486183
v 4.634177 1.192637 -7.801003
v 4.797054 1.107674 -7.641111
v 4.458394 1.145982 -7.650314
v 4.503134 1.305256 -7.460672
v 4.521152 1.410062 -7.674785
v 4.760372 1.397920 -7.665851
v 4.747293 1.292008 -7.451590
v 4.622590 1.278228 -7.414663
v 4.643196 1.422883 -7.709770
v 4.800101 1.342783 -7.557403
v 4.466194 1.360756 -7.570520
v 4.511837 1.438115 -7.352008
v 4.535772 1.625669 -7.495619
v 4.773900 1.602587 -7.494993
v 4.755314 1.413854 -7.351155
v 4.629874 1.389706 -7.323528
v 4.658259 1.648574 -7.521355
v 4.810936 1.503925 -7.423372
v 4.477942 1.537283 -7.425000
v 4.524069 1.517403 -7.206993
v 4.552084 1.744821 -7.282783
v 4.791274 1.715569 -7.290579
v 4.765813 1.487600 -7.214918
v 4.640168 1.459076 -7.196257
v 4.676321 1.772499 -7.300681
v 4.824459 1.596003 -7.254383
v 4.492351 1.637363 -7.243853
v 4.538657 1.563591 -7.061872
v 4.567076 1.792466 -7.121187
v 4.801737 1.762669 -7.130656
v 4.775403 1.533717 -7.071748
v 4.651962 1.503974 -7.055237
v 4.689425 1.821148 -7.137403
v 4.834317 1.642518 -7.103038
v 4.507087 1.684381 -7.089786
v -2.848733 0.326780 -8.286553
v -5.145012 0.326644 -8.310937
v -3.271976 0.326722 -8.300669
v -2.867463 0.523167 -8.556931
v -5.166725 0.522639 -8.571704
v -3.289640 0.523047 -8.566900
v -2.883174 0.189825 -8.716162
v -5.185475 0.190552 -8.722685
v -3.305712 0.189897 -8.726661
v -5.162222 -0.005050 -8.462175
v -2.864528 -0.004915 -8.445180
v -3.286981 -0.004907 -8.456090
v -2.853348 0.124729 -8.314918
v -5.149760 0.125902 -8.336881
v -3.276449 0.125393 -8.327953
v -5.180458 0.391491 -8.696745
v -2.878696 0.393368 -8.687965
v -3.301114 0.392647 -8.699276
v -2.876552 0.029509 -8.610964
v -5.176676 0.030667 -8.622605
v -3.298659 0.029793 -8.619680
v -5.152551 0.487484 -8.410666
v -2.855316 0.487755 -8.391089
v -3.278069 0.487546 -8.403128
v -3.406842 0.328426 -7.924900
v -5.320456 0.326716 -7.911119
v -3.405998 0.523735 -7.652973
v -5.331107 0.522283 -7.647562
v -3.401396 0.191142 -7.494108
v -5.332674 0.191275 -7.494036
v -5.321765 -0.005511 -7.755148
v -3.401195 -0.003612 -7.765291
v -3.404575 0.125946 -7.896237
v -5.319313 0.124405 -7.883207
v -5.333770 0.391642 -7.521412
v -3.403316 0.393688 -7.522334
v -3.400106 0.030927 -7.599264
v -5.327590 0.031134 -7.594135
v -5.325133 0.488256 -7.810123
v -3.407386 0.489393 -7.819582
v -5.412736 0.326725 -8.295320
v -5.521160 0.327246 -8.275510
v -5.513619 0.522249 -8.546430
v -5.638320 0.522013 -8.515918
v -5.580307 0.191014 -8.687982
v -5.714046 0.191149 -8.650374
v -5.592849 -0.005627 -8.414614
v -5.475289 -0.005289 -8.440638
v -5.425473 0.125872 -8.319883
v -5.534841 0.124964 -8.298882
v -5.699121 0.390951 -8.627679
v -5.566545 0.390953 -8.664080
v -5.539404 0.031231 -8.593619
v -5.667296 0.031431 -8.560035
v -5.564467 0.488424 -8.368297
v -5.450356 0.487740 -8.391640
v -5.613490 0.328183 -8.233334
v -5.665655 0.328165 -8.174828
v -5.818833 0.521677 -8.419023
v -5.896153 0.521665 -8.328270
v -5.942138 0.191198 -8.517162
v -6.028068 0.191345 -8.412661
v -5.805024 -0.006163 -8.261945
v -5.737219 -0.006145 -8.341598
v -5.636323 0.123083 -8.251637
v -5.690820 0.122800 -8.189590
v -6.004058 0.391207 -8.398706
v -5.918880 0.391283 -8.501252
v -5.863135 0.031577 -8.449991
v -5.943215 0.031700 -8.353689
v -5.755393 0.489666 -8.235117
v -5.692026 0.489620 -8.306999
v -5.669001 0.328139 -8.073895
v -5.618080 0.327926 -7.994303
v -5.923532 0.521640 -7.963020
v -5.853126 0.521597 -7.845572
v -6.064950 0.191480 -7.894203
v -5.986053 0.191530 -7.762638
v -5.754260 -0.006195 -7.900681
v -5.819482 -0.006206 -8.004301
v -5.695753 0.122481 -8.060320
v -5.641852 0.122713 -7.976689
v -5.963003 0.391142 -7.778069
v -6.040529 0.391239 -7.908009
v -5.970709 0.031761 -7.936123
v -5.896169 0.031875 -7.813705
v -5.709286 0.489657 -7.935450
v -5.768699 0.489760 -8.031475
v 4.340160 0.856360 -7.595448
v 4.282118 0.674258 -7.671570
v 4.373538 0.980901 -7.959042
v 4.327460 0.804271 -8.033149
v 4.749638 0.911571 -7.947490
v 4.699427 0.714166 -8.020956
v 4.653476 0.585853 -7.663404
v 4.713860 0.788077 -7.588161
v 4.521513 0.798861 -7.523830
v 4.460757 0.604750 -7.599384
v 4.521818 0.783728 -8.096029
v 4.568386 0.969603 -8.022481
v 4.801542 0.837012 -7.765247
v 4.745137 0.633442 -7.839188
v 4.234210 0.757109 -7.855174
v 4.284975 0.931723 -7.779183
v 3.762240 3.005074 -7.008537
v 3.757879 2.591273 -6.905200
v 3.918047 2.935324 -6.992751
v 3.627270 2.864057 -7.018814
v 3.877956 2.643439 -6.938684
v 3.633986 2.643443 -6.918985
v -4.048860 2.064563 -7.054301
v 1.073151 2.064563 -7.054301
v -4.048862 3.624079 1.512023
v 1.073151 2.100727 -7.045869
v -4.048863 3.978462 3.521833
v -4.048863 4.489969 6.422746
v -1.487856 3.653046 6.620878
v 1.073149 4.489969 6.422746
v -4.048863 3.653047 6.620876
v 1.073149 3.653046 6.620878
v -4.048863 4.451054 6.480165
v 1.073149 4.451055 6.480167
v -1.487856 4.451055 6.480167
v -4.048863 4.482153 6.459873
v 1.073149 4.482153 6.459873
v -1.487856 4.482153 6.459873
v -4.048863 4.478412 6.357196
v -1.487856 4.489969 6.422746
v -1.487856 4.478413 6.357197
v 1.073149 4.478413 6.357197
v -1.487856 3.978462 3.521833
v 1.073150 3.978462 3.521833
v -4.048860 1.266556 -6.913592
v -4.048862 3.305609 -0.294103
v -1.487856 3.624079 1.512023
v 1.073150 3.624079 1.512024
v -1.487855 1.266556 -6.913592
v 1.073151 1.266556 -6.913592
v -4.048860 2.987140 -2.100229
v -1.487856 3.305609 -0.294103
v 1.073150 3.305609 -0.294103
v -1.487855 2.064563 -7.054301
v -4.048860 2.100728 -7.045871
v -4.048860 2.632757 -4.110040
v -1.487855 2.987140 -2.100229
v 1.073151 2.987140 -2.100229
v -4.048860 2.140870 -6.899672
v -4.048860 2.120771 -7.013657
v -1.487855 2.100727 -7.045869
v -1.487855 2.632757 -4.110040
v 1.073151 2.632757 -4.110040
v -1.487855 2.140870 -6.899672
v -1.487855 2.120771 -7.013657
v 1.073151 2.120771 -7.013657
v 1.073151 2.140870 -6.899672
v 1.685018 2.515419 -5.319455
v 1.668654 2.554589 -5.330814
v 5.473977 4.009061 3.151408
v 5.488649 4.047523 3.136025
v 1.720297 4.080890 3.558777
v 1.658228 4.137363 3.548819
v 1.702117 4.120823 3.551735
v 1.891637 4.009061 3.151408
v 1.876966 4.047523 3.136025
v 2.648675 3.877603 2.405871
v 2.619756 3.925377 2.346586
v 2.640204 3.914987 2.384383
v 3.147501 3.841724 2.202390
v 3.143116 3.878814 2.179235
v 5.680598 4.095681 3.642655
v -4.048860 2.521187 -5.616977
v 5.696962 4.134851 3.631297
v 5.808911 4.245109 4.159873
v 5.751073 4.188635 4.169830
v 5.768013 4.228566 4.162789
v 1.685017 4.281590 4.697003
v 1.629148 4.340662 4.701789
v 1.073151 2.772592 -4.191186
v 1.073150 3.778213 1.511976
v 1.668653 4.322283 4.694282
v 1.073149 4.625934 6.612929
v 5.127829 3.306698 6.842841
v 3.665999 0.837411 -6.958555
v 1.407981 0.845920 -6.991429
v 5.119414 3.283674 6.833765
v 5.614593 3.240392 6.669429
v 3.683286 3.306698 6.842841
v 1.407460 0.837411 -6.958556
v -1.484980 0.845920 -6.991429
v -1.487375 0.864476 -7.007697
v 3.678222 3.283674 6.833765
v 5.099099 3.264378 6.805457
v 1.408195 3.306698 6.842841
v -1.479199 0.837411 -6.958556
v -4.376823 0.845920 -6.991430
v -4.382946 0.864476 -7.007697
v 1.407979 3.283674 6.833765
v 3.665996 3.264378 6.805457
v -4.362037 0.837411 -6.958556
v -4.785372 0.845920 -6.991430
v 3.682808 2.005576 -2.585820
v 3.147502 1.993338 -2.655224
v 2.648676 1.957459 -2.858705
v 4.218117 1.993338 -2.655224
v 5.680599 1.553470 -5.149837
v 4.716941 1.335392 -6.386621
v 3.682808 1.287274 -6.659507
v 3.147502 1.299513 -6.590103
v 2.648676 1.335392 -6.386621
v 1.891639 1.466850 -5.641085
v 1.685018 1.553470 -5.149837
v 1.614543 1.646425 -4.622664
v 1.685018 1.739380 -4.095490
v 2.220325 1.900383 -3.182398
v -4.793355 0.864476 -7.007697
v -1.487376 3.306698 6.842841
v -1.484982 3.283674 6.833765
v 1.407458 3.264378 6.805457
v 3.682807 4.614302 6.253677
v -4.766099 0.837412 -6.958556
v -5.303125 0.870011 -6.854806
v -5.312044 0.888610 -6.870826
v 4.745862 4.564838 5.973159
v -4.376823 3.283674 6.833765
v -4.382948 3.306697 6.842840
v 1.556703 4.245109 4.159873
v -1.479200 3.264378 6.805457
v -4.715917 0.834827 -6.876411
v -5.281595 0.861398 -6.822529
v -5.682146 0.935828 -6.481543
v -5.691749 0.954545 -6.496890
v 5.736466 4.149554 3.617956
v -4.793357 3.306697 6.842840
v -4.785374 3.283674 6.833765
v 3.132531 3.888495 2.137414
v -4.362040 3.264378 6.805456
v -5.658963 0.926927 -6.450893
v -5.820879 1.025735 -5.971655
v 1.841548 4.060511 3.112970
v -5.830730 1.044615 -5.986080
v -5.303127 3.259584 6.697140
v 5.524066 4.060511 3.112971
v -5.312046 3.282564 6.705968
v -4.766101 3.264378 6.805456
v -5.598598 0.923320 -6.374537
v -5.797089 1.016442 -5.943230
v -5.820879 1.132723 -5.364893
v -5.830730 1.151796 -5.378222
v 5.736467 2.569291 -5.344156
v -5.682148 3.193767 6.323876
v -5.691751 3.216629 6.332032
v 4.233087 3.021461 -2.779780
v -5.281596 3.240392 6.669428
v -5.797089 1.122964 -5.339113
v -5.830730 1.403202 -3.952432
v -5.820879 1.383740 -3.941307
v 2.619754 4.564839 5.973159
v -5.820879 3.139776 6.017674
v -5.830733 3.162475 6.024907
v -5.658963 3.174863 6.297792
v -5.735149 1.117122 -5.275437
v -5.797089 1.373041 -3.920846
v -5.830731 1.762352 -1.915588
v -5.820879 1.742242 -1.908136
v 1.743898 4.388767 4.974609
v 5.621717 4.388768 4.974610
v -5.820879 2.996937 5.207593
v -5.830733 3.019378 5.213364
v -5.797091 3.121263 5.993814
v -5.797090 1.729982 -1.896543
v -5.820879 2.064831 -0.078650
v -5.830731 2.085588 -0.082429
v -5.830733 2.767972 3.787573
v -5.820879 2.745920 3.784007
v 1.841549 2.480250 -5.849139
v -5.797091 2.979047 5.187267
v -5.735149 3.092630 5.928235
v 5.707387 4.137363 3.548820
v -5.797090 2.051005 -0.075923
v 5.186190 3.984048 2.679330
v -5.820879 2.387418 1.750837
v -5.830731 2.408823 1.750730
v 4.233083 3.888495 2.137414
v -5.797091 2.728970 3.769000
v -5.735149 2.034579 -0.072275
v -5.797090 2.372030 1.744696
v 1.743900 2.521188 -5.616976
v 6.065434 1.364757 -3.871022
v 6.065434 1.011814 -5.872662
v 5.524069 2.480250 -5.849140
v 5.046204 0.834827 -6.876409
v 4.233083 2.308232 -6.824698
v -1.464146 0.834827 -6.876409
v 1.406101 3.233702 6.728299
v 1.841549 2.849442 -3.755337
v -1.464147 3.233702 6.728299
v -5.225534 3.209991 6.593820
v 3.132532 3.021461 -2.779780
v 6.026225 1.026155 -6.509514
v -4.215664 0.942240 -7.021410
v -4.382946 0.936086 -7.020325
v 5.127831 0.936086 -7.020324
v 6.165206 2.157198 -0.095054
v -5.312044 0.960220 -6.883453
v 1.240912 3.384462 6.829129
v -5.830733 3.090988 5.200737
v 5.186192 2.925906 -3.321697
v -5.830731 2.157198 -0.095056
v -4.793355 0.936086 -7.020325
v -5.830733 2.839584 3.774947
v -5.830730 1.223407 -5.390849
v 3.683286 3.378309 6.830215
v 3.683289 0.936086 -7.020324
v 5.127829 3.378309 6.830215
v -1.487376 3.384462 6.829129
v 5.646519 0.960220 -6.883452
v 1.408197 0.936086 -7.020325
v -5.830730 1.116225 -5.998707
v 1.408195 3.378309 6.830213
v 6.165205 2.839584 3.774947
v -5.691749 1.026155 -6.509517
v -1.487375 0.942240 -7.021409
v 6.165206 1.474812 -3.965058
v 6.026223 3.288239 6.319406
v 6.165206 1.833963 -1.928214
v 1.614542 4.188635 4.169829
v 1.597602 4.228566 4.162789
v 4.716941 4.499670 5.933788
v 4.725412 4.542150 5.941195
v 4.233084 4.601723 6.182332
v 4.218115 4.535548 6.137269
v 4.222500 4.578321 6.146344
v 3.682807 4.547787 6.206673
v 3.682807 4.590660 6.216316
v 3.132533 4.601723 6.182332
v 3.147501 4.535548 6.137269
v 3.143116 4.578321 6.146344
v 1.841547 4.429705 5.206774
v 1.891637 4.368212 5.188252
v 3.682807 3.585838 6.376293
v 2.648674 3.537721 6.103407
v 4.218115 3.573599 6.306888
v 4.716941 3.537721 6.103406
v 5.680598 3.319642 4.866622
v 5.751073 3.226686 4.339448
v 5.680597 3.133731 3.812273
v 5.473977 3.047112 3.321026
v 4.716940 2.915653 2.575489
v 3.682807 2.867536 2.302604
v 3.147501 2.879775 2.372008
v 2.220323 2.972730 2.899182
v 1.891637 3.047111 3.321025
v 1.685017 3.133731 3.812274
v 1.685017 3.319643 4.866622
v 1.891637 3.406263 5.357869
v 4.716942 1.957459 -2.858706
v 5.145294 1.900383 -3.182398
v 5.473980 1.826000 -3.604244
v 5.680599 1.739380 -4.095490
v 5.751074 1.646425 -4.622664
v 5.473978 1.466850 -5.641085
v 5.145292 1.392468 -6.062930
v 4.218115 1.299513 -6.590103
v 2.220325 1.392468 -6.062929
v 1.891639 1.826001 -3.604241
v 3.147500 3.573599 6.306888
v 5.145292 3.480643 5.779714
v 5.473978 3.406263 5.357869
v 5.145290 2.972729 2.899181
v 4.218113 2.879775 2.372008
v 2.648675 2.915654 2.575489
v 1.614542 3.226686 4.339448
v 2.220323 3.480643 5.779714
v 5.524069 2.849443 -3.755338
v 5.473980 2.787949 -3.773861
v 5.488650 2.829351 -3.772560
v 5.145294 2.862332 -3.352016
v 5.157272 2.904343 -3.347260
v 4.716942 2.919408 -3.028324
v 4.745861 2.984579 -2.988952
v 4.725412 2.961887 -3.020917
v 5.559649 2.464714 -5.607018
v 5.621717 2.521188 -5.616976
v 5.577829 2.504646 -5.614059
v 5.808912 2.664846 -4.802240
v 5.751074 2.608374 -4.792283
v 5.768015 2.648306 -4.799323
v 5.736467 2.760401 -4.260323
v 5.680599 2.701329 -4.265108
v 5.696962 2.742023 -4.267831
v 3.147502 2.955286 -2.824841
v 3.143118 2.998061 -2.815768
v 2.648676 2.919408 -3.028323
v 2.619757 2.984579 -2.988952
v 2.640205 2.961887 -3.020916
v 2.220325 2.862332 -3.352015
v 2.179426 2.925906 -3.321697
v 2.208345 2.904343 -3.347260
v 1.891639 2.787950 -3.773860
v 1.876967 2.829352 -3.772559
v 1.720298 2.716119 -4.181229
v 1.658229 2.772593 -4.191186
v 1.702118 2.756052 -4.188270
v 3.682809 2.295653 -6.896044
v 3.682809 2.249225 -6.829126
v 3.682809 2.286214 -6.852850
v 4.218115 2.261461 -6.759721
v 4.222498 2.298552 -6.782877
v 4.745861 2.345115 -6.615526
v 4.716941 2.297341 -6.556240
v 4.725411 2.334726 -6.577728
v 5.473978 2.428799 -5.810703
v 5.488650 2.467260 -5.826087
v 1.805968 2.464714 -5.607018
v 1.787788 2.504646 -5.614059
v 1.556705 2.664846 -4.802239
v 1.614543 2.608374 -4.792282
v 1.597603 2.648306 -4.799323
v 3.682808 3.875915 2.066069
v 3.682808 3.829486 2.132987
v 3.682808 3.866476 2.109262
v 4.218113 3.841724 2.202390
v 4.222498 3.878814 2.179235
v 4.716940 3.877602 2.405871
v 4.745859 3.925377 2.346585
v 4.725410 3.914986 2.384382
v 5.145290 3.934677 2.729564
v 5.157270 3.972531 2.710726
v 5.645319 4.080891 3.558779
v 5.663498 4.120822 3.551737
v 1.891639 2.428799 -5.810702
v 1.876967 2.467261 -5.826085
v 2.220325 2.354417 -6.232547
v 2.179427 2.403788 -6.282782
v 2.208345 2.392269 -6.251386
v 2.648676 2.297341 -6.556239
v 2.619755 2.345115 -6.615524
v 2.640205 2.334726 -6.577728
v 3.132532 2.308233 -6.824697
v 3.147502 2.261462 -6.759720
v 3.143117 2.298552 -6.782877
v 2.179424 3.984048 2.679330
v 2.220323 3.934677 2.729564
v 2.208344 3.972531 2.710726
v 5.736465 4.340660 4.701790
v 5.680598 4.281590 4.697003
v 5.696962 4.322284 4.694280
v 5.559649 4.332296 4.984567
v 5.577827 4.372229 4.977526
v 1.805966 4.332296 4.984567
v 1.787787 4.372229 4.977526
v 1.629148 4.149554 3.617956
v 1.685017 4.095681 3.642656
v 1.668653 4.134851 3.631298
v 5.473978 4.368212 5.188251
v 5.524069 4.429705 5.206773
v 5.488649 4.409614 5.189552
v 5.186191 4.506167 5.640417
v 5.145292 4.442593 5.610096
v 5.157271 4.484605 5.614851
v 2.648674 4.499670 5.933789
v 2.640203 4.542150 5.941196
v 2.179424 4.506167 5.640416
v 2.220323 4.442593 5.610096
v 2.208344 4.484605 5.614851
v 5.645319 2.716120 -4.181228
v 5.707388 2.772593 -4.191186
v 5.663499 2.756052 -4.188269
v 4.218117 2.955286 -2.824842
v 4.222501 2.998061 -2.815768
v 3.682808 3.034042 -2.708436
v 3.682808 2.967525 -2.755438
v 3.682808 3.010399 -2.745796
v 5.680599 2.515419 -5.319456
v 5.696962 2.554589 -5.330814
v 5.186190 2.403788 -6.282783
v 5.145292 2.354416 -6.232548
v 5.157271 2.392268 -6.251387
v 1.629149 2.760402 -4.260323
v 1.685018 2.701329 -4.265108
v 1.668654 2.742023 -4.267831
v 1.629149 2.569291 -5.344156
v 1.073151 2.242710 -7.196299
v 1.073151 2.221767 -7.229174
v 1.073151 2.183712 -7.237609
v 1.073149 4.667247 6.553931
v 1.073149 4.658809 6.591986
v 1.073149 4.227006 4.931406
v -4.048860 3.131743 -2.154344
v 1.073151 2.120771 -7.013657
v 1.073151 2.632757 -4.110040
v -4.048860 2.120771 -7.013657
v 1.073151 2.987140 -2.100229
v -4.048860 2.632757 -4.110040
v -4.048860 2.100728 -7.045871
v 1.073151 3.305609 -0.294103
v -4.048860 2.987140 -2.100229
v -1.487855 1.266556 -6.913592
v 1.073150 3.624079 1.512024
v -4.048862 3.305609 -0.294103
v 1.073150 3.978462 3.521833
v 1.073149 4.482153 6.459873
v -4.048862 4.482153 6.459873
v 1.073149 4.451055 6.480167
v -4.048862 4.451054 6.480165
v 1.073149 4.388767 4.974609
v -4.048862 4.625934 6.612928
v 1.073149 4.489969 6.422746
v -4.048860 2.183712 -7.237609
v 0.673339 1.237646 -7.070790
v 1.019587 1.434521 -7.105505
v -1.487856 3.679870 6.779747
v -4.048862 4.073618 6.710316
v -1.487856 3.653046 6.620878
v 1.073151 3.131743 -2.154343
v -4.048862 4.658808 6.591985
v -4.048862 4.667247 6.553930
v -4.048862 4.489969 6.422746
v 1.073151 2.384211 -5.519609
v -4.048862 4.227007 4.931405
v -4.048862 3.978462 3.521833
v 1.073151 2.100727 -7.045869
v -4.048862 3.778213 1.511975
v -4.048862 3.624079 1.512023
v 1.073151 2.064563 -7.054301
v -1.487855 1.237647 -7.070790
v -4.048860 2.772592 -4.191187
v -4.048860 2.384212 -5.519611
v -4.048860 2.064563 -7.054301
v 1.073151 1.631395 -7.140219
v 0.873243 3.732621 6.770444
v 0.673337 3.653046 6.620878
v 1.073149 4.046795 6.551449
v 0.873243 3.705799 6.611575
v 1.019585 3.849920 6.586164
v -4.048862 4.046795 6.551447
v -3.649051 3.653047 6.620876
v -3.995298 3.849921 6.586161
v -3.848957 3.705799 6.611574
v 1.073151 1.660304 -6.983020
v 0.673339 1.266556 -6.913592
v 1.019587 1.463429 -6.948306
v 0.873245 1.319308 -6.922894
v -3.649048 1.266556 -6.913592
v -4.048860 1.660304 -6.983020
v -3.848953 1.319308 -6.922894
v -3.995296 1.463430 -6.948307
v -5.816297 3.763523 1.514565
v -5.831211 3.728057 1.520818
v -5.831213 4.087208 3.557661
v -5.816297 4.122673 3.551409
v -5.816297 3.440288 -0.318594
v -5.780284 3.778214 1.511975
v -5.816297 4.516834 5.786808
v -5.816297 4.374079 4.977198
v -5.780286 4.137363 3.548818
v -4.383426 3.778213 1.511975
v -5.816297 3.117052 -2.151753
v -5.780284 3.454978 -0.321185
v -5.831210 3.081589 -2.145500
v -4.383426 4.137363 3.548818
v -4.048863 4.137363 3.548818
v -5.678857 4.569990 6.088261
v -5.286162 4.644025 6.422247
v -5.646571 4.581442 6.067313
v -5.780286 4.530700 5.779549
v -5.780286 4.388768 4.974607
v -4.383426 3.454978 -0.321184
v -4.048862 3.454978 -0.321184
v -5.816297 2.757902 -4.188598
v -5.780283 3.131743 -2.154344
v -4.383426 4.388767 4.974608
v -4.048863 4.388767 4.974608
v -5.692231 4.535866 6.102119
v -5.304803 4.634943 6.456634
v -4.787132 4.667247 6.553930
v -4.383426 3.131743 -2.154344
v -5.816297 2.506496 -5.614388
v -5.780283 2.772593 -4.191187
v -5.816295 2.399656 -6.220314
v -4.383428 4.667247 6.553930
v -5.312526 4.601800 6.476057
v -4.791873 4.658808 6.591985
v -4.383426 2.772593 -4.191187
v -5.780283 2.521187 -5.616977
v -5.780283 2.415170 -6.218233
v -5.646569 2.328514 -6.709683
v -5.286160 2.265930 -7.064615
v -5.678855 2.310587 -6.725450
v -4.383428 4.658808 6.591985
v -4.793838 4.625934 6.612928
v -4.383426 2.521187 -5.616977
v -4.787130 2.242710 -7.196299
v -5.304801 2.245633 -7.093822
v -5.692228 2.273781 -6.726801
v -4.383428 4.625934 6.612928
v -4.383425 2.242710 -7.196299
v -4.048860 2.242710 -7.196299
v -4.791872 2.221768 -7.229172
v -5.312523 2.207847 -7.100739
v -4.383425 2.221767 -7.229174
v -4.048860 2.221767 -7.229174
v -4.793835 2.183712 -7.237609
v 1.876966 4.409614 5.189553
v 1.073150 4.137363 3.548819
v 1.407716 4.658809 6.591986
v 5.125386 4.658809 6.591986
v 3.682807 4.658809 6.591986
v 1.407716 4.667247 6.553931
v 5.127349 4.625934 6.612929
v 5.638316 4.634943 6.456635
v 5.980083 4.581441 6.067316
v 5.619675 4.644026 6.422248
v 5.120644 4.667247 6.553931
v 3.682807 4.667247 6.553931
v 1.407716 4.388767 4.974609
v 5.586494 1.027740 -2.209645
v 5.586494 0.588103 -4.702954
v 5.586494 1.423413 0.034332
v 1.767414 0.280356 -6.448268
v 5.586494 1.819087 2.278308
v -1.777066 0.280356 -6.448269
v 5.586493 2.258725 4.771616
v -5.321547 1.027740 -2.209647
v -5.321547 0.588103 -4.702955
v -5.321547 1.423413 0.034330
v 1.767412 2.566471 6.516932
v -5.321547 1.819087 2.278306
v -1.777068 2.566471 6.516932
v -5.321547 2.258725 4.771615
v 5.420036 -0.000001 -4.689518
v -1.722219 -0.000000 -6.397288
v -5.160172 -0.000001 -2.249850
v -5.160173 -0.000001 -0.054147
v 1.715733 -0.000000 6.288996
v -1.722222 -0.000000 6.288996
v 0.357899 3.127185 -1.195274
v 0.283224 3.582103 -1.219217
v 0.357899 3.254899 -0.470977
v 0.283224 3.690570 -0.604069
v -0.610733 3.127185 -1.195274
v -0.536057 3.582103 -1.219217
v -0.610733 3.254899 -0.470977
v -0.536057 3.690570 -0.604069
v -0.883060 3.127185 -1.195274
v -0.957735 3.582103 -1.219217
v -0.883060 3.254899 -0.470977
v -0.957735 3.690570 -0.604069
v -1.851692 3.127185 -1.195274
v -1.777016 3.582103 -1.219217
v -1.851692 3.254899 -0.470977
v -1.777016 3.690570 -0.604070
v -2.124019 3.127185 -1.195274
v -2.198694 3.582103 -1.219217
v -2.124019 3.254899 -0.470977
v -2.198694 3.690570 -0.604070
v -3.092650 3.127185 -1.195274
v -3.017975 3.582103 -1.219217
v -3.092650 3.254899 -0.470977
v -3.017975 3.690570 -0.604070
v 0.357899 2.983523 -2.010011
v 0.283225 3.438443 -2.033954
v 0.357899 3.111236 -1.285714
v 0.283224 3.546912 -1.418807
v -0.610733 2.983523 -2.010011
v -0.536057 3.438443 -2.033954
v -0.610733 3.111236 -1.285714
v -0.536057 3.546912 -1.418807
v -0.883060 2.983523 -2.010011
v -0.957735 3.438443 -2.033954
v -0.883060 3.111236 -1.285714
v -0.957735 3.546912 -1.418807
v -1.851691 2.983523 -2.010011
v -1.777016 3.438443 -2.033954
v -1.851692 3.111236 -1.285715
v -1.777016 3.546912 -1.418807
v -2.124019 2.983523 -2.010011
v -2.198694 3.438443 -2.033954
v -2.124019 3.111236 -1.285715
v -2.198694 3.546912 -1.418807
v -3.092650 2.983523 -2.010011
v -3.017975 3.438441 -2.033954
v -3.092650 3.111236 -1.285715
v -3.017975 3.546912 -1.418807
v 0.357899 2.839864 -2.824748
v 0.283224 3.294784 -2.848692
v 0.357899 2.967576 -2.100451
v 0.283224 3.403251 -2.233545
v -0.610733 2.839864 -2.824748
v -0.536057 3.294784 -2.848692
v -0.610733 2.967576 -2.100452
v -0.536057 3.403251 -2.233545
v -0.883060 2.839864 -2.824748
v -0.957735 3.294784 -2.848692
v -0.883060 2.967576 -2.100452
v -0.957735 3.403251 -2.233545
v -1.851691 2.839864 -2.824749
v -1.777016 3.294784 -2.848692
v -1.851691 2.967576 -2.100452
v -1.777016 3.403251 -2.233545
v -2.124019 2.839864 -2.824749
v -2.198692 3.294784 -2.848691
v -2.124019 2.967576 -2.100451
v -2.198694 3.403251 -2.233545
v -3.092650 2.839864 -2.824749
v -3.017973 3.294784 -2.848692
v -3.092650 2.967576 -2.100452
v -3.017975 3.403251 -2.233545
v 0.357899 2.696204 -3.639486
v 0.283224 3.151124 -3.663429
v 0.357899 2.823916 -2.915189
v 0.283224 3.259589 -3.048282
v -0.610733 2.696204 -3.639487
v -0.536057 3.151124 -3.663429
v -0.610733 2.823916 -2.915189
v -0.536057 3.259589 -3.048282
v -0.883060 2.696204 -3.639487
v -0.957735 3.151124 -3.663429
v -0.883060 2.823916 -2.915189
v -0.957735 3.259589 -3.048282
v -1.851691 2.696204 -3.639487
v -1.777016 3.151124 -3.663429
v -1.851691 2.823916 -2.915189
v -1.777016 3.259589 -3.048282
v -2.124019 2.696204 -3.639487
v -2.198692 3.151124 -3.663429
v -2.124019 2.823916 -2.915189
v -2.198692 3.259589 -3.048282
v -3.092650 2.696204 -3.639487
v -3.017973 3.151124 -3.663429
v -3.092650 2.823916 -2.915190
v -3.017974 3.259589 -3.048282
v 0.357901 2.265224 -6.083699
v 0.283225 2.720143 -6.107641
v 0.357900 2.392936 -5.359400
v 0.283224 2.828609 -5.492493
v -0.610732 2.265224 -6.083699
v -0.536056 2.720143 -6.107641
v -0.610732 2.392936 -5.359401
v -0.536057 2.828609 -5.492494
v -0.676232 2.265224 -6.083699
v -0.750908 2.720143 -6.107641
v -0.676233 2.392936 -5.359401
v -0.750908 2.828609 -5.492493
v -1.644864 2.265224 -6.083699
v -1.570188 2.720143 -6.107641
v -1.644864 2.392936 -5.359401
v -1.570189 2.828609 -5.492494
v -1.710366 2.265224 -6.083699
v -1.785040 2.720143 -6.107641
v -1.710366 2.392936 -5.359401
v -1.785041 2.828609 -5.492493
v -2.678997 2.265224 -6.083699
v -2.604322 2.720143 -6.107641
v -2.678998 2.392936 -5.359402
v -2.604322 2.828609 -5.492494
v -2.744499 2.265222 -6.083698
v -2.819172 2.720143 -6.107641
v -2.744499 2.392936 -5.359401
v -2.819172 2.828609 -5.492494
v -3.713131 2.265224 -6.083699
v -3.638453 2.720143 -6.107641
v -3.713131 2.392936 -5.359402
v -3.638453 2.828610 -5.492494
v 0.357899 3.450419 0.637886
v 0.283223 3.905339 0.613943
v 0.357899 3.578132 1.362182
v 0.283223 4.013804 1.229089
v -0.610733 3.450419 0.637886
v -0.536057 3.905339 0.613943
v -0.610733 3.578132 1.362182
v -0.536057 4.013804 1.229089
v -0.883060 3.450419 0.637886
v -0.957735 3.905339 0.613942
v -0.883060 3.578132 1.362182
v -0.957735 4.013804 1.229089
v -1.851693 3.450419 0.637886
v -1.777016 3.905339 0.613942
v -1.851693 3.578132 1.362182
v -1.777016 4.013804 1.229089
v -2.124019 3.450419 0.637886
v -2.198694 3.905339 0.613942
v -2.124019 3.578132 1.362182
v -2.198694 4.013804 1.229089
v -3.092650 3.450419 0.637885
v -3.017975 3.905339 0.613942
v -3.092650 3.578132 1.362182
v -3.017975 4.013804 1.229089
v -3.622900 4.372954 3.265932
v -3.697574 3.937282 3.399025
v -3.622900 4.228576 2.447101
v -3.697574 3.773654 2.471044
v -2.578009 4.372954 3.265932
v -2.503334 3.937284 3.399026
v -2.578009 4.228576 2.447101
v -2.503333 3.773654 2.471045
v 5.586495 0.394189 -5.802688
v 4.897014 0.280356 -6.448268
v 5.494122 0.337273 -6.125477
v 5.241754 0.295607 -6.361775
v -4.633723 0.280356 -6.448269
v -5.321547 0.394190 -5.802686
v -4.977635 0.295607 -6.361776
v -5.229396 0.337273 -6.125476
v 4.930483 2.566471 6.516932
v 5.586493 2.449562 5.853911
v 5.258488 2.550808 6.428102
v 5.498605 2.508016 6.185421
v -5.321547 2.449562 5.853906
v -4.665596 2.566471 6.516930
v -5.233666 2.508016 6.185417
v -4.993571 2.550808 6.428101
v 4.730555 -0.000000 -6.397286
v 5.420036 -0.000001 -5.727500
v -5.160175 -0.000000 5.632961
v -4.832200 -0.000000 6.201101
v -5.072295 -0.000000 5.960978
v 5.420035 -0.000000 -2.249848
v 5.420035 -0.000001 -0.054146
v 1.715734 -0.000160 -2.249849
v 1.715734 -0.000001 -4.689519
v 1.715735 -0.000000 -6.397286
v 5.420035 -0.000000 2.141557
v 1.715734 -0.000001 -0.054146
v -1.722221 -0.000001 -2.249850
v -1.722221 -0.000001 -4.689519
v 5.420034 -0.000000 4.581227
v 1.715734 -0.000001 2.141557
v -1.722221 -0.000001 -0.054147
v -5.160172 -0.000001 -4.689519
v 1.715733 -0.000000 4.581226
v -1.722221 -0.000001 2.141556
v -1.722221 -0.000000 4.581226
v -5.160175 -0.000001 2.141556
v -5.160175 -0.000001 4.581224
v 5.075295 -0.000000 -6.307552
v 5.327663 -0.000000 -6.062394
v -5.160172 -0.000000 -5.727428
v -4.472350 -0.000000 -6.397288
v -5.068023 -0.000000 -6.062358
v -4.816261 -0.000000 -6.307544
v 5.420034 -0.000000 5.632964
v 4.764025 -0.000000 6.288996
v 5.332146 -0.000000 5.960979
v 5.092030 -0.000000 6.201104
v -4.504222 -0.000000 6.288994
v 3.682809 4.875416 -5.106518
v 3.050640 3.719217 -6.660570
v 3.471604 3.699426 -6.771618
v 3.682809 5.304507 -3.341291
v 3.146408 5.302972 -3.347399
v 3.146408 5.622899 -2.034119
v 2.270263 4.054981 -3.984427
v 2.467089 4.364970 -3.063102
v 2.465943 4.714942 -1.820028
v 2.770615 5.279200 -3.340909
v 2.653761 5.242188 -3.320701
v 2.708721 5.266608 -3.334512
v 2.653115 5.562469 -2.023624
v 2.770620 5.599169 -2.032528
v 2.708533 5.586673 -2.029803
v 2.063495 4.052410 -4.968439
v 4.314978 3.719217 -6.660570
v 2.376620 3.810352 -6.149185
v 2.684866 3.756271 -6.452652
v 3.471708 3.817743 -3.037906
v 3.893909 3.817743 -3.037906
v 2.590007 3.929912 -3.332906
v 2.964889 3.793915 -3.171602
v 2.307319 4.479055 -4.603624
v 2.250360 4.353646 -5.012833
v 2.276812 4.279054 -5.431389
v 1.828468 3.632466 -5.235116
v 1.876630 3.765834 -4.841792
v 2.359668 4.224800 -5.735816
v 2.570759 4.160639 -6.095849
v 2.182482 3.474721 -6.120271
v 1.971391 3.538883 -5.760238
v 2.796952 4.120954 -6.318534
v 3.162726 4.083899 -6.526453
v 2.938554 3.369190 -6.712435
v 2.572781 3.406244 -6.504516
v 3.471604 4.069379 -6.607933
v 3.894015 3.344131 -6.853049
v 3.471604 3.344131 -6.853049
v 3.896686 4.003718 -2.791763
v 3.468931 4.003718 -2.791763
v 3.137164 4.003150 -2.793280
v 2.758248 4.133203 -2.891070
v 3.896686 4.346464 -1.681115
v 3.468931 4.346464 -1.681115
v 3.137185 4.346218 -1.681696
v 2.759057 4.477914 -1.731384
v 2.031718 3.914438 -4.376560
v 2.570407 4.896160 -4.763202
v 2.594491 5.005135 -4.322517
v 2.688784 4.931842 -4.776775
v 2.710298 5.043315 -4.336587
v 2.052640 3.953704 -5.344787
v 2.648068 5.028159 -4.344871
v 2.625710 4.917505 -4.785383
v 2.734758 4.784294 -5.404550
v 2.684889 4.902136 -4.891422
v 2.165529 3.874512 -5.789153
v 2.610458 4.752095 -5.399395
v 2.564654 4.866023 -4.885127
v 2.621714 4.890872 -4.889419
v 2.670242 4.774135 -5.402856
v 2.967917 4.687419 -5.832741
v 2.754726 4.767257 -5.476009
v 3.894015 3.699427 -6.771617
v 2.860217 4.642342 -5.898561
v 2.648810 4.719703 -5.540156
v 2.912036 4.670260 -5.865312
v 2.699408 4.749328 -5.508054
v 3.391637 4.634485 -6.092613
v 3.024521 4.676281 -5.887421
v 3.331168 4.581927 -6.206702
v 2.964603 4.622385 -6.000273
v 2.992935 4.654482 -5.943672
v 3.359880 4.613099 -6.149250
v 3.894222 4.630280 -6.113259
v 3.471397 4.630280 -6.113259
v 3.894192 4.574781 -6.243267
v 3.471427 4.574781 -6.243267
v 3.471402 4.607281 -6.178182
v 3.894217 4.607281 -6.178180
v 3.007235 3.110994 -3.257017
v 2.593028 3.068824 -3.493639
v 1.913381 2.859492 -4.668267
v 1.913162 2.785375 -5.084155
v 2.044738 2.699222 -5.567585
v 2.255829 2.635060 -5.927619
v 3.471605 2.511899 -6.618707
v 3.894015 2.511900 -6.618707
v 3.893909 3.132829 -3.134492
v 3.471708 3.132829 -3.134491
v 2.249526 3.008558 -3.831813
v 2.045080 2.945726 -4.184382
v 2.615128 2.572022 -6.281344
v 2.980901 2.534968 -6.489264
v 1.898183 2.732717 -5.659501
v 2.109274 2.668555 -6.019534
v 2.128592 2.664554 -6.007493
v 1.917501 2.728717 -5.647459
v 3.471604 2.530550 -6.793925
v 3.894015 2.530550 -6.793923
v 3.894015 2.528506 -6.770903
v 3.471605 2.528506 -6.770903
v 2.907440 2.555028 -6.622079
v 2.541667 2.592081 -6.414160
v 2.530514 2.594650 -6.434240
v 2.896288 2.557596 -6.642159
v 1.744154 2.907832 -4.676882
v 1.743935 2.833717 -5.092769
v 1.766241 2.827759 -5.091707
v 1.766460 2.901875 -4.675819
v 1.917843 3.000998 -4.119616
v 2.122289 3.063830 -3.767045
v 2.102971 3.071744 -3.757126
v 1.898525 3.008912 -4.109696
v 2.519567 3.133531 -3.375929
v 2.933775 3.175699 -3.139306
v 2.922622 3.185046 -3.121350
v 2.508414 3.142877 -3.357972
v 3.471708 3.200988 -2.997403
v 3.893909 3.200988 -2.997403
v 3.893909 3.210860 -2.976504
v 3.471708 3.210860 -2.976504
v 4.842111 2.845024 -6.491187
v 4.476337 2.807969 -6.699106
v 4.843769 2.634384 -6.456566
v 4.477995 2.597330 -6.664485
v 4.462475 3.036952 -6.715524
v 4.828249 3.074005 -6.507605
v 5.268479 2.919830 -6.071430
v 5.479570 2.983991 -5.711398
v 5.482442 2.773565 -5.675582
v 5.271352 2.709402 -6.035615
v 3.471708 3.256268 -2.966995
v 3.893909 3.256268 -2.966995
v 3.893909 3.686413 -3.075327
v 3.471708 3.686413 -3.075327
v 3.471709 3.466023 -3.007787
v 3.893909 3.466023 -3.007787
v 2.929550 3.660926 -3.218345
v 2.521232 3.615588 -3.460143
v 2.499750 3.187879 -3.350746
v 2.913957 3.230047 -3.114125
v 2.503101 3.396795 -3.392613
v 2.915637 3.439882 -3.154475
v 2.147404 3.591979 -3.879873
v 1.944039 3.545872 -4.240532
v 1.883518 3.052799 -4.108716
v 2.087963 3.115631 -3.756146
v 1.892407 3.259781 -4.152886
v 2.097309 3.322791 -3.799442
v 1.764360 3.383004 -4.763472
v 1.757646 3.310987 -5.177825
v 1.726606 2.876084 -5.100320
v 1.726825 2.950200 -4.684433
v 1.732009 3.159738 -4.722295
v 1.729922 3.086219 -5.137768
v 1.910058 3.211192 -5.737808
v 2.121149 3.147031 -6.097841
v 2.094266 2.709402 -6.035615
v 1.883175 2.773565 -5.675582
v 1.886048 2.983991 -5.711398
v 2.097139 2.919830 -6.071430
v 2.537370 3.074005 -6.507605
v 2.903143 3.036952 -6.715524
v 2.887623 2.597330 -6.664485
v 2.521849 2.634384 -6.456566
v 2.889282 2.807969 -6.699106
v 2.523508 2.845024 -6.491187
v 3.471604 3.010226 -6.865482
v 3.894015 3.010226 -6.865479
v 3.894015 2.569876 -6.818535
v 3.471604 2.569876 -6.818535
v 3.894015 2.780594 -6.852717
v 3.471604 2.780594 -6.852718
v 5.244470 3.147031 -6.097841
v 5.455560 3.211192 -5.737808
v 5.635695 3.086219 -5.137768
v 5.633609 3.159738 -4.722293
v 5.638793 2.950200 -4.684431
v 5.639012 2.876084 -5.100319
v 5.607971 3.310987 -5.177825
v 5.601257 3.383004 -4.763471
v 5.268308 3.322791 -3.799441
v 5.473211 3.259781 -4.152885
v 5.277654 3.115631 -3.756145
v 5.482100 3.052799 -4.108715
v 5.421578 3.545872 -4.240531
v 5.218214 3.591979 -3.879873
v 4.449980 3.439882 -3.154475
v 4.862516 3.396795 -3.392612
v 4.451660 3.230047 -3.114125
v 4.865867 3.187879 -3.350746
v 4.844385 3.615588 -3.460143
v 4.436068 3.660926 -3.218345
v 4.857203 3.142877 -3.357972
v 4.442995 3.185046 -3.121350
v 4.431842 3.175699 -3.139306
v 4.846050 3.133531 -3.375928
v 5.467092 3.008912 -4.109696
v 5.262646 3.071744 -3.757126
v 5.243329 3.063830 -3.767045
v 5.447774 3.000998 -4.119614
v 5.599157 2.901875 -4.675819
v 5.599376 2.827759 -5.091707
v 5.621683 2.833717 -5.092769
v 5.621463 2.907832 -4.676881
v 4.469331 2.557596 -6.642159
v 4.835104 2.594650 -6.434240
v 4.823951 2.592081 -6.414160
v 4.458178 2.555028 -6.622079
v 5.448117 2.728717 -5.647459
v 5.237026 2.664554 -6.007493
v 5.256344 2.668555 -6.019534
v 5.467435 2.732717 -5.659501
v 4.384717 2.534968 -6.489264
v 4.750491 2.572022 -6.281344
v 3.682809 5.623688 -2.031783
v 5.320538 2.945726 -4.184381
v 5.116091 3.008558 -3.831811
v 5.109789 2.635060 -5.927619
v 5.320880 2.699222 -5.567585
v 5.452456 2.785375 -5.084154
v 5.452237 2.859492 -4.668267
v 4.772590 3.068824 -3.493639
v 4.358382 3.110994 -3.257017
v 4.005738 4.613099 -6.149250
v 4.372683 4.654482 -5.943672
v 4.401015 4.622385 -6.000273
v 4.034450 4.581927 -6.206702
v 4.341097 4.676281 -5.887421
v 3.973982 4.634485 -6.092613
v 4.666210 4.749328 -5.508054
v 4.453582 4.670260 -5.865312
v 4.716807 4.719703 -5.540156
v 4.505401 4.642342 -5.898561
v 4.610892 4.767257 -5.476009
v 4.397701 4.687419 -5.832741
v 4.695376 4.774135 -5.402856
v 4.743904 4.890872 -4.889418
v 4.800964 4.866023 -4.885127
v 4.755160 4.752095 -5.399395
v 5.200089 3.874512 -5.789153
v 4.680728 4.902136 -4.891422
v 4.630860 4.784294 -5.404550
v 4.739908 4.917505 -4.785383
v 4.717550 5.028159 -4.344871
v 5.312978 3.953704 -5.344787
v 4.655319 5.043315 -4.336587
v 4.676834 4.931842 -4.776775
v 4.771127 5.005135 -4.322516
v 4.795210 4.896160 -4.763200
v 5.333899 3.914438 -4.376558
v 4.606560 4.477914 -1.731384
v 4.228432 4.346218 -1.681696
v 4.607369 4.133203 -2.891070
v 4.228453 4.003150 -2.793280
v 2.512474 4.917666 -3.324400
v 2.439865 4.667163 -3.197714
v 2.437931 5.021502 -1.893589
v 2.512236 5.270080 -1.956059
v 2.338854 4.338216 -4.173110
v 2.439757 4.590288 -4.311645
v 3.894014 4.069379 -6.607933
v 4.792838 3.406244 -6.504516
v 4.427064 3.369190 -6.712435
v 4.202892 4.083899 -6.526453
v 4.568666 4.120954 -6.318534
v 5.394227 3.538883 -5.760238
v 5.183136 3.474721 -6.120271
v 4.794859 4.160639 -6.095849
v 5.005949 4.224800 -5.735816
v 2.389359 4.505857 -3.701137
v 3.051026 3.907290 -2.989263
v 5.488987 3.765834 -4.841792
v 2.476115 4.755386 -3.837109
v 2.678394 5.146851 -3.863209
v 3.682809 5.089331 -4.247934
v 5.537149 3.632466 -5.235116
v 5.088806 4.279054 -5.431389
v 2.624126 5.123320 -3.844799
v 2.740457 5.160636 -3.862434
v 3.895297 3.919507 -2.921664
v 2.368676 4.215018 -3.535428
v 5.115258 4.353646 -5.012832
v 5.058299 4.479055 -4.603624
v 4.400729 3.793915 -3.171602
v 4.775610 3.929912 -3.332905
v 3.470320 3.919507 -2.921664
v 2.674128 4.038968 -3.120550
v 3.414609 5.088481 -4.250965
v 2.880778 4.395210 -6.178382
v 2.438863 4.703604 -4.752547
v 2.582676 5.441989 -1.994376
v 2.550121 4.955349 -3.910090
v 2.443635 4.539116 -5.434371
v 2.407507 4.625830 -5.018115
v 2.517124 4.813707 -4.386215
v 2.715488 4.425031 -6.016184
v 2.504239 4.495794 -5.656965
v 2.583117 5.096037 -3.390989
v 3.246947 4.356454 -6.385556
v 4.680751 3.756271 -6.452652
v 3.894103 4.345622 -6.444578
v 4.988998 3.810352 -6.149185
v 5.302123 4.052410 -4.968438
v 3.471516 4.345622 -6.444578
v 4.657084 5.586673 -2.029803
v 4.594996 5.599169 -2.032527
v 4.712502 5.562469 -2.023623
v 4.656897 5.266608 -3.334512
v 4.711856 5.242188 -3.320701
v 4.595002 5.279200 -3.340909
v 4.899674 4.714942 -1.820028
v 4.898528 4.364970 -3.063101
v 5.095354 4.054981 -3.984425
v 4.219208 5.622899 -2.034118
v 4.219209 5.302972 -3.347399
v 4.853144 4.917666 -3.324400
v 4.925752 4.667163 -3.197714
v 4.927686 5.021502 -1.893589
v 4.853380 5.270080 -1.956059
v 5.026764 4.338216 -4.173110
v 4.925860 4.590288 -4.311643
v 4.976258 4.505857 -3.701136
v 4.314591 3.907290 -2.989263
v 4.889503 4.755386 -3.837109
v 4.687223 5.146851 -3.863209
v 4.741491 5.123320 -3.844799
v 4.625161 5.160636 -3.862434
v 4.996941 4.215018 -3.535428
v 4.691490 4.038968 -3.120550
v 3.951008 5.088481 -4.250965
v 4.484840 4.395210 -6.178382
v 4.926755 4.703604 -4.752546
v 4.782941 5.441989 -1.994375
v 4.815496 4.955349 -3.910088
v 4.921983 4.539116 -5.434371
v 4.958111 4.625830 -5.018113
v 4.848494 4.813707 -4.386214
v 4.650130 4.425031 -6.016184
v 4.861379 4.495794 -5.656965
v 4.782500 5.096037 -3.390989
v 4.118671 4.356454 -6.385556
v 3.682808 6.411187 3.603275
v 3.050638 5.856232 5.459049
v 3.471602 5.875616 5.570168
v 3.682808 6.210659 1.797747
v 3.146408 6.211305 1.804009
v 3.146408 6.062770 0.460508
v 3.682808 5.869424 -0.791493
v 3.146408 5.869252 -0.791463
v 2.270262 5.256453 2.829458
v 2.467088 5.232634 1.857674
v 2.465942 5.136346 0.569869
v 2.465849 4.946169 -0.628699
v 2.770614 6.186747 1.806042
v 2.653760 6.145057 1.799712
v 2.708720 6.172727 1.804337
v 2.653115 6.002395 0.471315
v 2.770620 6.039927 0.467130
v 2.708533 6.027251 0.468844
v 2.653019 5.808774 -0.780799
v 2.770628 5.846059 -0.787374
v 2.708507 5.833430 -0.785147
v 2.063494 5.590589 3.755007
v 4.314976 5.856232 5.459049
v 2.376618 5.766967 4.947336
v 2.684865 5.819938 5.250996
v 3.471707 4.709792 2.021161
v 3.893908 4.709792 2.021161
v 2.590006 4.916093 2.260005
v 2.964888 4.733129 2.154943
v 2.307317 5.866732 3.266271
v 2.250359 5.888843 3.693694
v 2.276810 5.961904 4.112521
v 1.828467 5.287180 4.149231
v 1.876629 5.277979 3.734013
v 2.359666 6.015042 4.417143
v 2.570757 6.077887 4.777409
v 2.182480 5.441689 5.034955
v 1.971390 5.378843 4.674691
v 2.796951 6.116759 5.000239
v 3.162724 6.153051 5.208291
v 2.938552 5.545053 5.627501
v 2.572779 5.508760 5.419447
v 3.471602 6.167275 5.289823
v 3.894013 5.569598 5.768206
v 3.471602 5.569598 5.768207
v 3.896685 4.800366 1.726254
v 3.468931 4.800366 1.726254
v 3.137163 4.800350 1.727874
v 2.758247 4.956008 1.775286
v 3.896685 4.742579 0.565360
v 3.468931 4.742579 0.565360
v 3.137184 4.742545 0.565991
v 2.759056 4.883293 0.567639
v 3.468931 4.560212 -0.560644
v 3.896686 4.560212 -0.560644
v 2.759698 4.697622 -0.584873
v 3.137182 4.560235 -0.560648
v 2.031718 5.258502 3.246011
v 2.570406 6.313260 3.273566
v 2.594490 6.264940 2.822187
v 2.688782 6.351432 3.274117
v 2.710297 6.305629 2.822351
v 2.052639 5.626555 4.142418
v 2.648067 6.294220 2.835319
v 2.625709 6.340905 3.287110
v 2.734756 6.427495 3.914498
v 2.684888 6.362729 3.392011
v 2.165528 5.704122 4.587069
v 2.610457 6.395475 3.920665
v 2.564653 6.326642 3.398447
v 2.621713 6.351460 3.393981
v 2.670241 6.417369 3.916381
v 2.967915 6.482911 4.349999
v 2.754724 6.435925 3.987474
v 3.894013 5.875616 5.570168
v 2.860216 6.463064 4.427267
v 2.648809 6.413178 4.064018
v 2.912034 6.477926 4.386473
v 2.699406 6.430037 4.023719
v 3.391635 6.522050 4.612305
v 3.024519 6.491147 4.405191
v 3.331167 6.511682 4.737487
v 2.964602 6.479097 4.529672
v 2.992934 6.489901 4.465506
v 3.359879 6.521327 4.672840
v 3.894220 6.525161 4.633144
v 3.471395 6.525161 4.633144
v 3.894191 6.517477 4.774290
v 3.471425 6.517477 4.774290
v 3.471401 6.525753 4.702017
v 3.894215 6.525753 4.702016
v 3.007235 4.120605 2.468779
v 2.593027 4.161908 2.705554
v 1.913380 4.366947 3.880939
v 1.913161 4.439542 4.297096
v 2.044736 4.523928 4.780838
v 2.255827 4.586774 5.141103
v 3.471603 4.707405 5.832638
v 3.894013 4.707405 5.832638
v 3.893908 4.099218 2.346176
v 3.471707 4.099218 2.346176
v 2.249525 4.220939 3.043945
v 2.045079 4.282481 3.396742
v 2.615126 4.648518 5.495056
v 2.980899 4.684812 5.703111
v 1.898181 4.586840 4.855754
v 2.109272 4.649686 5.216019
v 2.128590 4.641808 5.206072
v 1.917499 4.578961 4.845808
v 3.471603 4.784861 5.990909
v 3.894013 4.784861 5.990909
v 3.894013 4.775064 5.969974
v 3.471603 4.775064 5.969974
v 2.907439 4.749088 5.821056
v 2.541665 4.712794 5.613003
v 2.530512 4.722075 5.630993
v 2.896286 4.758368 5.839046
v 1.744153 4.415318 3.872501
v 1.743934 4.487914 4.288657
v 1.766240 4.481952 4.289697
v 1.766459 4.409357 3.873542
v 1.917842 4.312268 3.316978
v 2.122288 4.250725 2.964181
v 2.102970 4.254770 2.952153
v 1.898525 4.316315 3.304949
v 2.519566 4.182454 2.572811
v 2.933774 4.141150 2.336038
v 2.922621 4.143792 2.315966
v 2.508414 4.185096 2.552741
v 3.471707 4.116380 2.194042
v 3.893908 4.116380 2.194042
v 3.893908 4.118508 2.171028
v 3.471707 4.118508 2.171028
v 4.842109 4.976826 5.598872
v 4.476335 5.013121 5.806925
v 4.843767 4.767050 5.638382
v 4.477993 4.803343 5.846436
v 4.462473 5.233909 5.744039
v 4.828247 5.197615 5.535985
v 5.268478 4.903556 5.178847
v 5.479568 4.840710 4.818581
v 5.482441 4.630724 4.856895
v 5.271350 4.693569 5.217160
v 3.471707 4.157925 2.146561
v 3.893909 4.157925 2.146561
v 3.893909 4.599182 2.101242
v 3.471707 4.599182 2.101242
v 3.471707 4.368982 2.113153
v 3.893909 4.368982 2.113153
v 2.929549 4.624146 2.244352
v 2.521231 4.664243 2.487074
v 2.499749 4.224912 2.530561
v 2.913957 4.183609 2.293786
v 2.503100 4.435548 2.498449
v 2.915636 4.394588 2.259935
v 2.147403 4.785613 2.889566
v 1.944037 4.865638 3.244243
v 1.883517 4.357219 3.289018
v 2.087963 4.295676 2.936222
v 1.892406 4.566826 3.259734
v 2.097308 4.505152 2.906052
v 1.764359 4.891449 3.791351
v 1.757645 4.965494 4.205347
v 1.726604 4.530309 4.281261
v 1.726823 4.457713 3.865105
v 1.732008 4.667565 3.829018
v 1.729921 4.740581 4.244580
v 1.910056 5.063242 4.765690
v 2.121146 5.126088 5.125956
v 2.094265 4.693569 5.217160
v 1.883174 4.630724 4.856895
v 1.886046 4.840710 4.818581
v 2.097137 4.903556 5.178846
v 2.537368 5.197615 5.535985
v 2.903141 5.233909 5.744039
v 2.887621 4.803343 5.846436
v 2.521847 4.767050 5.638382
v 2.889279 5.013121 5.806925
v 2.523506 4.976826 5.598872
v 3.471602 5.260083 5.894092
v 3.894013 5.260083 5.894091
v 3.894013 4.830234 6.000586
v 3.471603 4.830234 6.000586
v 3.894013 5.039934 5.960637
v 3.471602 5.039934 5.960637
v 5.244468 5.126088 5.125957
v 5.455559 5.063242 4.765691
v 5.635694 4.740581 4.244582
v 5.633607 4.667565 3.829018
v 5.638791 4.457713 3.865106
v 5.639010 4.530309 4.281261
v 5.607970 4.965494 4.205347
v 5.601257 4.891449 3.791351
v 5.268307 4.505152 2.906053
v 5.473209 4.566826 3.259734
v 5.277653 4.295676 2.936222
v 5.482099 4.357219 3.289019
v 5.421577 4.865638 3.244243
v 5.218213 4.785613 2.889567
v 4.449979 4.394588 2.259936
v 4.862515 4.435548 2.498449
v 4.451659 4.183609 2.293787
v 4.865866 4.224912 2.530562
v 4.844384 4.664243 2.487074
v 4.436067 4.624146 2.244352
v 4.857203 4.185096 2.552742
v 4.442994 4.143792 2.315967
v 4.431841 4.141150 2.336038
v 4.846049 4.182454 2.572812
v 5.467091 4.316315 3.304950
v 5.262645 4.254770 2.952153
v 5.243327 4.250725 2.964181
v 5.447773 4.312268 3.316978
v 5.599156 4.409357 3.873542
v 5.599375 4.481952 4.289697
v 5.621681 4.487914 4.288657
v 5.621462 4.415318 3.872501
v 4.469329 4.758368 5.839046
v 4.835103 4.722075 5.630993
v 4.823949 4.712794 5.613003
v 4.458176 4.749088 5.821056
v 5.448115 4.578961 4.845808
v 5.237024 4.641808 5.206072
v 5.256342 4.649686 5.216020
v 5.467433 4.586840 4.855755
v 4.384716 4.684812 5.703111
v 4.750489 4.648518 5.495056
v 3.682808 6.062711 0.458045
v 5.320536 4.282481 3.396743
v 5.116089 4.220939 3.043945
v 5.109788 4.586774 5.141103
v 5.320878 4.523928 4.780838
v 5.452455 4.439542 4.297096
v 5.452235 4.366947 3.880940
v 4.772589 4.161908 2.705554
v 4.358381 4.120605 2.468780
v 4.005736 6.521327 4.672840
v 4.372681 6.489901 4.465506
v 4.401013 6.479097 4.529672
v 4.034448 6.511682 4.737487
v 4.341095 6.491147 4.405191
v 3.973980 6.522050 4.612305
v 4.666209 6.430037 4.023719
v 4.453581 6.477926 4.386473
v 4.716806 6.413178 4.064018
v 4.505399 6.463064 4.427267
v 4.610890 6.435925 3.987474
v 4.397699 6.482911 4.349999
v 4.695374 6.417369 3.916381
v 4.743903 6.351460 3.393981
v 4.800963 6.326642 3.398447
v 4.755158 6.395475 3.920666
v 5.200087 5.704122 4.587069
v 4.680727 6.362729 3.392011
v 4.630859 6.427495 3.914498
v 4.739906 6.340905 3.287111
v 4.717549 6.294220 2.835319
v 5.312976 5.626555 4.142419
v 4.655318 6.305629 2.822351
v 4.676833 6.351432 3.274117
v 4.771126 6.264940 2.822187
v 4.795209 6.313260 3.273566
v 5.333898 5.258502 3.246011
v 4.228434 4.560235 -0.560648
v 4.605919 4.697622 -0.584873
v 4.606560 4.883293 0.567640
v 4.228431 4.742545 0.565991
v 4.607368 4.956008 1.775286
v 4.228453 4.800350 1.727874
v 2.512473 5.841369 1.914180
v 2.439864 5.562644 1.880812
v 2.437930 5.449576 0.534144
v 2.512236 5.704530 0.507828
v 2.512025 5.512836 -0.728617
v 2.437688 5.260459 -0.684117
v 2.338852 5.587139 2.909890
v 2.439756 5.871390 2.953856
v 3.894012 6.167275 5.289823
v 4.792836 5.508760 5.419447
v 4.427062 5.545053 5.627501
v 4.202890 6.153051 5.208291
v 4.568664 6.116759 5.000239
v 5.394225 5.378843 4.674691
v 5.183135 5.441689 5.034956
v 4.794858 6.077887 4.777409
v 5.005949 6.015042 4.417143
v 2.389358 5.583247 2.409044
v 3.051025 4.777302 1.944823
v 5.488987 5.277979 3.734013
v 2.476115 5.864233 2.451473
v 2.678393 6.241016 2.342109
v 3.682808 6.318547 2.723306
v 5.537148 5.287180 4.149231
v 5.088804 5.961904 4.112522
v 2.624125 6.212607 2.332858
v 2.740456 6.253705 2.336667
v 3.895297 4.765662 1.877123
v 2.368675 5.253271 2.352801
v 5.115256 5.888843 3.693694
v 5.058298 5.866732 3.266271
v 4.400727 4.733129 2.154943
v 4.775609 4.916093 2.260006
v 3.470319 4.765662 1.877123
v 2.674127 4.945944 2.023156
v 3.414608 6.318787 2.726445
v 2.880776 6.326541 4.774737
v 2.438862 6.128672 3.329413
v 2.582675 5.879177 0.485037
v 2.550120 6.077097 2.451660
v 2.443633 6.207301 4.026377
v 2.407506 6.146418 3.605564
v 2.517123 6.106843 2.947516
v 2.715487 6.299088 4.612120
v 2.504237 6.242724 4.250362
v 2.582522 5.686521 -0.759243
v 2.583117 6.031757 1.915747
v 3.246946 6.360980 4.982673
v 4.680750 5.819938 5.250996
v 3.894102 6.370988 5.041840
v 4.988996 5.766967 4.947336
v 5.302122 5.590589 3.755007
v 4.657109 5.833430 -0.785147
v 3.471514 6.370988 5.041840
v 4.594988 5.846059 -0.787373
v 4.712597 5.808774 -0.780799
v 4.657084 6.027251 0.468844
v 4.594996 6.039927 0.467130
v 4.712501 6.002395 0.471315
v 4.656895 6.172727 1.804337
v 4.711855 6.145057 1.799712
v 4.595001 6.186747 1.806042
v 4.899767 4.946169 -0.628698
v 4.899674 5.136346 0.569869
v 4.898528 5.232634 1.857674
v 5.095353 5.256453 2.829459
v 4.219208 5.869252 -0.791463
v 4.219208 6.062770 0.460509
v 4.219208 6.211305 1.804010
v 4.853143 5.841369 1.914181
v 4.925752 5.562644 1.880813
v 4.927686 5.449576 0.534144
v 4.853380 5.704530 0.507829
v 4.853591 5.512836 -0.728617
v 4.927928 5.260459 -0.684116
v 5.026762 5.587139 2.909890
v 4.925859 5.871390 2.953856
v 4.976257 5.583247 2.409044
v 4.314590 4.777302 1.944823
v 4.889501 5.864233 2.451473
v 4.687222 6.241016 2.342110
v 4.741490 6.212607 2.332858
v 4.625160 6.253705 2.336667
v 4.996940 5.253271 2.352802
v 4.691489 4.945944 2.023156
v 3.951008 6.318787 2.726445
v 4.484838 6.326541 4.774737
v 4.926753 6.128672 3.329413
v 4.782941 5.879177 0.485038
v 4.815496 6.077097 2.451660
v 4.921982 6.207301 4.026377
v 4.958109 6.146418 3.605566
v 4.848493 6.106843 2.947516
v 4.650129 6.299088 4.612120
v 4.861377 6.242724 4.250363
v 4.783094 5.686521 -0.759243
v 4.782499 6.031757 1.915747
v 4.118669 6.360980 4.982673
v 1.407718 2.221767 -7.229174
v 6.012370 4.569989 6.088264
v 6.113798 4.494785 5.575866
v 1.407716 4.137363 3.548819
v 1.073151 2.521188 -5.616976
v 1.407718 2.242710 -7.196299
v 3.682809 2.221766 -7.229173
v 5.125387 2.221767 -7.229171
v 1.073150 3.454978 -0.321184
v 6.149809 4.480920 5.583126
v 6.113798 4.388768 4.974610
v 1.407716 3.778213 1.511976
v 1.407718 2.521188 -5.616976
v 3.682809 2.242710 -7.196298
v 5.120646 2.242710 -7.196298
v 5.619677 2.265929 -7.064613
v 5.980085 2.328513 -6.709680
v 5.638318 2.245634 -7.093820
v 1.407717 3.454978 -0.321184
v 6.149809 4.374079 4.977201
v 6.113798 4.137363 3.548820
v 3.682808 3.778213 1.511976
v 5.646039 2.207846 -7.100738
v 5.320326 2.698859 -5.569619
v 5.111184 2.635305 -5.926245
v 5.452903 2.859055 -4.670715
v 5.452903 2.785668 -5.082510
v 4.386733 3.109660 -3.264496
v 4.748978 3.072967 -3.470393
v 3.473667 2.150573 -3.245291
v 4.350327 1.690587 -6.274184
v 4.712572 1.727281 -6.068286
v 4.245764 1.645020 -6.082099
v 4.608008 1.681713 -5.876202
v 4.404625 1.860810 -6.400049
v 4.766870 1.897503 -6.194152
v 5.257268 1.849709 -5.381311
v 5.048126 1.786153 -5.737936
v 4.867017 1.727156 -5.621211
v 5.076159 1.790711 -5.264585
v 5.142175 1.963350 -5.824669
v 5.351316 2.026905 -5.468044
v 5.380090 2.003516 -4.518247
v 5.380090 1.930129 -4.930042
v 5.170963 1.852786 -4.916259
v 5.170963 1.926173 -4.504463
v 5.488688 2.116853 -4.963319
v 5.488688 2.190240 -4.551524
v 5.257268 2.083938 -4.066980
v 5.048126 2.147493 -3.710355
v 5.076159 1.988249 -4.156139
v 4.867017 2.051804 -3.799513
v 5.351316 2.280187 -4.046800
v 5.142174 2.343743 -3.690175
v 4.712571 2.206365 -3.380006
v 4.350327 2.243058 -3.174108
v 4.608008 2.097246 -3.544522
v 4.245764 2.133940 -3.338624
v 4.766870 2.409588 -3.320692
v 4.404625 2.446282 -3.114794
v 3.891950 2.150573 -3.245291
v 3.891951 2.470384 -2.979554
v 3.473667 2.470384 -2.979554
v 3.473667 2.264607 -3.053191
v 3.891951 2.264607 -3.053191
v 2.960992 2.446282 -3.114794
v 2.598747 2.409588 -3.320693
v 3.119854 2.133940 -3.338624
v 2.757609 2.097246 -3.544522
v 3.015290 2.243058 -3.174108
v 2.653046 2.206365 -3.380006
v 2.223443 2.343743 -3.690175
v 2.014301 2.280187 -4.046800
v 2.498600 2.051804 -3.799514
v 2.289459 1.988249 -4.156139
v 2.317492 2.147493 -3.710355
v 2.108349 2.083938 -4.066981
v 1.876930 2.190240 -4.551524
v 1.876930 2.116853 -4.963319
v 2.194654 1.926173 -4.504464
v 2.194654 1.852786 -4.916259
v 1.985528 1.930129 -4.930043
v 1.985528 2.003516 -4.518248
v 2.014301 2.026905 -5.468044
v 2.223444 1.963350 -5.824669
v 2.289459 1.790711 -5.264585
v 2.498601 1.727156 -5.621211
v 2.317492 1.786153 -5.737936
v 2.108349 1.849709 -5.381311
v 2.598748 1.897503 -6.194152
v 2.960992 1.860810 -6.400049
v 2.757610 1.681713 -5.876202
v 3.119854 1.645020 -6.082099
v 2.653047 1.727281 -6.068286
v 3.015291 1.690587 -6.274184
v 3.473667 1.836709 -6.535290
v 3.891952 1.836709 -6.535290
v 3.473667 1.628386 -6.175433
v 3.891952 1.628387 -6.175433
v 3.473667 1.669039 -6.395099
v 3.891952 1.669039 -6.395099
v 2.616639 3.072967 -3.470395
v 2.978884 3.109660 -3.264496
v 1.912715 2.785668 -5.082510
v 1.912715 2.859055 -4.670715
v 2.254434 2.635305 -5.926245
v 2.045291 2.698859 -5.569619
v 3.891952 2.511802 -6.619251
v 3.473667 2.511802 -6.619251
v 3.473667 3.132920 -3.133976
v 3.891951 3.132920 -3.133976
v 2.045291 2.945863 -4.183608
v 2.254433 3.009419 -3.826980
v 2.978885 2.535063 -6.488731
v 2.616640 2.571756 -6.282833
v 3.473667 3.096921 -2.984083
v 3.891951 3.096921 -2.984083
v 3.891951 3.108238 -3.002995
v 3.473667 3.108238 -3.002995
v 2.916575 3.082049 -3.149952
v 2.554331 3.045354 -3.355851
v 2.546014 3.033647 -3.339132
v 2.908259 3.070340 -3.133234
v 2.146512 2.973803 -3.757344
v 1.937370 2.910249 -4.113970
v 1.922965 2.897473 -4.103246
v 2.132107 2.961027 -3.746620
v 1.788098 2.812509 -4.662420
v 1.788097 2.739122 -5.074215
v 1.771464 2.724887 -5.071679
v 1.771464 2.798273 -4.659883
v 1.937370 2.641382 -5.622666
v 2.146512 2.577826 -5.979292
v 2.132108 2.562131 -5.984941
v 1.922965 2.625686 -5.628316
v 2.554331 2.506275 -6.380785
v 2.916576 2.469581 -6.586684
v 2.908260 2.452819 -6.598327
v 2.546015 2.489513 -6.392430
v 3.473667 2.443392 -6.733640
v 3.891952 2.443392 -6.733640
v 3.891952 2.426238 -6.747478
v 3.473667 2.426238 -6.747478
v 2.540330 2.994690 -3.334451
v 2.540330 2.451337 -6.383364
v 2.134334 2.522568 -5.983667
v 2.913030 3.032442 -3.122611
v 1.919155 2.587958 -5.616747
v 1.770551 2.685261 -5.070749
v 1.770551 2.760766 -4.647067
v 1.919155 2.858070 -4.101069
v 2.134334 2.923459 -3.734150
v 3.897988 2.387512 -6.741504
v 3.897988 3.058516 -2.976311
v 3.467630 3.058515 -2.976311
v 3.467631 2.387512 -6.741505
v 2.913030 2.413585 -6.595205
v 5.320326 2.945863 -4.183607
v 5.111184 3.009419 -3.826980
v 4.386733 2.535063 -6.488731
v 4.748979 2.571756 -6.282833
v 4.449042 3.082049 -3.149952
v 4.811286 3.045354 -3.355851
v 4.819603 3.033647 -3.339132
v 4.457358 3.070340 -3.133234
v 5.219105 2.973803 -3.757344
v 5.428248 2.910249 -4.113969
v 5.442653 2.897473 -4.103245
v 5.233510 2.961027 -3.746619
v 5.577520 2.812509 -4.662419
v 5.577520 2.739122 -5.074215
v 5.594154 2.724887 -5.071678
v 5.594154 2.798273 -4.659883
v 5.428248 2.641382 -5.622666
v 5.219105 2.577826 -5.979292
v 5.233510 2.562131 -5.984941
v 5.442653 2.625686 -5.628316
v 4.811287 2.506275 -6.380785
v 4.449042 2.469581 -6.586684
v 4.457358 2.452819 -6.598327
v 4.819603 2.489513 -6.392430
v 4.825288 2.994690 -3.334451
v 4.825288 2.451337 -6.383364
v 5.231284 2.522568 -5.983667
v 4.452587 3.032442 -3.122611
v 5.446462 2.587958 -5.616747
v 5.595067 2.685261 -5.070748
v 5.595067 2.760766 -4.647067
v 5.446462 2.858070 -4.101068
v 5.231284 2.923459 -3.734150
v 4.452587 2.413585 -6.595205
v 5.320325 4.524282 4.782874
v 5.111183 4.586533 5.139729
v 5.452902 4.367374 3.883390
v 5.452902 4.439256 4.295451
v 4.386732 4.121910 2.476264
v 4.748977 4.157850 2.682294
v 3.473666 3.214096 2.786245
v 4.350325 3.817791 5.789797
v 4.712570 3.781852 5.583766
v 4.245762 3.709274 5.624883
v 4.608006 3.673335 5.418851
v 4.404624 4.020796 5.849854
v 4.766869 3.984856 5.643822
v 5.257267 3.661935 4.896348
v 5.048124 3.724187 5.253204
v 4.867015 3.628824 5.163696
v 5.076158 3.566574 4.806841
v 5.142173 3.920361 5.274102
v 5.351315 3.858110 4.917245
v 5.380088 3.511284 4.032729
v 5.380088 3.583165 4.444790
v 5.170962 3.505772 4.458290
v 5.170961 3.433891 4.046229
v 5.488686 3.770008 4.412196
v 5.488686 3.698126 4.000135
v 5.257267 3.432513 3.581172
v 5.048124 3.370262 3.224315
v 5.076158 3.373089 3.697680
v 4.867016 3.310839 3.340825
v 5.351315 3.610025 3.495087
v 5.142173 3.547774 3.138232
v 4.712571 3.312598 2.893753
v 4.350326 3.276656 2.687722
v 4.608007 3.266328 3.085669
v 4.245762 3.230386 2.879638
v 4.766869 3.483279 2.768510
v 4.404624 3.447337 2.562480
v 3.891949 3.214096 2.786245
v 3.891950 3.423732 2.427152
v 3.473666 3.423732 2.427152
v 3.473666 3.255551 2.566728
v 3.891950 3.255551 2.566728
v 2.960991 3.447337 2.562479
v 2.598746 3.483279 2.768510
v 3.119853 3.230386 2.879638
v 2.757608 3.266328 3.085669
v 3.015290 3.276656 2.687721
v 2.653045 3.312598 2.893753
v 2.223442 3.547774 3.138230
v 2.014300 3.610025 3.495087
v 2.498600 3.310839 3.340824
v 2.289457 3.373089 3.697680
v 2.317491 3.370262 3.224315
v 2.108348 3.432513 3.581171
v 1.876929 3.698126 4.000135
v 1.876929 3.770008 4.412195
v 2.194653 3.433891 4.046229
v 2.194653 3.505772 4.458290
v 1.985527 3.583165 4.444789
v 1.985527 3.511284 4.032728
v 2.014299 3.858110 4.917244
v 2.223442 3.920361 5.274101
v 2.289458 3.566574 4.806840
v 2.498600 3.628824 5.163695
v 2.317490 3.724187 5.253203
v 2.108348 3.661935 4.896348
v 2.598746 3.984856 5.643822
v 2.960991 4.020796 5.849854
v 2.757608 3.673335 5.418851
v 3.119853 3.709274 5.624883
v 2.653045 3.781852 5.583766
v 3.015290 3.817791 5.789797
v 3.473665 4.044404 5.985180
v 3.891950 4.044404 5.985180
v 3.473665 3.725568 5.718277
v 3.891950 3.725568 5.718277
v 3.473665 3.838899 5.910791
v 3.891950 3.838899 5.910791
v 2.616638 4.157850 2.682294
v 2.978883 4.121910 2.476263
v 1.912713 4.439256 4.295450
v 1.912713 4.367374 3.883390
v 2.254432 4.586533 5.139729
v 2.045290 4.524282 4.782873
v 3.891950 4.707500 5.833181
v 3.473665 4.707500 5.833181
v 3.473666 4.099128 2.345659
v 3.891950 4.099128 2.345659
v 2.045290 4.282347 3.395967
v 2.254432 4.220095 3.039112
v 2.978883 4.684720 5.702578
v 2.616638 4.648778 5.496547
v 3.473666 4.014032 2.217119
v 3.891950 4.014032 2.217119
v 3.891950 4.031136 2.231020
v 3.473666 4.031136 2.231020
v 2.916574 4.056787 2.378072
v 2.554330 4.092729 2.584103
v 2.546013 4.076008 2.572397
v 2.908258 4.040068 2.366366
v 2.146511 4.162811 2.985855
v 1.937369 4.225062 3.342711
v 1.922964 4.209388 3.337003
v 2.132106 4.147138 2.980147
v 1.788096 4.320797 3.891515
v 1.788096 4.392677 4.303576
v 1.771463 4.378434 4.306060
v 1.771463 4.306554 3.893999
v 1.937369 4.488413 4.852380
v 2.146511 4.550664 5.209236
v 2.132106 4.537849 5.219913
v 1.922964 4.475597 4.863058
v 2.554329 4.620747 5.610987
v 2.916574 4.656688 5.817018
v 2.908257 4.644919 5.833693
v 2.546013 4.608977 5.627663
v 3.473666 4.682341 5.964070
v 3.891950 4.682341 5.964070
v 3.891950 4.670954 5.982941
v 3.473665 4.670954 5.982941
v 2.540329 4.037802 2.581323
v 2.540329 4.570004 5.632201
v 2.134333 4.500236 5.232244
v 2.913029 4.000821 2.369346
v 1.919154 4.436187 4.865088
v 1.770549 4.340881 4.318739
v 1.770549 4.266925 3.894784
v 1.919154 4.171618 3.348434
v 2.134333 4.107571 2.981278
v 3.897986 4.632521 5.990572
v 3.897986 3.975284 2.222951
v 3.467629 3.975284 2.222951
v 3.467629 4.632521 5.990573
v 2.913029 4.606982 5.844178
v 5.320325 4.282347 3.395968
v 5.111183 4.220095 3.039112
v 4.386731 4.684720 5.702578
v 4.748976 4.648778 5.496547
v 4.449041 4.056787 2.378073
v 4.811285 4.092729 2.584103
v 4.819602 4.076008 2.572398
v 4.457358 4.040068 2.366366
v 5.219104 4.162811 2.985855
v 5.428247 4.225062 3.342711
v 5.442651 4.209388 3.337003
v 5.233509 4.147138 2.980147
v 5.577518 4.320797 3.891515
v 5.577519 4.392677 4.303576
v 5.594151 4.378434 4.306062
v 5.594151 4.306554 3.893999
v 5.428246 4.488413 4.852382
v 5.219104 4.550664 5.209237
v 5.233509 4.537849 5.219914
v 5.442651 4.475597 4.863058
v 4.811285 4.620747 5.610987
v 4.449040 4.656688 5.817018
v 4.457356 4.644919 5.833693
v 4.819601 4.608977 5.627663
v 4.825287 4.037802 2.581323
v 4.825286 4.570004 5.632201
v 5.231282 4.500236 5.232245
v 4.452587 4.000821 2.369346
v 5.446461 4.436187 4.865090
v 5.595066 4.340881 4.318739
v 5.595066 4.266925 3.894784
v 5.446460 4.171618 3.348434
v 5.231282 4.107571 2.981279
v 4.452586 4.606982 5.844178
v 1.407717 3.131743 -2.154343
v 1.407717 2.772593 -4.191186
v 6.113799 2.415170 -6.218232
v 6.012371 2.310586 -6.725448
v 3.682808 3.454977 -0.321183
v 6.149809 4.122674 3.551410
v 6.113798 3.778213 1.511976
v 3.682808 3.131743 -2.154343
v 6.113799 2.521188 -5.616976
v 6.149811 2.399657 -6.220312
v 6.113798 3.454979 -0.321183
v 6.149809 3.763523 1.514566
v 6.164727 2.363850 -6.215990
v 6.164726 3.728058 1.520820
v 6.113799 3.131743 -2.154342
v 6.113799 2.772593 -4.191186
v 6.149811 2.506497 -5.614387
v 6.149810 3.440288 -0.318593
v 6.164727 2.471033 -5.608132
v 6.164726 3.404822 -0.312339
v 6.149811 3.117053 -2.151752
v 6.149811 2.757902 -4.188595
v 6.164726 3.081589 -2.145498
v 1.069498 0.490875 -7.939558
v 0.406157 0.484834 -7.893349
v 0.444081 0.054474 -7.651142
v 1.107465 0.045441 -7.696170
v 1.090984 0.385781 -7.595031
v 0.427088 0.391513 -7.559104
v 1.086989 0.149213 -8.036106
v 0.423908 0.147132 -7.983100
v 0.438385 0.025985 -7.837725
v 1.101486 0.022176 -7.888411
v 1.103755 0.190673 -7.568385
v 0.439977 0.201403 -7.529546
v 0.412563 0.514214 -7.705233
v 1.076267 0.516003 -7.744111
v 1.073560 0.341434 -8.065969
v 0.410414 0.335734 -8.014294
v 3.202279 0.328920 -8.109938
v 2.558836 0.327318 -8.155296
v 3.238277 0.524095 -8.440740
v 2.594589 0.522724 -8.483167
v 3.254593 0.193104 -8.630316
v 2.611207 0.190084 -8.674889
v 2.574742 -0.005355 -8.349484
v 3.218058 -0.002841 -8.303682
v 3.203599 0.125659 -8.144672
v 2.560230 0.123939 -8.190460
v 2.609450 0.392594 -8.640674
v 3.252984 0.393722 -8.597281
v 3.239206 0.032047 -8.502138
v 2.595996 0.030035 -8.548892
v 2.573634 0.488474 -8.282382
v 3.217199 0.490548 -8.238742
v 6.165206 1.762352 -1.915586
v 6.165206 1.403201 -3.952430
v 6.165206 2.085588 -0.082428
v 6.154921 1.742242 -1.908134
v 6.154921 1.383739 -3.941305
v 6.165207 1.151796 -5.378219
v 6.165205 2.408823 1.750731
v 6.154920 2.064830 -0.078648
v 6.130088 1.729981 -1.896541
v 6.130089 1.373042 -3.920845
v 6.154921 1.132723 -5.364890
v 6.165207 1.044614 -5.986078
v 6.165205 2.767973 3.787575
v 6.154920 2.387418 1.750838
v 6.130088 2.051005 -0.075922
v 6.130089 1.122963 -5.339110
v 6.154921 1.025734 -5.971653
v 6.026226 0.954545 -6.496888
v 6.154920 2.745920 3.784009
v 6.165205 3.019378 5.213366
v 6.130088 2.372031 1.744697
v 6.065434 1.117121 -5.275435
v 6.130090 1.016441 -5.943227
v 6.016191 0.935827 -6.481540
v 5.646519 0.888610 -6.870826
v 6.154919 2.996936 5.207595
v 6.130087 2.728969 3.769002
v 6.165205 3.126560 5.821226
v 5.991964 0.926926 -6.450890
v 5.637170 0.870011 -6.854805
v 5.127831 0.864476 -7.007697
v 6.154919 3.103861 5.813990
v 6.130087 2.979047 5.187268
v 6.065434 2.704401 3.726474
v 6.026223 3.216630 6.332033
v 5.928884 0.923320 -6.374535
v 5.614596 0.861397 -6.822527
v 5.119417 0.845920 -6.991429
v 3.683289 0.864476 -7.007697
v 6.016188 3.193767 6.323877
v 6.130087 3.085348 5.790132
v 5.646517 3.282565 6.705970
v 5.099101 0.837411 -6.958555
v 3.678225 0.845920 -6.991429
v 1.408197 0.864476 -7.007697
v 5.637167 3.259583 6.697143
v 5.991961 3.174862 6.297793
v 6.065434 1.717626 -1.869805
v 6.065434 2.034579 -0.072273
v 6.065432 2.952037 5.130888
v 6.065432 3.056715 5.724553
v 5.928882 3.145209 6.226427
v 5.046202 3.233702 6.728299
v -4.323540 0.834827 -6.876411
v -4.323543 3.233703 6.728297
v -5.735149 1.011814 -5.872663
v -5.598599 3.145209 6.226424
v -5.735149 1.364757 -3.871023
v -5.735149 1.717625 -1.869807
v -5.735149 2.704401 3.726473
v -5.735149 2.351533 1.725256
v 6.132281 1.696168 -1.891411
v 6.132281 1.339091 -3.916497
v 6.132281 1.088929 -5.335233
v 6.132280 2.017330 -0.070009
v 6.155562 1.681179 -1.897610
v 6.155563 1.322635 -3.931010
v 6.132281 0.982366 -5.939584
v 6.155563 1.071594 -5.354735
v 6.065434 2.351532 1.725259
v 6.132280 2.338493 1.751392
v 6.155561 2.003807 -0.067895
v 6.165206 1.659939 -1.897528
v 6.165206 1.300788 -3.934373
v 5.994102 0.892817 -6.447443
v 6.155563 0.964594 -5.961566
v 6.165207 1.049383 -5.360163
v 6.132280 2.695570 3.776479
v 6.155561 2.326435 1.761821
v 6.165206 1.983174 -0.064369
v 6.165206 1.150331 -1.807671
v 6.165206 0.791181 -3.844515
v 5.555819 0.858538 -6.741932
v 5.616588 0.827262 -6.819222
v 6.016817 0.874677 -6.471510
v 6.165207 0.942201 -5.968020
v 6.165207 0.539776 -5.270303
v 6.132280 2.945731 5.195214
v 6.155561 2.684978 3.795220
v 6.165205 2.306410 1.768790
v 6.165206 1.473567 0.025488
v 6.150290 1.114867 -1.801418
v 6.150290 0.755717 -3.838262
v 5.100894 0.803267 -6.955304
v 5.637753 0.808853 -6.844817
v 6.026226 0.852132 -6.478828
v 6.165207 0.432594 -5.878162
v 6.150290 0.504312 -5.264052
v 6.132280 3.052087 5.798388
v 6.155561 2.936020 5.218944
v 6.165205 2.665560 3.805633
v 6.165205 1.796804 1.858647
v 6.150290 1.438103 0.031742
v 6.114278 1.100178 -1.798828
v 6.114278 0.741028 -3.835671
v 3.634164 0.834827 -6.876409
v 3.667078 0.803267 -6.955304
v 5.119942 0.784760 -6.981454
v 5.646519 0.786197 -6.852767
v 6.026226 0.342526 -6.388973
v 6.150290 0.397470 -5.869978
v 6.114279 0.489623 -5.261461
v 5.994099 3.141637 6.306250
v 6.155561 3.042959 5.825431
v 6.165205 2.916965 5.231423
v 6.165205 2.155952 3.895491
v 6.150289 1.761338 1.864901
v 6.114278 1.423414 0.034332
v 3.683288 1.100178 -1.798828
v 3.683289 0.741028 -3.835672
v 1.406103 0.834827 -6.876409
v 1.407506 0.803267 -6.955304
v 3.678541 0.784760 -6.981455
v 5.127831 0.762063 -6.989637
v 5.646519 0.276591 -6.762910
v 6.012852 0.308401 -6.375115
v 6.114279 0.383605 -5.862717
v 3.683289 0.489623 -5.261461
v 5.555817 3.209991 6.593822
v 5.616585 3.207191 6.678028
v 6.016814 3.132876 6.335377
v 6.165205 3.024148 5.839283
v 6.165205 2.407358 5.321281
v 6.150289 2.120489 3.901745
v 6.114278 1.746650 1.867491
v 3.683288 1.423414 0.034331
v -1.479709 0.803268 -6.955304
v 1.407995 0.784760 -6.981457
v 3.683289 0.762063 -6.989637
v 5.127831 0.252455 -6.899781
v 5.638799 0.243447 -6.743487
v 5.980565 0.296950 -6.354166
v 3.683289 0.211146 -6.840783
v 5.121126 0.211146 -6.840783
v 5.620157 0.234365 -6.709099
v 1.408197 0.489623 -5.261461
v 5.100892 3.231186 6.814107
v 5.637750 3.198700 6.708682
v 6.026223 3.114217 6.350091
v 6.165205 2.514540 5.929140
v 6.150289 2.371894 5.327534
v 6.114277 2.105800 3.904335
v 3.683287 1.746650 1.867491
v -4.363341 0.803268 -6.955305
v -1.485129 0.784760 -6.981456
v 1.408197 0.762062 -6.989639
v 3.683289 0.252455 -6.899781
v 5.125868 0.219581 -6.878837
v 1.408197 0.211146 -6.840783
v 3.683289 0.219581 -6.878838
v -1.487375 0.489623 -5.261461
v 3.634162 3.233702 6.728299
v 3.667075 3.231186 6.814107
v 5.119940 3.222793 6.845320
v 5.646517 3.180150 6.724028
v 6.026223 2.604609 6.439950
v 6.150289 2.478735 5.933460
v 6.114277 2.357205 5.330124
v 3.683287 2.105800 3.904334
v -4.382946 1.100178 -1.798829
v -4.382946 0.741028 -3.835673
v -4.767799 0.803268 -6.955305
v -4.377204 0.784760 -6.981457
v -1.487375 0.762062 -6.989639
v 1.408197 0.252455 -6.899781
v 1.408197 0.219581 -6.878839
v -1.487375 0.211146 -6.840783
v -4.382946 0.489623 -5.261463
v 1.407504 3.231186 6.814107
v 3.678539 3.222793 6.845320
v 5.127829 3.204286 6.860899
v 5.646517 2.670544 6.813886
v 6.012850 2.567804 6.438597
v 6.114277 2.463223 5.931381
v 3.683287 2.357205 5.330124
v -4.382946 1.423414 0.034330
v -5.779805 1.100178 -1.798830
v -5.779803 0.741028 -3.835673
v -5.225532 0.858539 -6.741934
v -5.283494 0.827262 -6.819224
v -4.785870 0.784760 -6.981456
v -4.382946 0.762062 -6.989639
v -1.487375 0.252455 -6.899781
v -1.487375 0.219583 -6.878839
v -4.382946 0.211145 -6.840785
v -5.779803 0.489623 -5.261463
v -1.479711 3.231186 6.814107
v 1.407993 3.222793 6.845320
v 3.683286 3.204286 6.860899
v 5.127829 2.694678 6.950757
v 5.638796 2.632758 6.806970
v 5.980563 2.549879 6.422830
v 5.620154 2.612463 6.777761
v 5.121124 2.635682 6.909445
v 3.683286 2.635682 6.909445
v 1.408195 2.357205 5.330123
v -4.382946 1.746649 1.867489
v -5.779805 1.423414 0.034330
v -5.815817 1.114867 -1.801419
v -5.815817 0.755717 -3.838263
v -5.661007 0.892817 -6.447444
v -5.303681 0.808854 -6.844818
v -4.793355 0.762062 -6.989639
v -4.382946 0.252457 -6.899782
v -4.382946 0.219581 -6.878839
v -5.779803 0.383605 -5.862720
v -5.646089 0.296949 -6.354168
v -5.285680 0.234365 -6.709101
v -4.786650 0.211145 -6.840785
v -5.815817 0.504311 -5.264053
v -4.363345 3.231186 6.814107
v -1.485132 3.222793 6.845320
v 1.408195 3.204286 6.860899
v 3.683286 2.694678 6.950757
v 5.125865 2.656624 6.942319
v 1.408195 2.635682 6.909445
v 3.683286 2.656624 6.942319
v -1.487376 2.357205 5.330123
v -4.382946 2.105800 3.904332
v -5.779805 1.746649 1.867489
v -5.815817 1.438102 0.031740
v -5.830731 1.150331 -1.807673
v -5.830730 0.791182 -3.844517
v -5.799188 0.982366 -5.939585
v -5.682745 0.874677 -6.471512
v -5.312044 0.786196 -6.852769
v -4.793355 0.252457 -6.899782
v -4.791391 0.219581 -6.878838
v -5.815814 0.397470 -5.869978
v -5.678376 0.308401 -6.375116
v -5.304321 0.243447 -6.743488
v -5.830730 0.539777 -5.270307
v -4.715920 3.233703 6.728297
v -4.767801 3.231186 6.814107
v -4.377206 3.222793 6.845320
v -1.487376 3.204286 6.860899
v 1.408195 2.694678 6.950757
v 1.408195 2.656624 6.942319
v -1.487376 2.635682 6.909445
v -4.382946 2.357205 5.330122
v -5.779806 2.105799 3.904332
v -5.815817 1.761338 1.864899
v -5.830731 1.473568 0.025486
v -5.830731 1.659939 -1.897530
v -5.830730 1.300788 -3.934374
v -5.799188 1.088930 -5.335235
v -5.821494 0.964593 -5.961567
v -5.691749 0.852132 -6.478831
v -5.312044 0.276590 -6.762911
v -5.830730 0.432595 -5.878165
v -5.691749 0.342526 -6.388974
v -5.830730 1.049383 -5.360164
v -5.283496 3.207191 6.678027
v -4.785872 3.222793 6.845320
v -4.382948 3.204286 6.860897
v -1.487376 2.694678 6.950757
v -1.487376 2.656624 6.942319
v -4.382948 2.635682 6.909445
v -5.779806 2.357205 5.330122
v -5.815817 2.120488 3.901742
v -5.830731 1.796804 1.858646
v -5.830731 1.983174 -0.064371
v -5.821494 1.681179 -1.897612
v -5.821494 1.322636 -3.931014
v -5.799188 1.339091 -3.916500
v -5.821494 1.071595 -5.354736
v -5.830730 0.942201 -5.968023
v -5.661010 3.141636 6.306247
v -5.303684 3.198700 6.708680
v -4.793357 3.204286 6.860897
v -4.382948 2.694678 6.950755
v -4.382948 2.656624 6.942318
v -4.786653 2.635682 6.909445
v -5.285682 2.612463 6.777761
v -5.646091 2.549878 6.422827
v -5.779806 2.499138 6.135064
v -5.815817 2.371894 5.327532
v -5.830733 2.155954 3.895488
v -5.830731 2.306410 1.768788
v -5.821494 2.003808 -0.067897
v -5.799189 1.696169 -1.891413
v -5.799190 3.088002 6.002071
v -5.682748 3.132876 6.335375
v -5.312046 3.180151 6.724027
v -4.793357 2.694678 6.950755
v -4.791394 2.656626 6.942317
v -5.304324 2.632758 6.806968
v -5.678378 2.567804 6.438596
v -5.815817 2.514652 6.137142
v -5.830733 2.407359 5.321279
v -5.830733 2.665560 3.805632
v -5.821494 2.326436 1.761818
v -5.799189 2.017331 -0.070011
v -5.735149 2.952036 5.130887
v -5.799190 2.945731 5.195213
v -5.821494 3.078874 6.029113
v -5.691751 3.114217 6.350090
v -5.312046 2.670544 6.813885
v -5.691751 2.604611 6.439948
v -5.830733 2.550454 6.132823
v -5.830733 2.916965 5.231421
v -5.821494 2.684978 3.795219
v -5.799189 2.338493 1.751391
v -5.799190 2.695570 3.776477
v -5.821494 2.936020 5.218943
v -5.830733 3.060062 6.042965
v 6.165207 1.006989 -5.352687
v -1.487376 3.161891 6.868374
v 6.165205 2.874571 5.238899
v -4.793357 3.161892 6.868372
v -5.830730 0.899807 -5.960547
v 1.408195 3.161891 6.868374
v 1.408197 0.719669 -6.982163
v -5.830731 1.617545 -1.890056
v 5.127829 3.161891 6.868374
v 6.165206 1.617545 -1.890054
v 6.165206 1.940780 -0.056894
v -5.691751 3.071822 6.357565
v -4.793355 0.719669 -6.982164
v 5.127831 0.719669 -6.982163
v -5.830730 1.006989 -5.352688
v -5.691749 0.809738 -6.471356
v -1.487375 0.719669 -6.982163
v -5.312044 0.743803 -6.845293
v -5.312046 3.137758 6.731503
v 3.683289 0.719669 -6.982163
v 6.165206 1.258394 -3.926896
v 6.165205 2.264016 1.776265
v -5.830733 2.874571 5.238896
v -5.830730 1.258394 -3.926899
v 6.165205 2.981753 5.846758
v -4.382946 0.719669 -6.982164
v -5.830731 2.264016 1.776263
v -5.830731 1.940781 -0.056896
v -5.830733 3.017668 6.050441
v 5.646519 0.743803 -6.845292
v -4.382948 3.161892 6.868372
v 5.646517 3.137758 6.731504
v 6.026223 3.071822 6.357566
v 6.165205 2.623167 3.813108
v 6.165207 0.899806 -5.960546
v 6.026226 0.809738 -6.471354
v 3.683286 3.161891 6.868374
v -5.830733 2.623166 3.813107
v 3.682807 4.625934 6.612929
v 1.407716 4.625934 6.612929
v -4.383425 2.183712 -7.237609
v -5.831210 2.363851 -6.215993
v -5.831210 2.471033 -5.608133
v -5.831210 2.722438 -4.182344
v -5.831213 4.481711 5.794996
v -5.831213 4.338614 4.983451
v -5.831211 3.404822 -0.312341
v 6.165207 1.116224 -5.998706
v -5.312046 3.354174 6.693342
v -5.830731 2.480433 1.738103
v -5.691751 3.288239 6.319404
v 1.240914 0.942240 -7.021409
v -5.830730 1.474812 -3.965059
v 6.165205 3.198170 5.808598
v 6.165207 1.223406 -5.390845
v -4.382948 3.378309 6.830213
v 6.165205 3.090987 5.200739
v 6.165205 2.480433 1.738104
v -4.793357 3.378309 6.830213
v -5.830733 3.234085 6.012281
v -4.215666 3.384462 6.829128
v -5.830731 1.833962 -1.928215
v 5.646517 3.354175 6.693343
v -4.048860 1.631396 -7.140221
v -3.995296 1.434521 -7.105506
v -3.649050 3.679870 6.779745
v -3.848957 3.732622 6.770443
v 0.873245 1.290398 -7.080092
v -3.649047 1.237647 -7.070792
v -3.848954 1.290399 -7.080093
v 1.073149 4.073618 6.710318
v 0.673337 3.679870 6.779747
v 1.019585 3.876745 6.745032
v -3.995299 3.876744 6.745030
v 6.164726 2.722438 -4.182342
v 6.164726 4.087208 3.557663
v 6.025745 2.273781 -6.726798
v 6.164725 4.338614 4.983454
v 6.164725 4.445795 5.591313
v 5.127352 2.183712 -7.237607
v 6.025743 4.535867 6.102120
v 3.682809 2.183712 -7.237607
v 5.646038 4.601801 6.476058
v 1.407718 2.183712 -7.237609
v 3.254820 1.532364 -7.571963
v 4.317331 1.118444 -7.696470
v 4.458394 1.145982 -7.650314
v 4.512000 1.186067 -7.760124
v 3.757879 2.591273 -6.905200
v 4.218117 1.993338 -2.655224
v 4.716942 1.957459 -2.858706
v 5.751074 1.646425 -4.622664
v 5.680599 1.553470 -5.149837
v 5.473978 1.466850 -5.641085
v 5.145292 1.392468 -6.062930
v 4.716941 1.335392 -6.386621
v 4.218115 1.299513 -6.590103
v 3.682808 1.287274 -6.659507
v 2.648676 1.335392 -6.386621
v 2.220325 1.392468 -6.062929
v 1.891639 1.466850 -5.641085
v -4.048860 2.521187 -5.616977
v -4.048860 2.242710 -7.196299
v 2.220325 1.900383 -3.182398
v 1.891639 1.826001 -3.604241
v 1.685018 1.739380 -4.095490
v 1.073150 3.454978 -0.321184
v 1.073150 3.778213 1.511976
v 1.073151 2.521188 -5.616976
v 1.073151 2.772592 -4.191186
v 3.147500 3.573599 6.306888
v 2.648674 3.537721 6.103407
v 4.716941 3.537721 6.103406
v 5.145292 3.480643 5.779714
v 5.473978 3.406263 5.357869
v 5.680598 3.319642 4.866622
v 5.473977 3.047112 3.321026
v 5.145290 2.972729 2.899181
v 4.716940 2.915653 2.575489
v 4.218113 2.879775 2.372008
v 3.682807 2.867536 2.302604
v 3.147501 2.879775 2.372008
v 2.648675 2.915654 2.575489
v 2.220323 2.972730 2.899182
v 3.682807 3.585838 6.376293
v 2.220323 3.480643 5.779714
v 1.891637 3.406263 5.357869
v 1.685017 3.319643 4.866622
v 1.614542 3.226686 4.339448
v 1.685017 3.133731 3.812274
v 1.073150 4.137363 3.548819
v 1.406101 3.233702 6.728299
v -1.464147 3.233702 6.728299
v 6.065434 1.364757 -3.871022
v 6.065434 1.117121 -5.275435
v 6.065434 1.011814 -5.872662
v 5.928884 0.923320 -6.374535
v 3.147502 1.299513 -6.590103
v 1.685018 1.553470 -5.149837
v 2.648676 1.957459 -2.858705
v 3.147502 1.993338 -2.655224
v 3.682808 2.005576 -2.585820
v 1.614543 1.646425 -4.622664
v 4.218115 3.573599 6.306888
v 5.751073 3.226686 4.339448
v 5.680597 3.133731 3.812273
v 1.891637 3.047111 3.321025
v 5.145294 1.900383 -3.182398
v 5.473980 1.826000 -3.604244
v 5.680599 1.739380 -4.095490
v 1.073151 2.221767 -7.229174
v 1.073151 2.242710 -7.196299
v 1.073151 2.183712 -7.237609
v 1.073149 4.667247 6.553931
v 1.073149 4.658809 6.591986
v -4.048862 4.625934 6.612928
v -4.048862 4.073618 6.710316
v -4.048862 4.667247 6.553930
v -4.048862 4.658808 6.591985
v 1.073149 4.388767 4.974609
v -4.048860 3.131743 -2.154344
v -4.048860 2.772592 -4.191187
v 1.019587 1.434521 -7.105505
v 1.073151 1.631395 -7.140219
v -1.487855 1.237647 -7.070790
v 0.673339 1.237646 -7.070790
v -4.048863 4.388767 4.974608
v -4.048863 4.137363 3.548818
v -4.048860 2.221767 -7.229174
v -5.160173 -0.000001 -0.054147
v -5.160172 -0.000001 -2.249850
v 1.715733 -0.000000 6.288996
v -1.722222 -0.000000 6.288996
v 0.357899 3.127185 -1.195274
v 0.283224 3.582103 -1.219217
v 0.283224 3.582103 -1.219217
v 0.283224 3.690570 -0.604069
v 0.283224 3.690570 -0.604069
v 0.357899 3.254899 -0.470977
v -0.536057 3.690570 -0.604069
v -0.536057 3.690570 -0.604069
v -0.610733 3.254899 -0.470977
v -0.536057 3.582103 -1.219217
v -0.536057 3.582103 -1.219217
v -0.610733 3.127185 -1.195274
v -0.883060 3.127185 -1.195274
v -0.957735 3.582103 -1.219217
v -0.957735 3.582103 -1.219217
v -0.957735 3.690570 -0.604069
v -0.957735 3.690570 -0.604069
v -0.883060 3.254899 -0.470977
v -1.777016 3.690570 -0.604070
v -1.777016 3.690570 -0.604070
v -1.851692 3.254899 -0.470977
v -1.777016 3.582103 -1.219217
v -1.777016 3.582103 -1.219217
v -1.851692 3.127185 -1.195274
v -2.124019 3.127185 -1.195274
v -2.198694 3.582103 -1.219217
v -2.198694 3.582103 -1.219217
v -2.198694 3.690570 -0.604070
v -2.198694 3.690570 -0.604070
v -2.124019 3.254899 -0.470977
v -3.017975 3.690570 -0.604070
v -3.017975 3.690570 -0.604070
v -3.092650 3.254899 -0.470977
v -3.017975 3.582103 -1.219217
v -3.017975 3.582103 -1.219217
v -3.092650 3.127185 -1.195274
v 0.357899 2.983523 -2.010011
v 0.283225 3.438443 -2.033954
v 0.283225 3.438443 -2.033954
v 0.283224 3.546912 -1.418807
v 0.283224 3.546912 -1.418807
v 0.357899 3.111236 -1.285714
v -0.536057 3.546912 -1.418807
v -0.536057 3.546912 -1.418807
v -0.610733 3.111236 -1.285714
v -0.536057 3.438443 -2.033954
v -0.536057 3.438443 -2.033954
v -0.610733 2.983523 -2.010011
v -0.883060 2.983523 -2.010011
v -0.957735 3.438443 -2.033954
v -0.957735 3.438443 -2.033954
v -0.957735 3.546912 -1.418807
v -0.957735 3.546912 -1.418807
v -0.883060 3.111236 -1.285714
v -1.777016 3.546912 -1.418807
v -1.777016 3.546912 -1.418807
v -1.851692 3.111236 -1.285715
v -1.777016 3.438443 -2.033954
v -1.777016 3.438443 -2.033954
v -1.851691 2.983523 -2.010011
v -2.124019 2.983523 -2.010011
v -2.198694 3.438443 -2.033954
v -2.198694 3.438443 -2.033954
v -2.198694 3.546912 -1.418807
v -2.198694 3.546912 -1.418807
v -2.124019 3.111236 -1.285715
v -3.017975 3.546912 -1.418807
v -3.017975 3.546912 -1.418807
v -3.092650 3.111236 -1.285715
v -3.017975 3.438441 -2.033954
v -3.017975 3.438441 -2.033954
v -3.092650 2.983523 -2.010011
v 0.357899 2.839864 -2.824748
v 0.283224 3.294784 -2.848692
v 0.283224 3.294784 -2.848692
v 0.283224 3.403251 -2.233545
v 0.283224 3.403251 -2.233545
v 0.357899 2.967576 -2.100451
v -0.536057 3.403251 -2.233545
v -0.536057 3.403251 -2.233545
v -0.610733 2.967576 -2.100452
v -0.536057 3.294784 -2.848692
v -0.536057 3.294784 -2.848692
v -0.610733 2.839864 -2.824748
v -0.883060 2.839864 -2.824748
v -0.957735 3.294784 -2.848692
v -0.957735 3.294784 -2.848692
v -0.957735 3.403251 -2.233545
v -0.957735 3.403251 -2.233545
v -0.883060 2.967576 -2.100452
v -1.777016 3.403251 -2.233545
v -1.777016 3.403251 -2.233545
v -1.851691 2.967576 -2.100452
v -1.777016 3.294784 -2.848692
v -1.777016 3.294784 -2.848692
v -1.851691 2.839864 -2.824749
v -2.124019 2.839864 -2.824749
v -2.198692 3.294784 -2.848691
v -2.198692 3.294784 -2.848691
v -2.198694 3.403251 -2.233545
v -2.198694 3.403251 -2.233545
v -2.124019 2.967576 -2.100451
v -3.017975 3.403251 -2.233545
v -3.017975 3.403251 -2.233545
v -3.092650 2.967576 -2.100452
v -3.017973 3.294784 -2.848692
v -3.017973 3.294784 -2.848692
v -3.092650 2.839864 -2.824749
v 0.357899 2.696204 -3.639486
v 0.283224 3.151124 -3.663429
v 0.283224 3.151124 -3.663429
v 0.283224 3.259589 -3.048282
v 0.283224 3.259589 -3.048282
v 0.357899 2.823916 -2.915189
v -0.536057 3.259589 -3.048282
v -0.536057 3.259589 -3.048282
v -0.610733 2.823916 -2.915189
v -0.536057 3.151124 -3.663429
v -0.536057 3.151124 -3.663429
v -0.610733 2.696204 -3.639487
v -0.883060 2.696204 -3.639487
v -0.957735 3.151124 -3.663429
v -0.957735 3.151124 -3.663429
v -0.957735 3.259589 -3.048282
v -0.957735 3.259589 -3.048282
v -0.883060 2.823916 -2.915189
v -1.777016 3.259589 -3.048282
v -1.777016 3.259589 -3.048282
v -1.851691 2.823916 -2.915189
v -1.777016 3.151124 -3.663429
v -1.777016 3.151124 -3.663429
v -1.851691 2.696204 -3.639487
v -2.124019 2.696204 -3.639487
v -2.198692 3.151124 -3.663429
v -2.198692 3.151124 -3.663429
v -2.198692 3.259589 -3.048282
v -2.198692 3.259589 -3.048282
v -2.124019 2.823916 -2.915189
v -3.017974 3.259589 -3.048282
v -3.017974 3.259589 -3.048282
v -3.092650 2.823916 -2.915190
v -3.017973 3.151124 -3.663429
v -3.017973 3.151124 -3.663429
v -3.092650 2.696204 -3.639487
v 0.357901 2.265224 -6.083699
v 0.283225 2.720143 -6.107641
v 0.283225 2.720143 -6.107641
v 0.283224 2.828609 -5.492493
v 0.283224 2.828609 -5.492493
v 0.357900 2.392936 -5.359400
v -0.536057 2.828609 -5.492494
v -0.536057 2.828609 -5.492494
v -0.610732 2.392936 -5.359401
v -0.536056 2.720143 -6.107641
v -0.536056 2.720143 -6.107641
v -0.610732 2.265224 -6.083699
v -0.676232 2.265224 -6.083699
v -0.750908 2.720143 -6.107641
v -0.750908 2.720143 -6.107641
v -0.750908 2.828609 -5.492493
v -0.750908 2.828609 -5.492493
v -0.676233 2.392936 -5.359401
v -1.570189 2.828609 -5.492494
v -1.570189 2.828609 -5.492494
v -1.644864 2.392936 -5.359401
v -1.570188 2.720143 -6.107641
v -1.570188 2.720143 -6.107641
v -1.644864 2.265224 -6.083699
v -1.710366 2.265224 -6.083699
v -1.785040 2.720143 -6.107641
v -1.785040 2.720143 -6.107641
v -1.785041 2.828609 -5.492493
v -1.785041 2.828609 -5.492493
v -1.710366 2.392936 -5.359401
v -2.604322 2.828609 -5.492494
v -2.604322 2.828609 -5.492494
v -2.678998 2.392936 -5.359402
v -2.604322 2.720143 -6.107641
v -2.604322 2.720143 -6.107641
v -2.678997 2.265224 -6.083699
v -2.744499 2.265222 -6.083698
v -2.819172 2.720143 -6.107641
v -2.819172 2.720143 -6.107641
v -2.819172 2.828609 -5.492494
v -2.819172 2.828609 -5.492494
v -2.744499 2.392936 -5.359401
v -3.638453 2.828610 -5.492494
v -3.638453 2.828610 -5.492494
v -3.713131 2.392936 -5.359402
v -3.638453 2.720143 -6.107641
v -3.638453 2.720143 -6.107641
v -3.713131 2.265224 -6.083699
v 0.357899 3.450419 0.637886
v 0.283223 3.905339 0.613943
v 0.283223 3.905339 0.613943
v 0.283223 4.013804 1.229089
v 0.283223 4.013804 1.229089
v 0.357899 3.578132 1.362182
v -0.536057 4.013804 1.229089
v -0.536057 4.013804 1.229089
v -0.610733 3.578132 1.362182
v -0.536057 3.905339 0.613943
v -0.536057 3.905339 0.613943
v -0.610733 3.450419 0.637886
v -0.883060 3.450419 0.637886
v -0.957735 3.905339 0.613942
v -0.957735 3.905339 0.613942
v -0.957735 4.013804 1.229089
v -0.957735 4.013804 1.229089
v -0.883060 3.578132 1.362182
v -1.777016 4.013804 1.229089
v -1.777016 4.013804 1.229089
v -1.851693 3.578132 1.362182
v -1.777016 3.905339 0.613942
v -1.777016 3.905339 0.613942
v -1.851693 3.450419 0.637886
v -2.124019 3.450419 0.637886
v -2.198694 3.905339 0.613942
v -2.198694 3.905339 0.613942
v -2.198694 4.013804 1.229089
v -2.198694 4.013804 1.229089
v -2.124019 3.578132 1.362182
v -3.017975 4.013804 1.229089
v -3.017975 4.013804 1.229089
v -3.092650 3.578132 1.362182
v -3.017975 3.905339 0.613942
v -3.017975 3.905339 0.613942
v -3.092650 3.450419 0.637885
v -3.622900 4.228576 2.447101
v -3.622900 4.228576 2.447101
v -2.578009 4.228576 2.447101
v -2.578009 4.228576 2.447101
v -3.697574 3.773654 2.471044
v -3.622900 4.372954 3.265932
v -3.622900 4.372954 3.265932
v -3.697574 3.937282 3.399025
v -2.578009 4.372954 3.265932
v -2.578009 4.372954 3.265932
v -2.503334 3.937284 3.399026
v -2.503333 3.773654 2.471045
v -5.160175 -0.000000 5.632961
v -5.072295 -0.000000 5.960978
v -4.832200 -0.000000 6.201101
v 5.420036 -0.000001 -4.689518
v 5.420036 -0.000001 -5.727500
v 5.420035 -0.000001 -0.054146
v 5.420035 -0.000000 -2.249848
v 5.420035 -0.000000 2.141557
v 5.420034 -0.000000 4.581227
v -5.160175 -0.000001 4.581224
v -5.160175 -0.000001 2.141556
v 5.327663 -0.000000 -6.062394
v 5.075295 -0.000000 -6.307552
v -4.472350 -0.000000 -6.397288
v -4.816261 -0.000000 -6.307544
v -5.068023 -0.000000 -6.062358
v -5.160172 -0.000000 -5.727428
v 5.332146 -0.000000 5.960979
v 5.420034 -0.000000 5.632964
v 5.092030 -0.000000 6.201104
v 4.764025 -0.000000 6.288996
v -5.160172 -0.000001 -4.689519
v -1.722219 -0.000000 -6.397288
v 1.715735 -0.000000 -6.397286
v 4.730555 -0.000000 -6.397286
v -4.504222 -0.000000 6.288994
v 6.065434 2.034579 -0.072273
v 6.065434 1.717626 -1.869805
v 6.065432 3.056715 5.724553
v 6.065432 2.952037 5.130888
v 5.928882 3.145209 6.226427
v -5.735149 1.364757 -3.871023
v -5.735149 1.717625 -1.869807
v -5.735149 2.351533 1.725256
v -5.735149 2.704401 3.726473
v 1.406103 0.834827 -6.876409
v 3.634164 0.834827 -6.876409
v 6.065434 2.351532 1.725259
v 5.555817 3.209991 6.593822
v 5.046202 3.233702 6.728299
v 3.634162 3.233702 6.728299
v -4.715920 3.233703 6.728297
v -4.323543 3.233703 6.728297
v -5.735149 2.952036 5.130887
v -4.048860 1.631396 -7.140221
v -3.995296 1.434521 -7.105506
v -3.649050 3.679870 6.779745
v -3.848957 3.732622 6.770443
v -3.848954 1.290399 -7.080093
v -3.649047 1.237647 -7.070792
v 1.073149 4.073618 6.710318
v 1.019585 3.876745 6.745032
v -3.995299 3.876744 6.745030
v -4.048862 3.778213 1.511975
v -4.048862 3.454978 -0.321184
v 1.073149 4.625934 6.612929
v 1.073151 3.131743 -2.154343
v -4.048860 2.183712 -7.237609
v 6.065434 2.704401 3.726474
v -4.323540 0.834827 -6.876411
v -4.715917 0.834827 -6.876411
v -5.598598 0.923320 -6.374537
v -5.735149 1.011814 -5.872663
v -5.735149 1.117122 -5.275437
v -5.735149 3.092630 5.928235
v -5.598599 3.145209 6.226424
v -5.735149 2.034579 -0.072275
v 5.046204 0.834827 -6.876409
v 5.555819 0.858538 -6.741932
v -1.464146 0.834827 -6.876409
v -5.225534 3.209991 6.593820
v -5.225532 0.858539 -6.741934
v 0.873243 3.732621 6.770444
v 0.673337 3.679870 6.779747
v -1.487856 3.679870 6.779747
v 0.873245 1.290398 -7.080092
vn -0.9976 0.0301 0.0626
vn 0.0467 -0.8156 0.5767
vn 0.0107 -0.9797 -0.2001
vn -0.9329 -0.0598 -0.3552
vn 0.9089 -0.0847 -0.4083
vn -0.0442 0.8227 -0.5667
vn 0.9945 0.0274 -0.1008
vn 0.9916 -0.0319 -0.1255
vn 0.0550 -0.6049 0.7944
vn -0.0341 0.6040 -0.7962
vn -0.9950 0.0712 0.0699
vn 0.9834 -0.1437 -0.1107
vn 0.0123 -0.3186 0.9478
vn -0.0147 0.3250 -0.9456
vn -0.9852 0.1693 0.0282
vn 0.9140 -0.3990 -0.0740
vn 0.0108 -0.2544 0.9670
vn 0.0408 0.2174 -0.9752
vn -0.9198 0.3820 0.0898
vn -0.2541 0.8746 -0.4129
vn 0.5469 -0.4980 0.6730
vn -0.3481 0.5507 0.7586
vn 0.6870 0.0032 -0.7266
vn 0.8448 -0.1459 -0.5148
vn -0.6642 -0.7130 -0.2246
vn 0.7466 -0.5702 0.3426
vn 0.6545 0.5942 -0.4675
vn 0.0058 -0.9713 0.2378
vn -0.9995 0.0151 0.0260
vn -0.8934 -0.1740 -0.4142
vn -0.6573 0.5476 -0.5178
vn -0.7191 0.5972 -0.3553
vn -0.0058 0.9714 -0.2376
vn -0.0583 0.6428 -0.7638
vn -0.6820 -0.5689 0.4596
vn 0.9996 0.0151 -0.0232
vn 0.6500 -0.7171 -0.2515
vn 0.7494 -0.4552 0.4808
vn 0.6589 0.3968 -0.6391
vn -0.7150 0.4759 -0.5121
vn -0.6788 -0.3869 0.6242
vn 0.0555 -0.7196 0.6922
vn 0.9942 0.0071 -0.1075
vn -0.0459 0.7227 -0.6896
vn -0.9971 0.0319 0.0693
vn 0.7260 -0.3351 0.6005
vn 0.6699 0.1258 -0.7317
vn -0.6932 0.3414 -0.6348
vn -0.7045 -0.1069 0.7016
vn 0.0362 -0.4856 0.8734
vn 0.9869 -0.1111 -0.1166
vn -0.9880 0.1325 0.0792
vn -0.0093 0.4837 -0.8752
vn 0.6435 -0.4521 0.6177
vn 0.6707 -0.1239 -0.7313
vn -0.6332 0.4340 -0.6409
vn -0.6460 0.0948 0.7574
vn -0.9729 0.2230 0.0618
vn 0.0467 -0.2127 0.9760
vn 0.9712 -0.2298 -0.0629
vn 0.0124 0.2052 -0.9786
vn 0.8161 -0.5601 -0.1426
vn 0.0730 0.0651 0.9952
vn -0.4894 0.8500 0.1948
vn 0.2258 0.5824 -0.7809
vn 0.3166 0.4972 -0.8078
vn -0.8830 0.4594 0.0960
vn 0.1943 -0.1057 0.9752
vn 0.8333 -0.5468 -0.0815
vn 0.7314 -0.1464 -0.6661
vn -0.2658 0.5253 0.8083
vn 0.6152 -0.5602 0.5547
vn 0.7078 -0.3099 0.6348
vn -0.6858 0.3044 -0.6611
vn 0.6870 -0.0152 -0.7265
vn -0.2027 0.8928 -0.4022
vn -0.6988 0.4363 -0.5669
vn 0.6747 0.2605 -0.6906
vn -0.6817 -0.2547 0.6858
vn -0.6621 0.0090 0.7494
vn 0.7153 -0.6822 0.1515
vn 0.7272 -0.4253 0.5388
vn -0.7236 0.5328 -0.4388
vn 0.6943 0.6956 -0.1845
vn 0.7491 -0.5115 0.4211
vn -0.7026 0.6956 -0.1501
vn 0.5642 0.4330 -0.7030
vn -0.6737 -0.4970 0.5469
vn -0.7070 -0.6822 0.1864
vn 0.6544 0.5103 -0.5580
vn -0.4666 0.6287 -0.6221
vn 0.5109 -0.6150 0.6007
vn -0.5782 0.2820 0.7656
vn 0.6117 -0.2701 -0.7436
vn 0.7773 -0.6208 -0.1021
vn -0.0449 -0.2471 0.9679
vn -0.7541 0.6495 0.0978
vn 0.1067 0.2415 -0.9645
vn -0.4432 0.6751 -0.5898
vn 0.4621 -0.6712 0.5797
vn -0.5095 0.3445 0.7885
vn 0.5364 -0.3298 -0.7769
vn 0.6959 -0.7051 -0.1360
vn -0.0311 -0.2409 0.9700
vn -0.6793 0.7215 0.1343
vn 0.0629 0.2424 -0.9681
vn -0.4453 0.6835 -0.5785
vn 0.4376 -0.7204 0.5380
vn -0.4330 0.3666 0.8235
vn 0.4410 -0.3776 -0.8142
vn 0.6116 -0.7686 -0.1876
vn 0.0223 -0.2628 0.9646
vn -0.6328 0.7577 0.1596
vn 0.0026 0.2211 -0.9753
vn -0.3786 0.7471 -0.5464
vn 0.3764 -0.7846 0.4927
vn -0.2667 0.4033 0.8753
vn 0.3026 -0.4307 -0.8502
vn 0.4663 -0.8500 -0.2450
vn 0.0937 -0.2829 0.9546
vn -0.4815 0.8462 0.2283
vn -0.0438 0.2185 -0.9749
vn -0.2597 0.8331 -0.4884
vn -0.1372 0.8660 -0.4808
vn 0.1031 -0.8955 0.4329
vn 0.2577 -0.8563 0.4476
vn -0.1060 0.4144 0.9039
vn 0.0262 0.4395 0.8979
vn 0.1396 -0.4506 -0.8817
vn -0.0232 -0.4793 -0.8774
vn 0.0611 -0.9473 -0.3144
vn 0.2744 -0.9124 -0.3038
vn 0.1100 -0.3202 0.9409
vn 0.0926 -0.3297 0.9395
vn -0.0742 0.9477 0.3103
vn -0.2714 0.9122 0.3071
vn -0.0797 0.2572 -0.9631
vn -0.1099 0.2513 -0.9617
vn 0.3540 0.2238 -0.9081
vn -0.1461 0.9310 0.3344
vn -0.4026 -0.2001 0.8933
vn 0.0765 -0.9794 -0.1870
vn 0.3218 -0.4663 -0.8240
vn -0.3731 0.4180 0.8283
vn -0.2469 -0.7860 0.5667
vn 0.1979 0.8536 -0.4818
vn 0.9688 0.2311 0.0901
vn -0.3626 0.9314 -0.0324
vn -0.9759 -0.2044 -0.0762
vn 0.1941 -0.9809 0.0149
vn 0.8764 -0.4757 0.0750
vn -0.9032 0.4228 -0.0742
vn -0.6110 -0.7902 -0.0471
vn 0.5067 0.8608 0.0477
vn -0.3354 0.2229 0.9153
vn -0.0170 0.9481 -0.3174
vn 0.3468 -0.2816 -0.8947
vn 0.0407 -0.9662 0.2545
vn -0.2066 -0.5286 0.8233
vn 0.2357 0.4587 -0.8568
vn 0.2634 -0.8580 -0.4410
vn -0.2618 0.8586 0.4408
vn -0.5145 0.2115 0.8310
vn -0.1958 0.8767 -0.4393
vn 0.5560 -0.2805 -0.7824
vn 0.2347 -0.8974 0.3735
vn -0.1920 -0.5039 0.8421
vn 0.2516 0.4169 -0.8735
vn 0.5360 -0.8004 -0.2685
vn -0.5182 0.8063 0.2852
vn -0.6680 0.0663 0.7412
vn -0.4092 0.6932 -0.5933
vn 0.7292 -0.1587 -0.6656
vn 0.4678 -0.7066 0.5309
vn -0.1271 -0.4598 0.8789
vn 0.2267 0.3767 -0.8982
vn 0.8080 -0.5835 -0.0821
vn -0.8075 0.5792 0.1117
vn -0.6171 0.3485 0.7055
vn -0.5164 0.7646 -0.3857
vn 0.6817 0.5710 -0.4575
vn 0.6213 -0.0543 0.7817
vn -0.0659 0.1103 0.9917
vn 0.0740 0.7770 -0.6252
vn 0.9866 0.1413 0.0819
vn -0.2772 0.9154 0.2918
vn -0.5092 0.4062 0.7588
vn -0.6570 0.2930 -0.6946
vn 0.7692 0.5241 -0.3656
vn 0.7112 -0.0134 0.7029
vn 0.0780 0.1137 0.9905
vn 0.1213 0.8103 -0.5733
vn 0.9755 0.1334 0.1752
vn -0.9970 0.0584 -0.0504
vn -0.7775 -0.2771 0.5646
vn -0.6324 0.4158 -0.6536
vn 0.7167 0.3344 -0.6120
vn 0.6837 -0.3763 0.6252
vn -0.0660 -0.4822 0.8736
vn 0.0520 0.5046 -0.8618
vn 0.9995 -0.0327 0.0013
vn -0.9920 0.0998 -0.0775
vn -0.7886 -0.4401 0.4295
vn -0.6128 0.6308 -0.4760
vn 0.7253 0.4997 -0.4736
vn 0.6693 -0.5979 0.4410
vn -0.0844 -0.7628 0.6411
vn 0.0716 0.7656 -0.6394
vn 0.9974 -0.0656 -0.0291
vn -0.9885 0.1445 -0.0441
vn -0.7864 -0.5396 0.3006
vn -0.6102 0.7473 -0.2632
vn 0.7542 0.5828 -0.3025
vn 0.6419 -0.7210 0.2610
vn -0.1013 -0.9103 0.4014
vn 0.0956 0.9156 -0.3906
vn 0.9948 -0.0964 -0.0334
vn -0.9878 0.1545 0.0195
vn -0.7829 -0.5675 0.2551
vn -0.6094 0.7736 -0.1738
vn 0.7692 0.5964 -0.2294
vn 0.6329 -0.7492 0.1954
vn -0.1054 -0.9437 0.3134
vn 0.1084 0.9515 -0.2881
vn 0.9937 -0.1084 -0.0294
vn -0.9873 0.1506 0.0510
vn -0.0266 0.2238 0.9743
vn 0.0268 0.2135 0.9766
vn -0.0181 0.2149 0.9765
vn 0.0042 0.9622 -0.2725
vn -0.0125 0.9536 -0.3008
vn 0.0033 0.9583 -0.2856
vn 0.0162 -0.2286 -0.9734
vn -0.0430 -0.2141 -0.9759
vn 0.0110 -0.2204 -0.9753
vn 0.0083 -0.9603 0.2789
vn -0.0078 -0.9602 0.2791
vn -0.0050 -0.9585 0.2852
vn -0.0236 -0.4606 0.8873
vn 0.0258 -0.4355 0.8998
vn -0.0160 -0.4402 0.8977
vn -0.0385 0.4300 -0.9020
vn 0.0154 0.4613 -0.8871
vn 0.0107 0.4414 -0.8973
vn 0.0090 -0.8359 -0.5488
vn -0.0242 -0.8138 -0.5806
vn 0.0063 -0.8236 -0.5671
vn 0.0167 0.8213 0.5703
vn -0.0144 0.8322 0.5542
vn -0.0099 0.8215 0.5701
vn -0.0140 0.2252 -0.9742
vn 0.0766 0.2149 -0.9736
vn 0.0020 0.9586 0.2849
vn -0.0312 0.9476 0.3180
vn 0.0060 -0.2283 0.9736
vn -0.0870 -0.2071 0.9745
vn 0.0179 -0.9668 -0.2548
vn -0.0005 -0.9609 -0.2770
vn -0.0110 -0.4607 -0.8875
vn 0.0693 -0.4499 -0.8904
vn -0.0811 0.4296 0.8994
vn 0.0050 0.4555 0.8902
vn 0.0064 -0.8352 0.5499
vn -0.0525 -0.8057 0.5900
vn 0.0437 0.8321 -0.5530
vn -0.0069 0.8366 -0.5477
vn 0.1184 0.2147 0.9695
vn 0.2981 0.2202 0.9288
vn -0.0497 0.9476 -0.3155
vn -0.1228 0.9432 -0.3088
vn -0.1769 -0.2097 -0.9616
vn -0.3799 -0.2086 -0.9012
vn 0.0806 -0.9699 0.2299
vn 0.0386 -0.9643 0.2619
vn 0.1135 -0.4368 0.8924
vn 0.2803 -0.4474 0.8493
vn -0.3470 0.4236 -0.8368
vn -0.1590 0.4239 -0.8916
vn -0.0992 -0.8055 -0.5843
vn -0.2255 -0.8014 -0.5540
vn 0.1772 0.8370 0.5176
vn 0.0753 0.8263 0.5581
vn 0.5759 0.2322 0.7838
vn 0.8446 0.2341 0.4815
vn -0.2153 0.9378 -0.2723
vn -0.3044 0.9378 -0.1668
vn -0.6363 -0.2093 -0.7425
vn -0.8533 -0.2085 -0.4779
vn 0.1798 -0.9780 0.1059
vn 0.1344 -0.9774 0.1632
vn 0.5295 -0.4710 0.7055
vn 0.7659 -0.4771 0.4310
vn -0.7874 0.4286 -0.4431
vn -0.5830 0.4280 -0.6907
vn -0.3837 -0.7990 -0.4630
vn -0.5278 -0.7985 -0.2896
vn 0.4455 0.8569 0.2593
vn 0.3163 0.8546 0.4119
vn 0.9143 0.2346 -0.3302
vn 0.6902 0.2304 -0.6859
vn -0.3287 0.9374 0.1148
vn -0.2564 0.9365 0.2391
vn -0.9164 -0.2077 0.3421
vn -0.7362 -0.2060 0.6446
vn 0.1538 -0.9783 -0.1389
vn 0.1905 -0.9788 -0.0756
vn 0.8223 -0.4815 -0.3034
vn 0.6250 -0.4755 -0.6191
vn -0.6795 0.4268 0.5967
vn -0.8474 0.4298 0.3118
vn -0.5652 -0.7981 0.2087
vn -0.4473 -0.7954 0.4090
vn 0.3771 0.8560 -0.3537
vn 0.4808 0.8591 -0.1754
vn -0.7441 -0.0880 0.6623
vn -0.7418 -0.0267 0.6701
vn -0.6087 0.4239 -0.6707
vn -0.5794 0.4934 -0.6487
vn 0.7705 0.1266 -0.6248
vn 0.7716 0.0025 -0.6362
vn 0.5905 -0.4946 0.6377
vn 0.6451 -0.3713 0.6678
vn -0.0661 -0.3373 0.9391
vn -0.0946 -0.3739 0.9226
vn 0.1365 0.3577 -0.9238
vn 0.1114 0.3780 -0.9191
vn 0.9831 -0.1810 0.0283
vn 0.9396 -0.3420 0.0100
vn -0.9419 0.3357 0.0080
vn -0.9729 0.2307 -0.0155
vn -0.0091 0.7934 -0.6086
vn -0.0371 -0.7141 -0.6990
vn 0.6332 0.5314 -0.5628
vn -0.6583 0.4235 -0.6223
vn 0.6189 -0.7345 -0.2785
vn -0.6299 -0.7411 -0.2325
vn -0.0000 0.0273 -0.9996
vn -0.0000 0.9848 -0.1736
vn -0.0000 0.5824 -0.8129
vn -0.0000 0.9999 0.0165
vn -0.0000 0.1736 0.9848
vn -0.0000 0.3675 0.9300
vn -0.0000 0.8253 0.5647
vn -0.0000 -0.1736 -0.9848
vn -0.0000 0.9339 -0.3575
vn 0.9464 0.2408 0.2151
vn 0.6648 0.7454 0.0494
vn -0.8486 0.2819 0.4478
vn -0.5960 0.7742 0.2129
vn 0.9061 0.2573 0.3357
vn 0.1802 0.9788 -0.0968
vn 0.6533 0.7434 0.1437
vn 0.8486 0.2818 0.4478
vn 0.5960 0.7742 0.2129
vn 0.4899 0.3441 0.8010
vn 0.0971 0.9953 -0.0048
vn 0.3441 0.8180 0.4610
vn 0.2536 0.3611 0.8974
vn 0.1781 0.8299 0.5287
vn -0.9464 0.2408 0.2151
vn -0.6648 0.7454 0.0494
vn -0.1942 0.9661 -0.1703
vn -0.9798 0.1968 -0.0347
vn -0.6882 0.7145 -0.1260
vn 0.9464 0.1527 -0.2844
vn 0.1875 0.9573 -0.2198
vn 0.6648 0.6836 -0.3014
vn 0.0010 0.3616 0.9323
vn 0.1336 -0.1139 0.9845
vn -0.0000 -0.9899 -0.1419
vn -0.0000 -0.8514 -0.5245
vn 0.0804 -0.6340 0.7691
vn 0.1343 -0.9053 0.4029
vn -0.0000 -0.1003 0.9950
vn -0.0000 -0.4324 -0.9017
vn -0.0000 -0.6241 0.7813
vn 0.0336 -0.8881 0.4585
vn -0.0000 -0.8831 0.4692
vn -0.0813 -0.8560 -0.5106
vn -0.2588 -0.1677 -0.9513
vn -0.9659 0.0449 0.2549
vn -0.5000 0.1504 0.8529
vn 0.5000 0.1504 0.8529
vn 0.8660 0.0868 0.4924
vn 0.9659 -0.0449 -0.2549
vn 0.7071 -0.1228 -0.6964
vn -0.1333 -0.4409 -0.8876
vn -0.0000 0.9382 -0.3462
vn -0.0343 -0.9908 -0.1307
vn -0.3153 -0.8559 -0.4100
vn -0.4805 -0.4340 -0.7620
vn -0.0971 0.9369 -0.3359
vn 0.1942 0.9661 -0.1703
vn -0.0178 0.9323 -0.3613
vn -0.1374 -0.9878 -0.0736
vn -0.5767 -0.7960 -0.1840
vn -0.8244 -0.3632 -0.4341
vn -0.1875 0.9748 -0.1209
vn -0.1332 -0.1128 0.9847
vn -0.0809 -0.6328 0.7701
vn 0.0502 0.9986 0.0143
vn -0.2685 -0.9629 0.0272
vn -0.7101 -0.7033 0.0349
vn 0.1681 0.9829 -0.0748
vn -0.9602 -0.2624 -0.0957
vn -0.3142 -0.6663 0.6762
vn -0.1681 0.9829 -0.0747
vn -0.4802 -0.1489 0.8645
vn -0.0340 -0.8877 0.4592
vn -0.1719 0.9525 -0.2514
vn -0.3638 -0.9231 0.1247
vn -0.7408 -0.6615 0.1166
vn -0.9762 -0.2134 0.0376
vn -0.5318 -0.6930 0.4868
vn -0.7841 -0.1913 0.5904
vn -0.0502 0.9335 -0.3550
vn -0.1365 -0.9039 0.4053
vn -0.3893 -0.9071 0.1600
vn 0.0971 0.9369 -0.3359
vn -0.6916 -0.6754 0.2559
vn -0.9423 -0.2115 0.2597
vn -0.2402 -0.9156 0.3225
vn -0.2619 0.9504 -0.1676
vn 0.1802 0.9529 -0.2438
vn -0.1802 0.9529 -0.2438
vn -0.3506 -0.9109 0.2177
vn 0.1681 0.9829 -0.0747
vn -0.2343 0.9615 -0.1433
vn -0.1803 0.9788 -0.0968
vn -0.1373 0.9899 -0.0352
vn -0.0502 0.9986 0.0143
vn 0.2516 0.9531 -0.1681
vn 0.2356 0.9542 -0.1845
vn 0.0173 0.9324 -0.3610
vn -0.0000 0.9285 -0.3714
vn -0.0000 0.9996 0.0293
vn 0.1681 0.9492 -0.2659
vn -0.0826 0.9963 -0.0237
vn 0.0502 0.9335 -0.3550
vn 0.8660 -0.0862 -0.4926
vn 0.0011 -0.1719 -0.9851
vn 0.0005 -0.1727 -0.9850
vn 0.1305 -0.1711 -0.9766
vn 1.0000 0.0002 -0.0000
vn -0.4999 -0.1496 -0.8531
vn 0.0011 0.1719 0.9851
vn -1.0000 -0.0002 -0.0000
vn -0.1373 0.9422 -0.3055
vn -0.1305 -0.1712 -0.9766
vn -0.0000 0.1726 0.9850
vn -0.0000 -0.1726 -0.9850
vn 0.1306 0.1712 0.9766
vn -0.0000 0.1693 0.9856
vn 0.4999 -0.1494 -0.8531
vn -0.0005 -0.1727 -0.9850
vn -0.9914 -0.0227 -0.1286
vn 0.0005 0.1727 0.9850
vn -0.8659 -0.0865 -0.4926
vn -0.0000 -0.1693 -0.9856
vn 0.8661 0.0864 0.4923
vn 0.9798 0.1968 -0.0347
vn 0.6882 0.7145 -0.1260
vn -0.4899 0.0494 -0.8704
vn -0.3441 0.6110 -0.7129
vn -0.2536 0.0324 -0.9668
vn -0.1781 0.5991 -0.7806
vn -0.0000 0.0266 -0.9996
vn -0.0000 0.5950 -0.8037
vn 0.2536 0.0324 -0.9668
vn 0.1781 0.5991 -0.7806
vn 0.8486 0.1117 -0.5172
vn 0.5000 -0.1504 -0.8529
vn -0.5000 -0.1504 -0.8529
vn -0.9659 -0.0449 -0.2549
vn -0.8660 0.0868 0.4924
vn 0.2588 0.1677 0.9513
vn 0.7071 0.1228 0.6964
vn 0.8660 -0.0868 -0.4924
vn -0.1681 0.9492 -0.2659
vn -0.8486 0.1117 -0.5172
vn -0.5960 0.6547 -0.4649
vn -0.6928 0.0765 -0.7170
vn -0.4866 0.6300 -0.6052
vn -0.9061 0.2573 0.3358
vn -0.1802 0.9788 -0.0968
vn -0.6533 0.7434 0.1437
vn -0.1941 0.9661 -0.1703
vn -0.1875 0.9573 -0.2198
vn -0.9464 0.1527 -0.2844
vn -0.6648 0.6836 -0.3014
vn 0.1781 0.5990 -0.7807
vn 0.4899 0.0494 -0.8704
vn 0.3441 0.6110 -0.7129
vn 0.6928 0.0765 -0.7170
vn 0.1373 0.9422 -0.3055
vn 0.4866 0.6300 -0.6052
vn 0.5960 0.6547 -0.4649
vn 0.9061 0.1270 -0.4035
vn 0.6533 0.6494 -0.3893
vn -0.0000 1.0000 0.0044
vn -0.0000 0.3669 0.9303
vn -0.0000 0.8340 0.5518
vn -0.2536 0.3611 0.8974
vn -0.1781 0.8299 0.5287
vn -0.0971 0.9953 -0.0048
vn -0.4899 0.3441 0.8010
vn -0.3441 0.8180 0.4610
vn 0.9061 0.2573 0.3358
vn 0.1941 0.9661 -0.1703
vn -0.6928 0.3171 0.6476
vn -0.4866 0.7990 0.3533
vn 0.6928 0.3171 0.6476
vn 0.1373 0.9899 -0.0351
vn 0.4866 0.7990 0.3533
vn 0.1373 0.9899 -0.0352
vn -0.9061 0.1270 -0.4035
vn -0.6533 0.6494 -0.3893
vn 0.1875 0.9748 -0.1209
vn 0.6929 0.0765 -0.7170
vn -0.1781 0.5990 -0.7806
vn -0.1373 0.9899 -0.0351
vn -0.0000 0.9320 -0.3624
vn -0.0000 0.5736 -0.8192
vn -0.0010 0.0227 -0.9997
vn -0.0000 0.9998 0.0218
vn -0.0000 0.8191 0.5736
vn -1.0000 -0.0000 -0.0000
vn 1.0000 -0.0000 -0.0000
vn -0.0000 0.9835 -0.1809
vn -0.0010 0.3616 0.9323
vn 0.0010 0.0227 -0.9997
vn -0.0003 -0.1655 -0.9862
vn -0.0063 -0.1711 -0.9852
vn -0.0000 0.1649 0.9863
vn -0.0028 0.1718 0.9851
vn -0.0000 0.9860 -0.1665
vn -0.0000 -0.1649 -0.9863
vn -0.0028 -0.1718 -0.9851
vn 0.0025 0.1688 0.9857
vn -0.1306 0.9776 -0.1651
vn -0.9915 0.1281 -0.0216
vn -0.5005 0.8536 -0.1441
vn -0.8665 0.4921 -0.0831
vn 0.9915 0.1281 -0.0216
vn 0.1306 0.9776 -0.1651
vn 0.8665 0.4921 -0.0831
vn 0.5005 0.8536 -0.1441
vn -0.9915 0.1278 -0.0235
vn -0.1306 0.9751 -0.1793
vn -0.8665 0.4909 -0.0903
vn -0.5005 0.8514 -0.1566
vn 0.1306 0.9751 -0.1793
vn 0.9915 0.1278 -0.0235
vn 0.5005 0.8514 -0.1566
vn 0.8665 0.4909 -0.0903
vn -0.7071 0.6963 -0.1228
vn -0.9808 0.1919 -0.0338
vn -0.7071 0.6964 -0.1228
vn -0.1951 0.9659 -0.1703
vn -0.7097 0.7038 0.0302
vn -0.5963 0.7504 0.2852
vn -0.1096 0.9938 0.0175
vn -0.1744 0.9835 -0.0487
vn -0.2109 0.9698 -0.1226
vn -0.8093 0.2862 0.5129
vn -0.3641 0.7845 0.5020
vn -0.0273 0.9990 0.0343
vn -0.7141 0.6668 -0.2130
vn -0.4905 0.3385 0.8030
vn -0.0940 0.8071 0.5828
vn -0.2072 0.9583 -0.1967
vn -0.1898 0.9418 -0.2773
vn -0.1096 0.9279 -0.3563
vn -0.6306 0.6117 -0.4776
vn -0.1281 0.3585 0.9247
vn -0.0273 0.9271 -0.3739
vn -0.3641 0.5655 -0.7401
vn -0.8494 0.1072 -0.5167
vn -0.0005 0.3615 0.9324
vn -0.0940 0.5591 -0.8237
vn -0.4904 0.0453 -0.8703
vn -0.1281 0.0227 -0.9915
vn 0.0940 0.8071 0.5828
vn 0.1281 0.3585 0.9247
vn 0.3641 0.7845 0.5020
vn 0.1898 0.9799 -0.0615
vn 0.1096 0.9938 0.0175
vn 0.0273 0.9990 0.0343
vn 0.9863 -0.1642 0.0146
vn 0.9666 -0.2553 0.0230
vn 0.9931 -0.1166 0.0104
vn -0.0000 -0.1789 -0.9839
vn 0.9958 -0.0907 0.0081
vn 0.9971 -0.0756 0.0068
vn -0.9871 -0.1594 0.0142
vn -0.9685 -0.2481 0.0223
vn -0.9935 -0.1131 0.0101
vn -0.0000 -0.0885 0.9961
vn -0.9961 -0.0880 0.0078
vn -0.9973 -0.0733 0.0065
vn -0.0000 -1.0000 -0.0000
vn -0.0000 -0.0526 -0.9986
vn -0.0000 0.2922 0.9564
vn -0.9866 0.1605 -0.0283
vn -0.0000 0.9848 -0.1737
vn 0.9866 0.1605 -0.0283
vn 0.9208 -0.3801 -0.0873
vn 0.1627 -0.2672 -0.9498
vn 0.7955 -0.4563 -0.3987
vn 0.5093 -0.4117 -0.7557
vn -0.1621 -0.2643 -0.9507
vn -0.9245 -0.3707 -0.0885
vn -0.5102 -0.4046 -0.7590
vn -0.7992 -0.4470 -0.4018
vn 0.1318 -0.0962 0.9866
vn 0.9842 -0.0817 0.1571
vn 0.4834 -0.1090 0.8686
vn 0.8418 -0.1033 0.5298
vn -0.9844 -0.0796 0.1570
vn -0.1316 -0.0960 0.9866
vn -0.8420 -0.1016 0.5299
vn -0.4833 -0.1081 0.8688
vn -0.9673 -0.2526 0.0228
vn -0.9959 -0.0900 0.0080
vn -0.9972 -0.0745 0.0066
vn -0.0000 0.9715 -0.2369
vn -0.3323 0.3258 -0.8851
vn -0.1150 0.3099 -0.9438
vn -0.0000 0.9723 -0.2339
vn -0.0289 0.9716 -0.2349
vn -0.0318 0.9760 -0.2156
vn -0.9085 0.2771 0.3127
vn -0.9154 -0.3443 0.2086
vn -0.8960 -0.4318 0.1040
vn -0.1313 0.9648 -0.2278
vn -0.6871 0.7096 -0.1563
vn -0.3225 0.9234 -0.2082
vn -0.6745 0.7207 -0.1602
vn -0.1347 0.9675 -0.2141
vn -0.3137 0.9270 -0.2057
vn -0.8451 0.5281 -0.0839
vn 0.3323 0.3258 -0.8851
vn -0.6811 0.4013 -0.6124
vn -0.5275 0.3591 -0.7699
vn -0.0855 -0.5641 0.8213
vn 0.0855 -0.5641 0.8213
vn -0.7259 -0.3120 0.6130
vn -0.3609 -0.4876 0.7950
vn -0.8675 0.4876 0.0986
vn -0.8519 0.5151 -0.0949
vn -0.8275 0.5110 -0.2326
vn -0.9227 0.3482 -0.1654
vn -0.9131 0.4045 0.0522
vn -0.7597 0.5034 -0.4116
vn -0.6425 0.4847 -0.5935
vn -0.7518 0.2304 -0.6178
vn -0.8662 0.2882 -0.4083
vn -0.4893 0.4699 -0.7347
vn -0.3044 0.4579 -0.8353
vn -0.3687 0.1468 -0.9179
vn -0.5799 0.1803 -0.7945
vn -0.1047 0.4524 -0.8856
vn 0.1239 0.1277 -0.9840
vn -0.1239 0.1277 -0.9840
vn 0.0076 -0.9126 0.4087
vn -0.0076 -0.9126 0.4087
vn -0.1854 -0.8995 0.3956
vn -0.5498 -0.7564 0.3545
vn -0.0001 -0.9704 0.2415
vn 0.0001 -0.9704 0.2415
vn -0.1807 -0.9548 0.2358
vn -0.5168 -0.8318 0.2023
vn -0.8786 0.3984 0.2633
vn -0.6689 0.7322 -0.1283
vn -0.7132 0.6902 -0.1222
vn -0.1081 0.9644 -0.2413
vn -0.1162 0.9646 -0.2367
vn -0.8374 0.5044 -0.2105
vn -0.3235 0.9223 -0.2115
vn -0.3078 0.9257 -0.2200
vn -0.0946 0.9652 -0.2438
vn -0.1032 0.9655 -0.2390
vn -0.7858 0.4575 -0.4162
vn -0.5744 0.7736 -0.2676
vn -0.6272 0.7593 -0.1732
vn -0.2908 0.9287 -0.2299
vn -0.2654 0.9278 -0.2623
vn -0.0765 0.9608 -0.2664
vn -0.0876 0.9621 -0.2582
vn 0.1150 0.3099 -0.9438
vn -0.4121 0.7772 -0.4755
vn -0.5110 0.7744 -0.3731
vn -0.1892 0.9202 -0.3427
vn -0.2344 0.9228 -0.3058
vn -0.0355 0.9579 -0.2849
vn -0.0611 0.9596 -0.2746
vn -0.1815 0.7811 -0.5974
vn -0.3035 0.7799 -0.5474
vn -0.1407 0.9191 -0.3680
vn -0.0822 0.9183 -0.3873
vn 0.0131 0.9572 -0.2893
vn -0.0131 0.9572 -0.2893
vn 0.0624 0.7818 -0.6204
vn -0.0624 0.7818 -0.6204
vn -0.0283 0.9179 -0.3959
vn 0.0283 0.9179 -0.3959
vn -0.1058 -0.8978 0.4275
vn -0.1757 -0.9049 0.3878
vn -0.2810 -0.9369 0.2081
vn -0.2810 -0.9511 0.1286
vn -0.2635 -0.9625 0.0644
vn -0.2231 -0.9748 -0.0045
vn -0.0404 -0.9933 -0.1084
vn 0.0404 -0.9933 -0.1084
vn 0.0404 -0.8947 0.4448
vn -0.0404 -0.8947 0.4448
vn -0.2235 -0.9133 0.3404
vn -0.2639 -0.9256 0.2715
vn -0.1755 -0.9831 -0.0514
vn -0.1055 -0.9902 -0.0912
vn -0.6340 -0.7624 -0.1297
vn -0.5435 -0.7899 -0.2841
vn -0.2163 -0.9763 0.0048
vn -0.2524 -0.9653 0.0664
vn -0.0905 -0.8358 -0.5415
vn 0.0905 -0.8358 -0.5415
vn 0.0361 -0.9946 -0.0976
vn -0.0361 -0.9946 -0.0976
vn -0.1040 -0.9914 -0.0797
vn -0.1666 -0.9850 -0.0441
vn -0.4183 -0.8119 -0.4073
vn -0.2615 -0.8278 -0.4964
vn -0.6797 -0.7006 0.2170
vn -0.6798 -0.7324 0.0388
vn -0.2706 -0.9534 0.1333
vn -0.2706 -0.9407 0.2044
vn -0.2527 -0.9289 0.2706
vn -0.2166 -0.9180 0.3322
vn -0.5447 -0.6431 0.5383
vn -0.6343 -0.6712 0.3836
vn -0.1668 -0.9092 0.3815
vn -0.1043 -0.9029 0.4171
vn -0.2622 -0.6052 0.7516
vn -0.4188 -0.6214 0.6622
vn -0.0361 -0.8996 0.4352
vn 0.0361 -0.8996 0.4352
vn 0.0905 -0.5973 0.7969
vn -0.0905 -0.5973 0.7969
vn 0.6070 -0.0727 -0.7914
vn 0.3823 -0.0954 -0.9191
vn 0.5975 -0.3129 -0.7383
vn 0.3783 -0.3351 -0.8629
vn 0.3779 0.0020 -0.9259
vn 0.6002 0.0246 -0.7995
vn 0.7919 -0.0402 -0.6093
vn 0.9216 -0.0008 -0.3882
vn 0.9083 -0.2421 -0.3411
vn 0.7818 -0.2805 -0.5569
vn -0.1266 -0.0044 0.9920
vn 0.1266 -0.0044 0.9920
vn 0.1317 0.0057 0.9913
vn -0.1317 0.0057 0.9913
vn -0.1297 0.2400 0.9621
vn 0.1297 0.2400 0.9621
vn -0.3977 0.0185 0.9173
vn -0.6514 0.0765 0.7549
vn -0.6006 -0.0314 0.7989
vn -0.3799 -0.0150 0.9249
vn -0.6146 0.2290 0.7549
vn -0.3862 0.2322 0.8927
vn -0.8136 0.2857 0.5064
vn -0.8978 0.2901 0.3312
vn -0.9110 -0.0948 0.4015
vn -0.7861 -0.0560 0.6155
vn -0.9155 0.1834 0.3581
vn -0.7935 0.2224 0.5664
vn -0.9669 0.2280 0.1142
vn -0.9776 0.1538 -0.1435
vn -0.9761 -0.1967 -0.0927
vn -0.9767 -0.1467 0.1569
vn -0.9862 0.1132 0.1212
vn -0.9894 0.0478 -0.1369
vn -0.9112 0.0956 -0.4008
vn -0.7828 0.0566 -0.6196
vn -0.7818 -0.2805 -0.5569
vn -0.9083 -0.2421 -0.3411
vn -0.9216 -0.0008 -0.3882
vn -0.7919 -0.0402 -0.6093
vn -0.6002 0.0246 -0.7995
vn -0.3779 0.0020 -0.9259
vn -0.3783 -0.3351 -0.8629
vn -0.5975 -0.3129 -0.7383
vn -0.3823 -0.0955 -0.9191
vn -0.6070 -0.0727 -0.7914
vn -0.1283 -0.0097 -0.9917
vn 0.1283 -0.0097 -0.9917
vn 0.1266 -0.3469 -0.9293
vn -0.1266 -0.3469 -0.9293
vn 0.1297 -0.1073 -0.9857
vn -0.1297 -0.1073 -0.9857
vn 0.7828 0.0566 -0.6196
vn 0.9112 0.0956 -0.4008
vn 0.9894 0.0478 -0.1369
vn 0.9862 0.1132 0.1212
vn 0.9767 -0.1467 0.1569
vn 0.9761 -0.1967 -0.0927
vn 0.9776 0.1538 -0.1435
vn 0.9669 0.2280 0.1142
vn 0.7935 0.2224 0.5664
vn 0.9155 0.1834 0.3581
vn 0.7861 -0.0560 0.6156
vn 0.9110 -0.0948 0.4015
vn 0.8978 0.2901 0.3312
vn 0.8136 0.2857 0.5064
vn 0.3862 0.2322 0.8927
vn 0.6146 0.2290 0.7549
vn 0.3799 -0.0150 0.9249
vn 0.6006 -0.0314 0.7989
vn 0.6514 0.0765 0.7549
vn 0.3977 0.0185 0.9173
vn 0.4188 -0.6214 0.6622
vn 0.2622 -0.6052 0.7516
vn 0.1043 -0.9029 0.4171
vn 0.1668 -0.9092 0.3816
vn 0.6343 -0.6712 0.3836
vn 0.5447 -0.6431 0.5383
vn 0.2166 -0.9180 0.3322
vn 0.2527 -0.9289 0.2706
vn 0.2706 -0.9407 0.2044
vn 0.2706 -0.9534 0.1333
vn 0.6798 -0.7324 0.0388
vn 0.6797 -0.7007 0.2170
vn 0.2615 -0.8278 -0.4964
vn 0.4183 -0.8119 -0.4073
vn 0.1666 -0.9850 -0.0441
vn 0.1040 -0.9914 -0.0797
vn 0.2524 -0.9653 0.0664
vn 0.2163 -0.9763 0.0048
vn 0.5435 -0.7899 -0.2841
vn 0.6340 -0.7624 -0.1297
vn 0.1055 -0.9902 -0.0912
vn 0.1755 -0.9831 -0.0514
vn -0.0000 0.9765 -0.2156
vn 0.2639 -0.9256 0.2715
vn 0.2235 -0.9133 0.3404
vn 0.2231 -0.9748 -0.0045
vn 0.2635 -0.9625 0.0644
vn 0.2810 -0.9511 0.1286
vn 0.2810 -0.9369 0.2081
vn 0.1757 -0.9049 0.3878
vn 0.1058 -0.8978 0.4275
vn 0.0822 0.9183 -0.3873
vn 0.1407 0.9191 -0.3680
vn 0.3035 0.7799 -0.5474
vn 0.1815 0.7812 -0.5974
vn 0.0611 0.9596 -0.2746
vn 0.0355 0.9579 -0.2849
vn 0.2344 0.9228 -0.3058
vn 0.1892 0.9202 -0.3427
vn 0.5110 0.7744 -0.3731
vn 0.4121 0.7772 -0.4755
vn 0.0876 0.9621 -0.2582
vn 0.0765 0.9608 -0.2664
vn 0.2654 0.9278 -0.2623
vn 0.2908 0.9287 -0.2299
vn 0.6272 0.7593 -0.1732
vn 0.5744 0.7736 -0.2676
vn 0.7858 0.4575 -0.4162
vn 0.1032 0.9655 -0.2390
vn 0.0946 0.9652 -0.2438
vn 0.3078 0.9257 -0.2200
vn 0.3235 0.9223 -0.2115
vn 0.8374 0.5044 -0.2105
vn 0.1162 0.9646 -0.2367
vn 0.1081 0.9644 -0.2413
vn 0.7132 0.6902 -0.1222
vn 0.6689 0.7322 -0.1283
vn 0.8786 0.3984 0.2633
vn 0.5168 -0.8318 0.2023
vn 0.1807 -0.9548 0.2358
vn 0.5498 -0.7564 0.3545
vn 0.1854 -0.8995 0.3956
vn -0.9479 0.3145 -0.0514
vn -0.9902 0.1385 0.0184
vn -0.9952 0.0958 -0.0224
vn -0.9473 0.3122 -0.0713
vn -0.9118 0.3836 0.1464
vn -0.9116 0.4048 0.0718
vn 0.1047 0.4524 -0.8856
vn 0.5799 0.1803 -0.7945
vn 0.3687 0.1468 -0.9179
vn 0.3044 0.4579 -0.8353
vn 0.4893 0.4699 -0.7347
vn 0.8662 0.2882 -0.4083
vn 0.7518 0.2304 -0.6178
vn 0.6425 0.4847 -0.5935
vn 0.7597 0.5034 -0.4116
vn -0.9724 0.2295 0.0420
vn -0.2607 -0.7880 0.5578
vn 0.9131 0.4045 0.0522
vn -0.9447 0.3266 -0.0302
vn -0.3285 0.9231 -0.1996
vn -0.0000 0.9717 -0.2363
vn 0.9227 0.3482 -0.1654
vn 0.8275 0.5110 -0.2326
vn -0.7113 0.6919 -0.1242
vn -0.1247 0.9660 -0.2265
vn 0.0311 -0.8192 0.5727
vn -0.9529 -0.1540 0.2614
vn 0.8519 0.5151 -0.0949
vn 0.8675 0.4876 0.0986
vn 0.3609 -0.4876 0.7950
vn 0.7259 -0.3120 0.6130
vn -0.0311 -0.8192 0.5727
vn -0.6268 -0.6149 0.4786
vn -0.0177 0.9707 -0.2395
vn -0.4366 0.5809 -0.6869
vn -0.8606 0.5092 -0.0097
vn -0.9021 0.4211 -0.0942
vn -0.9261 0.3746 -0.0443
vn -0.7842 0.5669 -0.2524
vn -0.8237 0.5526 -0.1270
vn -0.9034 0.4288 0.0065
vn -0.5837 0.5796 -0.5686
vn -0.7049 0.5781 -0.4109
vn -0.9141 0.3997 -0.0681
vn -0.2676 0.5800 -0.7694
vn 0.5275 0.3591 -0.7699
vn 0.0916 0.5799 -0.8095
vn 0.6811 0.4013 -0.6124
vn 0.8451 0.5281 -0.0839
vn -0.0916 0.5799 -0.8095
vn 0.3137 0.9270 -0.2057
vn 0.1347 0.9675 -0.2141
vn 0.6745 0.7207 -0.1602
vn 0.3225 0.9234 -0.2082
vn 0.6871 0.7096 -0.1563
vn 0.1313 0.9648 -0.2278
vn 0.8960 -0.4318 0.1040
vn 0.9154 -0.3443 0.2086
vn 0.9085 0.2771 0.3127
vn 0.0318 0.9760 -0.2156
vn 0.0289 0.9716 -0.2349
vn 0.9479 0.3145 -0.0514
vn 0.9902 0.1385 0.0184
vn 0.9952 0.0958 -0.0223
vn 0.9473 0.3122 -0.0713
vn 0.9118 0.3836 0.1464
vn 0.9116 0.4048 0.0718
vn 0.9724 0.2295 0.0420
vn 0.2607 -0.7880 0.5578
vn 0.9447 0.3267 -0.0302
vn 0.3285 0.9231 -0.1996
vn 0.7113 0.6919 -0.1242
vn 0.1247 0.9660 -0.2265
vn 0.9529 -0.1540 0.2614
vn 0.6268 -0.6149 0.4786
vn 0.0177 0.9707 -0.2395
vn 0.4366 0.5809 -0.6869
vn 0.8606 0.5093 -0.0097
vn 0.9021 0.4211 -0.0942
vn 0.9261 0.3746 -0.0443
vn 0.7842 0.5669 -0.2524
vn 0.8237 0.5526 -0.1270
vn 0.9034 0.4288 0.0065
vn 0.5837 0.5796 -0.5686
vn 0.7049 0.5781 -0.4109
vn 0.9141 0.3997 -0.0681
vn 0.2676 0.5800 -0.7694
vn -0.0000 0.9940 -0.1097
vn -0.3323 0.6089 0.7203
vn -0.1150 0.6140 0.7808
vn -0.0000 0.9936 -0.1128
vn -0.0289 0.9933 -0.1116
vn -0.0318 0.9908 -0.1312
vn -0.0315 0.9843 -0.1736
vn -0.9085 0.1534 -0.3886
vn -0.9154 -0.3949 -0.0782
vn -0.8960 -0.4413 0.0499
vn -0.8906 -0.4479 0.0790
vn -0.1313 0.9845 -0.1159
vn -0.6871 0.7202 -0.0958
vn -0.3225 0.9389 -0.1202
vn -0.6745 0.7320 -0.0959
vn -0.1347 0.9824 -0.1297
vn -0.3137 0.9414 -0.1238
vn -0.6713 0.7299 -0.1287
vn -0.1325 0.9761 -0.1721
vn -0.3079 0.9370 -0.1652
vn -0.8451 0.5249 -0.1018
vn 0.3323 0.6089 0.7203
vn -0.6811 0.5866 0.4382
vn -0.5275 0.6008 0.6007
vn -0.0855 -0.8110 -0.5788
vn 0.0855 -0.8110 -0.5788
vn -0.7259 -0.5028 -0.4693
vn -0.3609 -0.7301 -0.5803
vn -0.8675 0.4244 -0.2595
vn -0.8519 0.5165 -0.0870
vn -0.8275 0.5597 0.0438
vn -0.9227 0.3838 0.0364
vn -0.9131 0.3622 -0.1874
vn -0.7597 0.6138 0.2146
vn -0.6425 0.6584 0.3919
vn -0.7518 0.4278 0.5017
vn -0.8662 0.4105 0.2851
vn -0.4893 0.6929 0.5297
vn -0.3044 0.7160 0.6283
vn -0.3687 0.4519 0.8123
vn -0.5799 0.4411 0.6849
vn -0.1047 0.7280 0.6775
vn 0.1239 0.4565 0.8810
vn -0.1239 0.4565 0.8810
vn 0.0076 -0.9974 -0.0720
vn -0.0076 -0.9974 -0.0720
vn -0.1854 -0.9806 -0.0641
vn -0.5498 -0.8320 -0.0744
vn -0.0001 -0.9945 0.1050
vn 0.0001 -0.9945 0.1050
vn -0.1807 -0.9779 0.1050
vn -0.5168 -0.8509 0.0944
vn 0.0001 -0.9848 0.1736
vn -0.0001 -0.9848 0.1736
vn -0.5063 -0.8492 0.1497
vn -0.1757 -0.9695 0.1709
vn -0.8786 0.2844 -0.3837
vn -0.6689 0.7320 -0.1298
vn -0.7132 0.6904 -0.1212
vn -0.1081 0.9888 -0.1031
vn -0.1162 0.9874 -0.1075
vn -0.8374 0.5460 0.0253
vn -0.3235 0.9390 -0.1167
vn -0.3078 0.9451 -0.1098
vn -0.0946 0.9904 -0.1010
vn -0.1032 0.9890 -0.1056
vn -0.7858 0.5723 0.2346
vn -0.5744 0.8184 -0.0131
vn -0.6272 0.7728 -0.0969
vn -0.2908 0.9514 -0.1016
vn -0.2654 0.9615 -0.0708
vn -0.0765 0.9940 -0.0783
vn -0.0876 0.9924 -0.0865
vn 0.1150 0.6140 0.7808
vn -0.4121 0.8930 0.1810
vn -0.5110 0.8553 0.0857
vn -0.1892 0.9819 0.0073
vn -0.2344 0.9717 -0.0283
vn -0.0355 0.9976 -0.0599
vn -0.0611 0.9957 -0.0702
vn -0.1815 0.9383 0.2942
vn -0.3035 0.9201 0.2476
vn -0.1407 0.9896 0.0314
vn -0.0822 0.9954 0.0498
vn 0.0131 0.9984 -0.0556
vn -0.0131 0.9984 -0.0556
vn 0.0624 0.9468 0.3156
vn -0.0624 0.9468 0.3156
vn -0.0283 0.9979 0.0581
vn 0.0283 0.9979 0.0581
vn -0.1058 -0.9899 -0.0947
vn -0.1757 -0.9829 -0.0549
vn -0.2810 -0.9516 0.1249
vn -0.2810 -0.9377 0.2045
vn -0.2635 -0.9265 0.2687
vn -0.2231 -0.9145 0.3376
vn -0.0404 -0.8963 0.4416
vn 0.0404 -0.8963 0.4416
vn 0.0404 -0.9929 -0.1120
vn -0.0404 -0.9929 -0.1120
vn -0.2235 -0.9747 -0.0075
vn -0.2638 -0.9626 0.0614
vn -0.1755 -0.9063 0.3846
vn -0.1055 -0.8993 0.4244
vn -0.6340 -0.6721 0.3826
vn -0.5435 -0.6451 0.5371
vn -0.2163 -0.9191 0.3294
vn -0.2524 -0.9298 0.2678
vn -0.0905 -0.6002 0.7947
vn 0.0905 -0.6002 0.7947
vn 0.0361 -0.9012 0.4319
vn -0.0361 -0.9012 0.4319
vn -0.1040 -0.9043 0.4139
vn -0.1666 -0.9105 0.3784
vn -0.4183 -0.6236 0.6604
vn -0.2615 -0.6081 0.7496
vn -0.6797 -0.7326 0.0357
vn -0.6798 -0.7014 0.2141
vn -0.2706 -0.9415 0.2008
vn -0.2706 -0.9539 0.1297
vn -0.2527 -0.9655 0.0634
vn -0.2166 -0.9763 0.0018
vn -0.5447 -0.7884 -0.2859
vn -0.6343 -0.7619 -0.1309
vn -0.1668 -0.9848 -0.0476
vn -0.1043 -0.9911 -0.0832
vn -0.2622 -0.8258 -0.4993
vn -0.4188 -0.8104 -0.4097
vn -0.0361 -0.9942 -0.1012
vn 0.0361 -0.9942 -0.1012
vn 0.0905 -0.8338 -0.5446
vn -0.0905 -0.8338 -0.5446
vn 0.6070 0.2024 0.7685
vn 0.3823 0.2246 0.8963
vn 0.5975 -0.0415 0.8008
vn 0.3783 -0.0197 0.9255
vn 0.3779 0.3186 0.8693
vn 0.6002 0.2965 0.7429
vn 0.7919 0.1706 0.5863
vn 0.9216 0.1320 0.3650
vn 0.9083 -0.1108 0.4033
vn 0.7818 -0.0731 0.6192
vn -0.1266 -0.3434 -0.9306
vn 0.1266 -0.3434 -0.9306
vn 0.1317 -0.3337 -0.9334
vn -0.1317 -0.3337 -0.9334
vn -0.1297 -0.1036 -0.9861
vn 0.1297 -0.1036 -0.9861
vn -0.3977 -0.2964 -0.8683
vn -0.6514 -0.1863 -0.7355
vn -0.6006 -0.3028 -0.7400
vn -0.3799 -0.3304 -0.8640
vn -0.6146 -0.0430 -0.7877
vn -0.3862 -0.0871 -0.9183
vn -0.8136 0.0952 -0.5736
vn -0.8978 0.1594 -0.4105
vn -0.9110 -0.2264 -0.3448
vn -0.7861 -0.2632 -0.5593
vn -0.9155 0.0499 -0.3992
vn -0.7935 0.0152 -0.6083
vn -0.9669 0.1752 -0.1853
vn -0.9776 0.1936 0.0823
vn -0.9761 -0.1531 0.1544
vn -0.9767 -0.1915 -0.0972
vn -0.9862 0.0649 -0.1526
vn -0.9894 0.0917 0.1123
vn -0.9112 0.2269 0.3439
vn -0.7828 0.2651 0.5629
vn -0.7818 -0.0731 0.6192
vn -0.9083 -0.1108 0.4033
vn -0.9216 0.1320 0.3650
vn -0.7919 0.1706 0.5863
vn -0.6002 0.2965 0.7429
vn -0.3779 0.3186 0.8693
vn -0.3783 -0.0197 0.9255
vn -0.5975 -0.0415 0.8008
vn -0.3823 0.2246 0.8963
vn -0.6070 0.2024 0.7685
vn -0.1283 0.3301 0.9352
vn 0.1283 0.3301 0.9352
vn 0.1266 -0.0081 0.9919
vn -0.1266 -0.0081 0.9919
vn 0.1297 0.2363 0.9630
vn -0.1297 0.2363 0.9630
vn 0.7828 0.2651 0.5629
vn 0.9112 0.2269 0.3439
vn 0.9894 0.0917 0.1123
vn 0.9862 0.0649 -0.1526
vn 0.9767 -0.1915 -0.0972
vn 0.9761 -0.1531 0.1544
vn 0.9776 0.1936 0.0823
vn 0.9669 0.1752 -0.1853
vn 0.7935 0.0152 -0.6083
vn 0.9155 0.0499 -0.3992
vn 0.7861 -0.2632 -0.5593
vn 0.9110 -0.2264 -0.3448
vn 0.8978 0.1594 -0.4105
vn 0.8136 0.0952 -0.5736
vn 0.3862 -0.0871 -0.9183
vn 0.6146 -0.0430 -0.7877
vn 0.3799 -0.3304 -0.8640
vn 0.6006 -0.3028 -0.7400
vn 0.6514 -0.1863 -0.7355
vn 0.3977 -0.2964 -0.8683
vn 0.4188 -0.8104 -0.4097
vn 0.2622 -0.8258 -0.4993
vn 0.1043 -0.9911 -0.0832
vn 0.1668 -0.9848 -0.0476
vn 0.6343 -0.7619 -0.1309
vn 0.5447 -0.7884 -0.2859
vn 0.2166 -0.9763 0.0018
vn 0.2527 -0.9655 0.0634
vn 0.2706 -0.9539 0.1297
vn 0.2706 -0.9415 0.2008
vn 0.6798 -0.7014 0.2141
vn 0.6797 -0.7326 0.0357
vn 0.2615 -0.6081 0.7496
vn 0.4183 -0.6236 0.6604
vn 0.1665 -0.9106 0.3784
vn 0.1040 -0.9043 0.4139
vn 0.2524 -0.9298 0.2678
vn 0.2163 -0.9191 0.3294
vn 0.5435 -0.6451 0.5371
vn 0.6340 -0.6721 0.3827
vn 0.1055 -0.8993 0.4244
vn 0.1755 -0.9063 0.3846
vn -0.0000 0.9913 -0.1314
vn 0.2639 -0.9626 0.0614
vn 0.2235 -0.9747 -0.0075
vn 0.2231 -0.9145 0.3376
vn 0.2635 -0.9265 0.2687
vn 0.2810 -0.9377 0.2045
vn 0.2810 -0.9516 0.1249
vn 0.1757 -0.9829 -0.0549
vn 0.1058 -0.9899 -0.0947
vn 0.0822 0.9954 0.0498
vn 0.1407 0.9896 0.0314
vn 0.3035 0.9201 0.2476
vn 0.1815 0.9383 0.2942
vn 0.0611 0.9957 -0.0702
vn 0.0355 0.9976 -0.0599
vn 0.2344 0.9717 -0.0283
vn 0.1892 0.9819 0.0073
vn 0.5110 0.8553 0.0857
vn 0.4121 0.8930 0.1810
vn 0.0876 0.9924 -0.0865
vn 0.0765 0.9940 -0.0783
vn 0.2654 0.9615 -0.0708
vn 0.2908 0.9514 -0.1016
vn 0.6272 0.7728 -0.0969
vn 0.5744 0.8184 -0.0131
vn 0.7858 0.5723 0.2346
vn 0.1032 0.9890 -0.1056
vn 0.0946 0.9904 -0.1010
vn 0.3077 0.9451 -0.1098
vn 0.3235 0.9390 -0.1167
vn 0.8374 0.5460 0.0253
vn 0.1162 0.9874 -0.1075
vn 0.1081 0.9888 -0.1031
vn 0.7132 0.6904 -0.1212
vn 0.6689 0.7320 -0.1298
vn 0.8786 0.2844 -0.3837
vn 0.1757 -0.9695 0.1709
vn 0.5063 -0.8492 0.1497
vn 0.5168 -0.8509 0.0944
vn 0.1807 -0.9779 0.1050
vn 0.5498 -0.8320 -0.0744
vn 0.1854 -0.9806 -0.0641
vn -0.9479 0.3131 -0.0593
vn -0.9902 0.1238 -0.0647
vn -0.9952 0.0977 -0.0118
vn -0.9473 0.3178 -0.0398
vn -0.9454 0.3210 -0.0566
vn -0.9951 0.0977 -0.0172
vn -0.9118 0.3104 -0.2688
vn -0.9116 0.3559 -0.2059
vn 0.1047 0.7280 0.6775
vn 0.5799 0.4411 0.6849
vn 0.3687 0.4519 0.8123
vn 0.3044 0.7160 0.6283
vn 0.4893 0.6929 0.5297
vn 0.8662 0.4105 0.2851
vn 0.7518 0.4278 0.5017
vn 0.6425 0.6584 0.3919
vn 0.7597 0.6138 0.2146
vn -0.9724 0.2013 -0.1180
vn -0.2607 -0.9312 -0.2546
vn 0.9131 0.3622 -0.1874
vn -0.9447 0.3173 -0.0834
vn -0.3285 0.9358 -0.1281
vn -0.0000 0.9939 -0.1103
vn 0.9227 0.3838 0.0364
vn 0.8275 0.5597 0.0438
vn -0.7113 0.6926 -0.1199
vn -0.1247 0.9852 -0.1175
vn 0.0311 -0.9657 -0.2580
vn -0.9529 -0.2341 -0.1930
vn 0.8519 0.5165 -0.0870
vn 0.8675 0.4244 -0.2595
vn 0.3609 -0.7301 -0.5803
vn 0.7259 -0.5028 -0.4693
vn -0.0311 -0.9657 -0.2580
vn -0.6268 -0.7415 -0.2394
vn -0.0177 0.9941 -0.1069
vn -0.4366 0.7809 0.4468
vn -0.8606 0.4819 -0.1650
vn -0.9021 0.4280 -0.0555
vn -0.9261 0.3672 -0.0865
vn -0.7842 0.6190 0.0433
vn -0.8237 0.5627 -0.0697
vn -0.9034 0.4007 -0.1528
vn -0.5837 0.7392 0.3361
vn -0.7049 0.6838 0.1884
vn -0.9007 0.4278 -0.0754
vn -0.9141 0.3988 -0.0727
vn -0.2676 0.8082 0.5246
vn 0.5275 0.6008 0.6007
vn 0.0916 0.8218 0.5624
vn 0.6811 0.5866 0.4382
vn 0.8451 0.5249 -0.1018
vn 0.3079 0.9370 -0.1652
vn -0.0916 0.8218 0.5624
vn 0.1325 0.9761 -0.1721
vn 0.6713 0.7299 -0.1287
vn 0.3137 0.9414 -0.1238
vn 0.1347 0.9824 -0.1297
vn 0.6745 0.7320 -0.0959
vn 0.3225 0.9389 -0.1202
vn 0.6871 0.7202 -0.0958
vn 0.1313 0.9845 -0.1159
vn 0.8906 -0.4479 0.0790
vn 0.8960 -0.4413 0.0499
vn 0.9154 -0.3949 -0.0782
vn 0.9085 0.1534 -0.3886
vn 0.0315 0.9843 -0.1736
vn 0.0318 0.9908 -0.1312
vn 0.0289 0.9933 -0.1116
vn 0.9479 0.3131 -0.0593
vn 0.9902 0.1238 -0.0647
vn 0.9952 0.0977 -0.0118
vn 0.9473 0.3178 -0.0398
vn 0.9454 0.3210 -0.0566
vn 0.9951 0.0977 -0.0172
vn 0.9118 0.3104 -0.2688
vn 0.9116 0.3559 -0.2059
vn 0.9724 0.2013 -0.1180
vn 0.2607 -0.9312 -0.2546
vn 0.9447 0.3173 -0.0834
vn 0.3285 0.9358 -0.1281
vn 0.7113 0.6926 -0.1199
vn 0.1247 0.9852 -0.1175
vn 0.9529 -0.2341 -0.1930
vn 0.6268 -0.7415 -0.2394
vn 0.0177 0.9941 -0.1069
vn 0.4366 0.7809 0.4468
vn 0.8606 0.4819 -0.1650
vn 0.9021 0.4280 -0.0555
vn 0.9261 0.3672 -0.0865
vn 0.7842 0.6190 0.0433
vn 0.8237 0.5627 -0.0697
vn 0.9034 0.4007 -0.1528
vn 0.5837 0.7392 0.3361
vn 0.7049 0.6838 0.1884
vn 0.9007 0.4278 -0.0754
vn 0.9141 0.3988 -0.0727
vn 0.2676 0.8082 0.5246
vn 0.6306 0.7382 0.2395
vn 0.2072 0.9678 -0.1429
vn 0.0940 0.5591 -0.8237
vn 0.7141 0.6995 -0.0279
vn 0.1951 0.9659 -0.1703
vn 0.0273 0.9271 -0.3739
vn 0.1096 0.9279 -0.3563
vn 0.1898 0.9418 -0.2773
vn 0.3641 0.5655 -0.7401
vn 0.7071 0.6964 -0.1228
vn 0.4904 0.0455 -0.8703
vn 0.3322 0.8959 -0.2949
vn 0.2814 0.8805 -0.3815
vn 0.3543 0.9282 -0.1138
vn 0.3543 0.9104 -0.2138
vn 0.1332 0.9776 0.1632
vn 0.2211 0.9687 0.1132
vn -0.0504 -0.8588 0.5098
vn 0.2539 -0.8422 -0.4756
vn 0.4065 -0.8268 -0.3888
vn 0.1320 -0.9782 -0.1602
vn 0.2192 -0.9694 -0.1106
vn 0.3617 -0.4849 -0.7963
vn 0.5717 -0.4637 -0.6769
vn 0.6160 -0.7787 -0.1191
vn 0.5279 -0.8055 -0.2694
vn 0.2790 -0.9589 -0.0518
vn 0.3293 -0.9436 0.0341
vn 0.7477 -0.4328 -0.5036
vn 0.8690 -0.3959 -0.2968
vn 0.6604 -0.7187 0.2176
vn 0.6604 -0.7496 0.0441
vn 0.3512 -0.9293 0.1145
vn 0.3512 -0.9116 0.2136
vn 0.9334 -0.3537 -0.0601
vn 0.9334 -0.3112 0.1786
vn 0.6160 -0.6896 0.3808
vn 0.5279 -0.6628 0.5311
vn 0.3293 -0.8973 0.2940
vn 0.2790 -0.8820 0.3799
vn 0.8690 -0.2690 0.4153
vn 0.7477 -0.2322 0.6221
vn 0.4065 -0.6415 0.6505
vn 0.2539 -0.6261 0.7373
vn 0.2192 -0.8715 0.4387
vn 0.1320 -0.8627 0.4883
vn 0.5717 -0.2013 0.7954
vn 0.3617 -0.1800 0.9148
vn 0.0504 -0.8588 0.5098
vn 0.1213 -0.1687 0.9782
vn -0.1213 -0.1687 0.9782
vn -0.0881 -0.6183 0.7810
vn 0.0881 -0.6183 0.7810
vn -0.3617 -0.1800 0.9148
vn -0.5717 -0.2013 0.7954
vn -0.1320 -0.8627 0.4883
vn -0.2192 -0.8715 0.4387
vn -0.2539 -0.6261 0.7373
vn -0.4065 -0.6415 0.6505
vn -0.7477 -0.2322 0.6221
vn -0.8690 -0.2690 0.4153
vn -0.2790 -0.8820 0.3799
vn -0.3293 -0.8973 0.2940
vn -0.5279 -0.6628 0.5311
vn -0.6160 -0.6896 0.3808
vn -0.9334 -0.3112 0.1786
vn -0.9334 -0.3537 -0.0601
vn -0.3512 -0.9116 0.2136
vn -0.3512 -0.9293 0.1145
vn -0.6604 -0.7496 0.0441
vn -0.6604 -0.7187 0.2176
vn -0.8690 -0.3959 -0.2968
vn -0.7477 -0.4328 -0.5036
vn -0.3293 -0.9436 0.0341
vn -0.2790 -0.9589 -0.0518
vn -0.5279 -0.8055 -0.2694
vn -0.6160 -0.7787 -0.1191
vn -0.5717 -0.4637 -0.6769
vn -0.3617 -0.4849 -0.7963
vn -0.2192 -0.9694 -0.1106
vn -0.1320 -0.9782 -0.1602
vn -0.4065 -0.8268 -0.3888
vn -0.2539 -0.8422 -0.4756
vn -0.1213 -0.4962 -0.8597
vn 0.1213 -0.4962 -0.8597
vn -0.0504 -0.9821 -0.1817
vn 0.0504 -0.9821 -0.1817
vn -0.0881 -0.8500 -0.5193
vn 0.0881 -0.8500 -0.5193
vn -0.2211 0.9687 0.1132
vn -0.1332 0.9776 0.1632
vn -0.3543 0.9104 -0.2138
vn -0.3543 0.9282 -0.1138
vn -0.2814 0.8805 -0.3815
vn -0.3322 0.8959 -0.2949
vn 0.0508 0.8571 -0.5126
vn -0.0508 0.8571 -0.5126
vn -0.0508 0.9814 0.1849
vn 0.0508 0.9814 0.1849
vn -0.3322 0.9426 -0.0327
vn -0.2814 0.9581 0.0539
vn -0.1332 0.8610 -0.4909
vn -0.2211 0.8699 -0.4409
vn -0.1090 0.5710 0.8137
vn 0.1090 0.5710 0.8137
vn 0.0705 0.9283 0.3652
vn -0.0705 0.9283 0.3652
vn -0.2002 0.9222 0.3310
vn -0.3222 0.9098 0.2616
vn -0.5450 0.5403 0.6411
vn -0.3562 0.5594 0.7484
vn -0.4172 0.8931 0.1682
vn -0.4877 0.8717 0.0480
vn -0.8350 0.4754 0.2771
vn -0.7260 0.5086 0.4630
vn -0.5224 0.8490 -0.0797
vn -0.5224 0.8242 -0.2185
vn -0.9012 0.3938 -0.1809
vn -0.9012 0.4321 0.0337
vn -0.4877 0.8015 -0.3462
vn -0.4172 0.7800 -0.4663
vn -0.7260 0.3173 -0.6101
vn -0.8350 0.3504 -0.4243
vn -0.3222 0.7634 -0.5598
vn -0.2002 0.7510 -0.6292
vn -0.3562 0.2664 -0.8956
vn -0.5450 0.2856 -0.7883
vn -0.0705 0.7449 -0.6634
vn 0.0705 0.7449 -0.6634
vn 0.1090 0.2548 -0.9608
vn -0.1090 0.2548 -0.9608
vn -0.6119 0.0717 0.7877
vn -0.6119 -0.2048 -0.7640
vn -0.7881 -0.1739 -0.5905
vn -0.3766 0.0955 0.9215
vn -0.9239 -0.1327 -0.3589
vn -0.9884 -0.0904 -0.1219
vn -0.9884 -0.0428 0.1456
vn -0.9239 -0.0005 0.3826
vn -0.7881 0.0408 0.6142
vn 0.1358 -0.2400 -0.9612
vn 0.1358 0.1068 0.9850
vn -0.1358 0.1068 0.9850
vn -0.1358 -0.2400 -0.9612
vn -0.3766 -0.2287 -0.8977
vn 0.3322 0.9426 -0.0327
vn 0.2814 0.9581 0.0539
vn 0.1332 0.8610 -0.4909
vn 0.2211 0.8699 -0.4409
vn 0.2002 0.9222 0.3310
vn 0.3222 0.9098 0.2616
vn 0.5450 0.5403 0.6411
vn 0.3562 0.5594 0.7484
vn 0.4172 0.8931 0.1681
vn 0.4877 0.8717 0.0480
vn 0.8350 0.4754 0.2771
vn 0.7260 0.5086 0.4630
vn 0.5224 0.8490 -0.0797
vn 0.5224 0.8242 -0.2185
vn 0.9012 0.3938 -0.1809
vn 0.9012 0.4321 0.0337
vn 0.4877 0.8015 -0.3462
vn 0.4172 0.7801 -0.4663
vn 0.7260 0.3173 -0.6101
vn 0.8350 0.3504 -0.4243
vn 0.3222 0.7634 -0.5598
vn 0.2002 0.7510 -0.6292
vn 0.3562 0.2664 -0.8956
vn 0.5450 0.2856 -0.7883
vn 0.6119 0.0717 0.7877
vn 0.6119 -0.2048 -0.7640
vn 0.7881 -0.1739 -0.5905
vn 0.3766 0.0955 0.9215
vn 0.9239 -0.1327 -0.3589
vn 0.9884 -0.0904 -0.1219
vn 0.9884 -0.0428 0.1456
vn 0.9239 -0.0005 0.3826
vn 0.7881 0.0408 0.6142
vn 0.3766 -0.2287 -0.8977
vn 0.3322 0.9428 -0.0293
vn 0.2814 0.9579 0.0574
vn 0.3543 0.9111 -0.2105
vn 0.3543 0.9286 -0.1104
vn 0.1332 0.8628 -0.4877
vn 0.2211 0.8715 -0.4377
vn -0.0504 -0.9814 -0.1853
vn 0.2539 -0.6288 0.7350
vn 0.4065 -0.6439 0.6482
vn 0.1320 -0.8644 0.4851
vn 0.2192 -0.8731 0.4355
vn 0.3617 -0.1833 0.9141
vn 0.5717 -0.2042 0.7946
vn 0.6160 -0.6910 0.3782
vn 0.5279 -0.6648 0.5286
vn 0.2790 -0.8834 0.3766
vn 0.3293 -0.8983 0.2907
vn 0.7477 -0.2344 0.6213
vn 0.8690 -0.2705 0.4143
vn 0.6604 -0.7498 0.0413
vn 0.6604 -0.7195 0.2150
vn 0.3512 -0.9124 0.2103
vn 0.3512 -0.9297 0.1111
vn 0.9334 -0.3118 0.1775
vn 0.9334 -0.3535 -0.0614
vn 0.6160 -0.7782 -0.1219
vn 0.5279 -0.8045 -0.2723
vn 0.3293 -0.9437 0.0306
vn 0.2790 -0.9587 -0.0553
vn 0.8690 -0.3948 -0.2983
vn 0.7477 -0.4309 -0.5052
vn 0.4065 -0.8253 -0.3919
vn 0.2539 -0.8405 -0.4787
vn 0.2192 -0.9690 -0.1142
vn 0.1320 -0.9776 -0.1638
vn 0.5717 -0.4612 -0.6786
vn 0.3617 -0.4820 -0.7980
vn 0.0504 -0.9814 -0.1853
vn 0.1213 -0.4931 -0.8615
vn -0.1213 -0.4931 -0.8615
vn -0.0881 -0.8481 -0.5224
vn 0.0881 -0.8481 -0.5224
vn -0.3617 -0.4820 -0.7980
vn -0.5717 -0.4612 -0.6786
vn -0.1320 -0.9776 -0.1638
vn -0.2192 -0.9690 -0.1142
vn -0.2539 -0.8405 -0.4787
vn -0.4065 -0.8253 -0.3919
vn -0.7477 -0.4309 -0.5052
vn -0.8690 -0.3948 -0.2983
vn -0.2790 -0.9587 -0.0553
vn -0.3293 -0.9437 0.0306
vn -0.5279 -0.8045 -0.2723
vn -0.6160 -0.7782 -0.1219
vn -0.9334 -0.3535 -0.0614
vn -0.9334 -0.3118 0.1775
vn -0.3512 -0.9297 0.1111
vn -0.3512 -0.9124 0.2103
vn -0.6604 -0.7195 0.2150
vn -0.6604 -0.7498 0.0413
vn -0.8690 -0.2705 0.4143
vn -0.7477 -0.2344 0.6213
vn -0.3293 -0.8983 0.2907
vn -0.2790 -0.8834 0.3766
vn -0.5279 -0.6648 0.5286
vn -0.6160 -0.6910 0.3782
vn -0.5717 -0.2042 0.7946
vn -0.3617 -0.1833 0.9141
vn -0.2192 -0.8731 0.4355
vn -0.1320 -0.8644 0.4851
vn -0.4065 -0.6439 0.6482
vn -0.2539 -0.6288 0.7350
vn -0.1213 -0.1723 0.9776
vn 0.1213 -0.1723 0.9776
vn -0.0504 -0.8607 0.5067
vn 0.0504 -0.8607 0.5067
vn -0.0881 -0.6211 0.7787
vn 0.0881 -0.6211 0.7787
vn -0.2211 0.8715 -0.4377
vn -0.1332 0.8628 -0.4877
vn -0.3543 0.9286 -0.1104
vn -0.3543 0.9111 -0.2105
vn -0.2814 0.9579 0.0574
vn -0.3322 0.9428 -0.0293
vn 0.0508 0.9808 0.1885
vn -0.0508 0.9808 0.1885
vn -0.0508 0.8590 -0.5095
vn 0.0508 0.8590 -0.5095
vn -0.3322 0.8970 -0.2916
vn -0.2814 0.8819 -0.3783
vn -0.1332 0.9770 0.1668
vn -0.2211 0.9682 0.1168
vn -0.1090 0.2583 -0.9599
vn 0.1090 0.2583 -0.9599
vn 0.0705 0.7474 -0.6607
vn -0.0705 0.7474 -0.6607
vn -0.2002 0.7533 -0.6264
vn -0.3223 0.7654 -0.5570
vn -0.5450 0.2884 -0.7873
vn -0.3562 0.2697 -0.8946
vn -0.4172 0.7818 -0.4635
vn -0.4877 0.8027 -0.3432
vn -0.8350 0.3520 -0.4230
vn -0.7260 0.3195 -0.6090
vn -0.5224 0.8250 -0.2155
vn -0.5224 0.8493 -0.0766
vn -0.9012 0.4319 0.0353
vn -0.9012 0.3945 -0.1795
vn -0.4877 0.8715 0.0511
vn -0.4172 0.8925 0.1714
vn -0.7260 0.5069 0.4648
vn -0.8350 0.4744 0.2788
vn -0.3222 0.9088 0.2649
vn -0.2002 0.9209 0.3344
vn -0.3562 0.5567 0.7505
vn -0.5450 0.5380 0.6431
vn -0.0705 0.9269 0.3686
vn 0.0705 0.9269 0.3686
vn 0.1090 0.5681 0.8157
vn -0.1090 0.5681 0.8157
vn -0.6119 -0.2021 -0.7647
vn -0.6119 0.0688 0.7880
vn -0.7881 0.0385 0.6144
vn -0.3766 -0.2254 -0.8985
vn -0.9239 -0.0019 0.3826
vn -0.9884 -0.0433 0.1454
vn -0.9884 -0.0900 -0.1222
vn -0.9239 -0.1313 -0.3593
vn -0.7881 -0.1718 -0.5911
vn 0.1358 0.1032 0.9853
vn 0.1358 -0.2365 -0.9621
vn -0.1358 -0.2365 -0.9621
vn -0.1358 0.1032 0.9853
vn -0.3766 0.0921 0.9218
vn 0.3322 0.8970 -0.2916
vn 0.2814 0.8819 -0.3783
vn 0.1332 0.9770 0.1668
vn 0.2211 0.9682 0.1168
vn 0.2002 0.7533 -0.6264
vn 0.3222 0.7654 -0.5570
vn 0.5450 0.2884 -0.7873
vn 0.3562 0.2697 -0.8946
vn 0.4172 0.7818 -0.4635
vn 0.4877 0.8027 -0.3432
vn 0.8350 0.3520 -0.4230
vn 0.7260 0.3195 -0.6090
vn 0.5224 0.8250 -0.2155
vn 0.5224 0.8493 -0.0766
vn 0.9012 0.4319 0.0353
vn 0.9012 0.3945 -0.1795
vn 0.4877 0.8715 0.0512
vn 0.4172 0.8925 0.1714
vn 0.7260 0.5069 0.4648
vn 0.8350 0.4744 0.2788
vn 0.3222 0.9088 0.2649
vn 0.2002 0.9209 0.3344
vn 0.3562 0.5567 0.7505
vn 0.5450 0.5380 0.6431
vn 0.6119 -0.2021 -0.7647
vn 0.6119 0.0688 0.7880
vn 0.7881 0.0385 0.6144
vn 0.3766 -0.2254 -0.8985
vn 0.9239 -0.0019 0.3826
vn 0.9884 -0.0433 0.1454
vn 0.9884 -0.0900 -0.1222
vn 0.9239 -0.1313 -0.3593
vn 0.7881 -0.1718 -0.5911
vn 0.3766 0.0921 0.9218
vn 0.2072 0.9583 -0.1967
vn 0.6306 0.6117 -0.4776
vn 0.7141 0.6668 -0.2130
vn 0.9727 0.1687 -0.1597
vn 0.9807 0.1923 -0.0339
vn 0.9808 0.1923 -0.0339
vn -0.0557 0.8791 -0.4734
vn -0.0252 0.8623 -0.5058
vn 0.0165 -0.8606 0.5090
vn 0.0248 -0.8814 0.4717
vn 0.0722 0.4744 0.8773
vn 0.0302 0.4762 0.8788
vn -0.0949 -0.4894 -0.8669
vn -0.0425 -0.4866 -0.8726
vn -0.0139 -0.9628 -0.2700
vn -0.0433 -0.9579 -0.2839
vn 0.0730 -0.2814 0.9568
vn 0.0322 -0.2541 0.9666
vn 0.0088 0.9588 0.2840
vn 0.0192 0.9551 0.2957
vn -0.1038 0.2666 -0.9582
vn -0.0486 0.2494 -0.9672
vn -0.1616 0.2565 0.9530
vn -0.0450 0.2412 0.9694
vn 0.0432 0.9587 -0.2811
vn 0.0086 0.9624 -0.2714
vn 0.1558 -0.2489 -0.9559
vn 0.0386 -0.2417 -0.9696
vn -0.0103 -0.9679 0.2510
vn -0.0306 -0.9741 0.2238
vn -0.1389 -0.5176 0.8443
vn -0.0392 -0.4944 0.8684
vn 0.0331 0.4847 -0.8741
vn 0.1368 0.4886 -0.8617
vn 0.0899 -0.8520 -0.5158
vn 0.0225 -0.8486 -0.5286
vn -0.0243 0.8553 0.5176
vn -0.0824 0.8729 0.4808
vn 0.9744 -0.2214 0.0390
vn 0.9744 -0.2215 0.0390
vn 0.7288 -0.6743 0.1189
vn 0.3758 -0.9126 0.1609
vn 0.9584 -0.2694 -0.0940
vn 0.6998 -0.7133 0.0383
vn 0.8234 -0.3680 -0.4319
vn 0.3521 -0.9274 0.1265
vn 0.5697 -0.8021 -0.1793
vn 0.4808 -0.4368 -0.7603
vn 0.3757 -0.9126 0.1609
vn 0.9583 -0.2214 0.1806
vn 0.2616 -0.9647 0.0304
vn 0.3125 -0.8587 -0.4061
vn 0.1338 -0.4419 -0.8870
vn 0.6994 -0.6838 0.2079
vn 0.8230 -0.1991 0.5320
vn 0.1666 0.9538 -0.2500
vn 0.1351 -0.9883 -0.0708
vn 0.0808 -0.8568 -0.5092
vn 0.5686 -0.6937 0.4421
vn 0.3518 -0.9148 0.1982
vn 0.4804 -0.1520 0.8638
vn 0.0339 -0.9910 -0.1299
vn 0.3114 -0.6703 0.6736
vn 0.2608 -0.9174 0.3007
vn 0.2355 0.9597 -0.1531
vn 0.1661 0.9818 -0.0918
vn 0.0172 0.9997 0.0183
vn -0.0000 -0.9995 -0.0314
vn -0.2451 -0.9575 0.1523
vn -0.1535 -0.9516 0.2663
vn 0.3829 0.9098 -0.1604
vn 0.3828 0.9098 -0.1604
vn 0.7415 0.6608 -0.1165
vn 0.3594 0.9118 -0.1985
vn 0.2516 -0.9531 0.1681
vn 0.7414 0.6608 -0.1165
vn 0.9768 0.2109 -0.0372
vn 0.2678 0.9142 -0.3041
vn 0.7125 0.6702 -0.2081
vn 0.9768 0.2110 -0.0372
vn 0.9808 -0.1921 0.0339
vn 0.0814 -0.9964 0.0240
vn 0.1383 0.9016 -0.4099
vn 0.5818 0.6786 -0.4483
vn 0.9613 0.2099 -0.1785
vn 0.7071 -0.6964 0.1228
vn 0.0346 0.8835 -0.4671
vn 0.3202 0.6535 -0.6859
vn 0.8265 0.1863 -0.5312
vn 0.9727 -0.2128 -0.0925
vn 0.3591 0.9248 -0.1255
vn 0.1951 -0.9659 0.1703
vn -0.0000 0.8784 -0.4778
vn 0.0831 0.6161 -0.7833
vn 0.4825 0.1383 -0.8649
vn 0.8494 -0.2771 -0.4491
vn 0.7141 -0.6995 0.0279
vn 0.2669 0.9633 -0.0277
vn 0.7120 0.7013 -0.0339
vn -0.0000 -0.9848 0.1736
vn -0.0000 0.6056 -0.7958
vn 0.1340 0.0995 -0.9860
vn 0.4904 -0.3395 -0.8027
vn 0.6306 -0.7382 -0.2395
vn 0.2072 -0.9678 0.1429
vn 0.0809 -0.9449 0.3171
vn 0.1374 0.9877 0.0749
vn 0.5808 0.7921 0.1881
vn 0.9612 0.2587 0.0960
vn -0.0000 0.0856 -0.9963
vn 0.1281 -0.3595 -0.9243
vn 0.3641 -0.7845 -0.5020
vn 0.1898 -0.9799 0.0615
vn -0.0000 -0.9998 -0.0218
vn 0.0273 -0.9990 -0.0343
vn 0.1096 -0.9938 -0.0175
vn 0.0343 0.9904 0.1340
vn 0.3191 0.8503 0.4186
vn 0.8261 0.3578 0.4353
vn 0.9727 -0.1683 0.1597
vn -0.0000 -0.3624 -0.9320
vn 0.0940 -0.8072 -0.5828
vn -0.0000 -0.8192 -0.5736
vn -0.0000 -0.9293 0.3694
vn -0.0000 0.9894 0.1455
vn 0.0827 0.8489 0.5220
vn 0.4821 0.4273 0.7649
vn 0.8494 -0.1068 0.5168
vn 0.7141 -0.6668 0.2130
vn -0.0350 0.8831 -0.4679
vn -0.0000 0.8436 0.5370
vn 0.1339 0.4326 0.8916
vn 0.4904 -0.0445 0.8704
vn 0.6306 -0.6117 0.4776
vn 0.2072 -0.9583 0.1967
vn -0.1951 -0.9659 0.1703
vn -0.0831 -0.9963 0.0225
vn -0.1406 0.9001 -0.4123
vn -0.0836 0.6148 -0.7842
vn -0.0000 -0.8191 -0.5736
vn -0.0000 0.4233 0.9060
vn 0.1281 -0.0217 0.9915
vn 0.3641 -0.5655 0.7401
vn 0.1898 -0.9418 0.2773
vn 0.1096 -0.9279 0.3563
vn 0.0273 -0.9271 0.3739
vn -0.0000 -0.9320 0.3624
vn -0.7071 -0.6964 0.1228
vn -0.2747 0.9114 -0.3065
vn -0.3229 0.6494 -0.6884
vn -0.1336 0.0984 -0.9861
vn -0.2072 -0.9678 0.1429
vn -0.1898 -0.9799 0.0615
vn -0.1096 -0.9938 -0.0175
vn -0.0273 -0.9990 -0.0343
vn -0.0000 -0.0218 0.9998
vn 0.0940 -0.5592 0.8237
vn -0.0000 -0.5736 0.8191
vn -0.9808 -0.1921 0.0339
vn -0.3712 0.9070 -0.1987
vn -0.5886 0.6712 -0.4506
vn -0.4823 0.1352 -0.8655
vn -0.1281 -0.3595 -0.9243
vn -0.0940 -0.8071 -0.5828
vn -0.7141 -0.6995 0.0279
vn -0.6306 -0.7382 -0.2396
vn -0.3641 -0.7845 -0.5020
vn -0.0177 -0.9330 0.3594
vn -0.0347 0.9903 0.1348
vn -0.9785 0.2032 -0.0358
vn -0.9785 0.2031 -0.0358
vn -0.3965 0.9041 -0.1594
vn -0.7224 0.6595 -0.2079
vn -0.8274 0.1812 -0.5316
vn -0.4904 -0.3395 -0.8027
vn -0.9727 -0.2128 -0.0925
vn -0.8494 -0.2771 -0.4491
vn -0.1398 0.9871 0.0777
vn -0.0832 0.8481 0.5233
vn -0.7531 0.6479 -0.1142
vn -0.9629 0.2029 -0.1777
vn -0.2458 0.9693 -0.0063
vn -0.3219 0.8473 0.4224
vn -0.1334 0.4316 0.8921
vn -0.0273 -0.9271 0.3739
vn -0.1096 -0.9279 0.3563
vn -0.1744 -0.9408 0.2906
vn -0.2110 -0.9532 0.2165
vn -0.3580 0.9277 -0.1054
vn -0.5437 0.8068 0.2311
vn -0.4819 0.4246 0.7665
vn -0.1281 -0.0217 0.9915
vn -0.0940 -0.5591 0.8237
vn -0.3641 -0.5655 0.7401
vn -0.5963 -0.6076 0.5246
vn -0.7097 -0.6510 0.2691
vn -0.2619 -0.9504 0.1676
vn -0.7038 0.7102 0.0154
vn -0.7871 0.3703 0.4933
vn -0.4904 -0.0445 0.8704
vn -0.8093 -0.0942 0.5798
vn -0.9599 -0.1558 0.2331
vn -0.9452 0.2765 0.1738
vn -0.1305 0.1722 0.9764
vn -0.9914 -0.0227 -0.1285
vn -0.0000 0.1737 0.9848
vn 0.1305 0.1722 0.9764
vn -0.8240 0.0984 0.5579
vn -0.1305 -0.1722 -0.9764
vn 0.1305 -0.1722 -0.9764
vn -0.8660 -0.0868 -0.4924
vn -0.0000 -0.1737 -0.9848
vn 0.9914 0.0227 0.1285
vn -0.9781 0.0361 0.2049
vn 0.9914 -0.0227 -0.1285
vn -0.0000 0.3615 0.9324
vn 0.0005 0.3615 0.9324
vn 0.0005 0.0228 -0.9997
vn -0.9727 0.1683 -0.1596
vn -0.9599 0.2258 0.1660
vn 0.9914 -0.0224 -0.1287
vn -0.5001 0.1494 0.8530
vn -0.8241 0.0976 0.5580
vn -0.0011 -0.1719 -0.9851
vn 0.9915 0.0227 0.1284
vn -0.0005 0.1727 0.9850
vn -0.1305 0.1711 0.9766
vn -0.9781 0.0357 0.2049
vn -0.0011 0.1719 0.9851
vn 0.5001 0.1496 0.8530
vn 0.0028 -0.1718 -0.9851
vn 0.0063 -0.1711 -0.9852
vn -0.0003 0.1655 0.9862
vn 0.4995 0.8542 -0.1442
vn -0.4995 0.8520 -0.1567
vn 0.0003 -0.1655 -0.9862
vn 0.0025 -0.1688 -0.9857
vn 0.0028 0.1718 0.9851
vn 0.0003 0.1655 0.9862
vn 0.0063 0.1711 0.9852
vn 0.8655 0.4939 -0.0834
vn 0.8494 0.1075 -0.5167
vn 0.9727 0.2129 0.0926
vn 0.1280 0.0227 -0.9915
vn 0.8494 0.2768 0.4494
vn -0.0000 0.0228 -0.9997
vn 0.4904 0.3387 0.8030
vn -0.0005 0.0228 -0.9997
vn 0.0618 0.9563 0.2859
vn -0.9854 0.1699 -0.0073
vn -0.2791 0.9065 0.3167
vn -0.1656 0.9848 0.0520
vn 0.0407 -0.8627 0.5041
vn -0.7071 0.1228 0.6964
vn -0.2588 0.1677 0.9513
vn 0.2588 -0.1677 -0.9513
vn -0.7071 -0.1228 -0.6964
vn 0.9659 0.0449 0.2549
vn 0.2356 -0.9597 0.1529
vn 0.1666 -0.9818 0.0913
vn 0.9914 0.1293 -0.0218
vn -0.8655 0.4926 -0.0906
vn -0.9914 0.1290 -0.0237
vn -0.1304 0.9751 -0.1793
vn -0.9932 -0.1160 0.0103
vn -0.9863 -0.1645 0.0147
vn -0.9885 -0.0778 0.1295
vn -0.8629 -0.1000 0.4954
vn -0.4934 -0.1082 0.8631
vn 0.9653 -0.2599 0.0234
vn 0.9225 -0.3772 -0.0816
vn 0.9928 -0.1196 0.0107
vn 0.9854 -0.1695 0.0151
vn 0.9956 -0.0929 0.0083
vn 0.9970 -0.0768 0.0069
vn 0.7724 -0.4578 -0.4402
vn 0.4116 -0.3766 -0.8299
vn -0.0855 -0.2247 -0.9707
vn -0.4148 -0.3715 -0.8306
vn -0.7770 -0.4487 -0.4415
vn -0.9263 -0.3677 -0.0825
vn 0.8626 -0.1018 0.4956
vn 0.9883 -0.0799 0.1297
vn 0.4930 -0.1092 0.8631
vn 0.1251 -0.0959 0.9875
vn 0.0842 -0.2254 -0.9706
vn -0.1253 -0.0956 0.9875
vn 0.2355 -0.9542 0.1844
vn 0.1662 -0.9540 0.2495
vn 0.0809 0.9964 -0.0252
vn 0.0172 -0.9331 0.3592
vn -0.0177 0.9997 0.0186
vn 0.9914 0.1290 -0.0237
vn 0.8655 0.4926 -0.0906
vn 0.1304 0.9776 -0.1651
vn -0.0025 0.1688 0.9857
vn 0.4995 0.8520 -0.1567
vn 0.1304 0.9751 -0.1793
vn -0.9914 0.1293 -0.0218
vn -0.8655 0.4939 -0.0834
vn -0.0063 0.1711 0.9852
vn -0.0178 -0.9996 -0.0206
vn -0.1719 -0.9810 0.0896
vn -0.2451 0.9518 -0.1843
vn -0.2343 -0.9526 0.1942
vn -0.1535 0.9853 -0.0752
vn 0.0173 -0.9996 -0.0203
vn 0.0814 0.9445 -0.3182
vn -0.0826 -0.9443 0.3184
vn -0.0831 0.9439 -0.3196
vn -0.4995 0.8542 -0.1442
vn -0.1304 0.9776 -0.1651
vn -0.0025 -0.1688 -0.9857
vt 0.021266 0.908041
vt 0.016051 0.907188
vt 0.016711 0.901901
vt 0.021807 0.902425
vt 0.044957 0.921176
vt 0.037446 0.921564
vt 0.037321 0.915478
vt 0.044581 0.915545
vt 0.044554 0.909777
vt 0.037570 0.909529
vt 0.037740 0.903637
vt 0.044593 0.904003
vt 0.018914 0.919056
vt 0.013514 0.916919
vt 0.015083 0.912156
vt 0.020407 0.913515
vt 0.059387 0.909058
vt 0.052180 0.909700
vt 0.051950 0.904125
vt 0.058816 0.903739
vt 0.060900 0.919191
vt 0.053017 0.920582
vt 0.052533 0.915233
vt 0.060148 0.914184
vt 0.031601 0.909171
vt 0.026323 0.908719
vt 0.026712 0.902877
vt 0.031871 0.903269
vt 0.058074 0.897940
vt 0.051598 0.898208
vt 0.051175 0.891993
vt 0.057578 0.891738
vt 0.030678 0.921223
vt 0.024561 0.920610
vt 0.025591 0.914542
vt 0.031087 0.915107
vt 0.045783 0.876882
vt 0.039371 0.876883
vt 0.039768 0.863902
vt 0.046377 0.863942
vt 0.044631 0.898074
vt 0.037996 0.897663
vt 0.038001 0.891498
vt 0.044389 0.891922
vt 0.022022 0.896381
vt 0.016931 0.896001
vt 0.017283 0.889733
vt 0.022351 0.889984
vt 0.032158 0.897211
vt 0.026966 0.896780
vt 0.027269 0.890427
vt 0.032353 0.890958
vt 0.033012 0.850008
vt 0.026155 0.850204
vt 0.028236 0.843668
vt 0.033906 0.841974
vt 0.021507 0.876338
vt 0.016218 0.876191
vt 0.015398 0.864319
vt 0.020811 0.864164
vt 0.033020 0.876711
vt 0.027015 0.876586
vt 0.026619 0.864021
vt 0.033122 0.863874
vt 0.057734 0.877051
vt 0.051906 0.876848
vt 0.052617 0.864185
vt 0.058307 0.864700
vt 0.064748 0.852604
vt 0.059583 0.851399
vt 0.058384 0.847412
vt 0.065966 0.849342
vt 0.053757 0.850256
vt 0.051233 0.844695
vt 0.039894 0.850316
vt 0.039555 0.841378
vt 0.046907 0.850004
vt 0.045148 0.842650
vt 0.019855 0.850921
vt 0.014344 0.851614
vt 0.014516 0.848162
vt 0.021854 0.846345
vt 0.063706 0.865327
vt 0.063123 0.877467
vt 0.063247 0.891435
vt 0.062474 0.924397
vt 0.062753 0.931665
vt 0.054178 0.931981
vt 0.053814 0.925038
vt 0.070670 0.923171
vt 0.071399 0.931252
vt 0.063672 0.897493
vt 0.064557 0.903054
vt 0.017870 0.925543
vt 0.015462 0.932041
vt 0.008858 0.928674
vt 0.011797 0.922453
vt 0.023729 0.927219
vt 0.022627 0.934000
vt 0.067624 0.917401
vt 0.066391 0.912855
vt 0.065342 0.908103
vt 0.029932 0.927168
vt 0.030186 0.934499
vt 0.036729 0.926654
vt 0.037828 0.933657
vt 0.044767 0.925311
vt 0.045699 0.932488
vt 0.011707 0.837689
vt 0.018669 0.836504
vt 0.046610 0.834670
vt 0.053819 0.835810
vt 0.032282 0.834479
vt 0.039324 0.834167
vt 0.060939 0.837178
vt 0.068068 0.838610
vt 0.025428 0.835359
vt 0.017330 0.822960
vt 0.024633 0.822577
vt 0.062945 0.822725
vt 0.070435 0.824030
vt 0.032018 0.822076
vt 0.039681 0.821614
vt 0.047527 0.821466
vt 0.055365 0.821796
vt 0.009950 0.823305
vt 0.031707 0.808939
vt 0.039995 0.808046
vt 0.009052 0.807650
vt 0.016427 0.808490
vt 0.023858 0.809169
vt 0.064970 0.806746
vt 0.072505 0.808231
vt 0.048518 0.806816
vt 0.056970 0.806155
vt 0.040626 0.791714
vt 0.049717 0.789984
vt 0.058372 0.788965
vt 0.066517 0.789448
vt 0.031657 0.792951
vt 0.008206 0.790622
vt 0.015541 0.792100
vt 0.023152 0.793187
vt 0.073988 0.790989
vt 0.034063 0.718284
vt 0.026740 0.718544
vt 0.027730 0.573815
vt 0.034959 0.573793
vt 0.048565 0.718548
vt 0.041335 0.718245
vt 0.041347 0.573825
vt 0.048326 0.573925
vt 0.055819 0.718912
vt 0.056118 0.574004
vt 0.066434 0.760695
vt 0.058706 0.759997
vt 0.056817 0.743971
vt 0.064156 0.744061
vt 0.019465 0.718799
vt 0.012323 0.718851
vt 0.013124 0.573863
vt 0.020047 0.573835
vt 0.059176 0.774673
vt 0.067057 0.775255
vt 0.008435 0.776037
vt 0.015927 0.777254
vt 0.028698 0.499100
vt 0.020050 0.499532
vt 0.019612 0.488364
vt 0.030421 0.487737
vt 0.050611 0.775121
vt 0.023807 0.777856
vt 0.032380 0.777401
vt 0.041499 0.776249
vt 0.074584 0.776352
vt 0.070099 0.719032
vt 0.062997 0.719116
vt 0.063393 0.574071
vt 0.069779 0.574074
vt 0.032589 0.762146
vt 0.041371 0.760992
vt 0.024306 0.762829
vt 0.073969 0.761450
vt 0.050200 0.760180
vt 0.016499 0.762461
vt 0.009134 0.761190
vt 0.043016 0.501423
vt 0.036672 0.500109
vt 0.039997 0.489468
vt 0.046461 0.490720
vt 0.056566 0.502949
vt 0.049513 0.502497
vt 0.052012 0.491507
vt 0.057631 0.491883
vt 0.018428 0.744213
vt 0.026006 0.744410
vt 0.041437 0.743957
vt 0.049235 0.743868
vt 0.012998 0.500893
vt 0.011527 0.489935
vt 0.069353 0.501821
vt 0.063246 0.502568
vt 0.063227 0.492154
vt 0.069318 0.492197
vt 0.071455 0.743883
vt 0.011033 0.743617
vt 0.040932 0.483411
vt 0.047581 0.483499
vt 0.018747 0.477806
vt 0.009499 0.479063
vt 0.009131 0.473439
vt 0.018494 0.473384
vt 0.069578 0.479502
vt 0.063002 0.479924
vt 0.062809 0.473607
vt 0.068772 0.473379
vt 0.057986 0.480043
vt 0.057930 0.473670
vt 0.053159 0.479753
vt 0.048059 0.479286
vt 0.048425 0.473417
vt 0.053289 0.473532
vt 0.019070 0.483218
vt 0.030700 0.482907
vt 0.041419 0.478483
vt 0.030866 0.477183
vt 0.031024 0.473227
vt 0.041871 0.473448
vt 0.052874 0.483596
vt 0.057993 0.483778
vt 0.010275 0.483790
vt 0.063183 0.484213
vt 0.069525 0.484962
vt 0.041767 0.469442
vt 0.048184 0.468254
vt 0.018951 0.465996
vt 0.010321 0.464944
vt 0.011838 0.459381
vt 0.019748 0.460288
vt 0.041110 0.465227
vt 0.030763 0.466253
vt 0.030332 0.460432
vt 0.039720 0.459167
vt 0.053067 0.467774
vt 0.057810 0.467729
vt 0.018508 0.470499
vt 0.030926 0.471001
vt 0.052774 0.464486
vt 0.047645 0.464688
vt 0.046227 0.458329
vt 0.051900 0.457824
vt 0.069306 0.463684
vt 0.063012 0.464123
vt 0.063345 0.457220
vt 0.069538 0.456838
vt 0.057793 0.464424
vt 0.057625 0.457548
vt 0.051261 0.453767
vt 0.045142 0.454041
vt 0.042376 0.442147
vt 0.049112 0.441952
vt 0.069843 0.451893
vt 0.063602 0.452842
vt 0.063402 0.441887
vt 0.069630 0.441864
vt 0.057490 0.453455
vt 0.056477 0.441853
vt 0.020391 0.455078
vt 0.012806 0.455086
vt 0.013360 0.442350
vt 0.020322 0.442565
vt 0.038499 0.454260
vt 0.029828 0.454791
vt 0.028445 0.442546
vt 0.036016 0.442355
vt 0.062881 0.467854
vt 0.049101 0.122951
vt 0.041295 0.122382
vt 0.042555 0.090007
vt 0.051203 0.091467
vt 0.064139 0.123436
vt 0.056506 0.123350
vt 0.058747 0.093039
vt 0.066356 0.094016
vt 0.071829 0.123255
vt 0.073440 0.094284
vt 0.033121 0.121929
vt 0.024648 0.121947
vt 0.022472 0.091152
vt 0.032550 0.089739
vt 0.009501 0.468851
vt 0.069335 0.468272
vt 0.019935 0.354324
vt 0.012984 0.354943
vt 0.009542 0.148145
vt 0.017334 0.148148
vt 0.063593 0.355226
vt 0.056263 0.355525
vt 0.056398 0.146952
vt 0.064084 0.147366
vt 0.041351 0.354866
vt 0.034916 0.354321
vt 0.033094 0.147515
vt 0.040864 0.147085
vt 0.016343 0.122630
vt 0.008278 0.123680
vt 0.005614 0.094219
vt 0.013455 0.093002
vt 0.027651 0.354041
vt 0.025249 0.147940
vt 0.048385 0.355352
vt 0.048617 0.146871
vt 0.070034 0.354688
vt 0.071769 0.147858
vt 0.021977 0.082860
vt 0.032635 0.081473
vt 0.043370 0.080569
vt 0.005220 0.083050
vt 0.012921 0.083368
vt 0.052598 0.080673
vt 0.060063 0.081145
vt 0.067170 0.081985
vt 0.074059 0.082782
vt 0.059670 0.070472
vt 0.066265 0.069677
vt 0.022179 0.072223
vt 0.032534 0.073077
vt 0.043135 0.072783
vt 0.005888 0.069115
vt 0.013500 0.070724
vt 0.052238 0.071641
vt 0.073281 0.068969
vt 0.033013 0.064825
vt 0.042014 0.064771
vt 0.019491 0.051403
vt 0.012639 0.047905
vt 0.017381 0.040038
vt 0.023703 0.044207
vt 0.033835 0.056751
vt 0.026485 0.054639
vt 0.029060 0.047706
vt 0.034455 0.049739
vt 0.049977 0.062834
vt 0.056787 0.060302
vt 0.016749 0.059230
vt 0.024390 0.062585
vt 0.048296 0.055748
vt 0.041357 0.057159
vt 0.040142 0.050354
vt 0.045682 0.048874
vt 0.067427 0.048081
vt 0.060637 0.050945
vt 0.057116 0.043469
vt 0.063477 0.040065
vt 0.054584 0.053508
vt 0.051147 0.046494
vt 0.009617 0.055921
vt 0.063345 0.057977
vt 0.070448 0.056021
vt 0.040696 0.044341
vt 0.046479 0.044128
vt 0.057121 0.041423
vt 0.061447 0.039139
vt 0.022830 0.040825
vt 0.028679 0.042648
vt 0.052128 0.043148
vt 0.034899 0.043925
vt 0.018070 0.038046
vt 0.021357 0.030222
vt 0.026103 0.031374
vt 0.045406 0.034594
vt 0.049555 0.033988
vt 0.041165 0.034590
vt 0.053729 0.032884
vt 0.057974 0.031537
vt 0.031464 0.032811
vt 0.036646 0.033965
vt 0.032592 0.025731
vt 0.037242 0.025749
vt 0.041400 0.025663
vt 0.022193 0.024884
vt 0.027207 0.025447
vt 0.045255 0.025566
vt 0.049043 0.025632
vt 0.052966 0.025822
vt 0.057358 0.026012
vt 0.027436 0.019560
vt 0.032388 0.019250
vt 0.049534 0.018425
vt 0.053750 0.019365
vt 0.037047 0.018602
vt 0.041362 0.018057
vt 0.022497 0.019314
vt 0.045462 0.017933
vt 0.058178 0.020512
vt 0.041157 0.012243
vt 0.045774 0.012224
vt 0.054960 0.013809
vt 0.059472 0.015112
vt 0.027310 0.013936
vt 0.031872 0.013601
vt 0.050368 0.012732
vt 0.036476 0.012829
vt 0.022617 0.013787
vt 0.056241 0.371590
vt 0.048491 0.371405
vt 0.063535 0.371275
vt 0.020067 0.370410
vt 0.013130 0.370937
vt 0.027810 0.370173
vt 0.041442 0.370922
vt 0.035077 0.370422
vt 0.069875 0.370774
vt 0.033699 0.744228
vt 0.244825 0.131497
vt 0.284250 0.131494
vt 0.284248 0.256096
vt 0.244836 0.256098
vt 0.244825 0.006891
vt 0.284251 0.006891
vt 0.286424 0.131490
vt 0.286422 0.256093
vt 0.286424 0.006888
vt 0.288599 0.131488
vt 0.288594 0.256090
vt 0.291838 0.131488
vt 0.291833 0.256090
vt 0.288598 0.006885
vt 0.431916 0.131489
vt 0.431914 0.256093
vt 0.291835 0.006885
vt 0.531211 0.131490
vt 0.531209 0.256095
vt 0.431917 0.006884
vt 0.620443 0.131491
vt 0.620441 0.256096
vt 0.531212 0.006885
vt 0.956770 0.131489
vt 0.996195 0.131487
vt 0.996193 0.256092
vt 0.956768 0.256091
vt 0.709675 0.131492
vt 0.709673 0.256097
vt 0.620445 0.006886
vt 0.956772 0.006887
vt 0.996184 0.006885
vt 0.954595 0.256095
vt 0.954595 0.131493
vt 0.808969 0.131494
vt 0.808969 0.256098
vt 0.709677 0.006888
vt 0.954598 0.006890
vt 0.952421 0.256098
vt 0.952420 0.131495
vt 0.946789 0.131495
vt 0.946791 0.256098
vt 0.808972 0.006889
vt 0.952425 0.006893
vt 0.946794 0.006893
vt 0.964858 0.807188
vt 0.969828 0.802225
vt 0.970448 0.803025
vt 0.965458 0.807986
vt 0.970904 0.804007
vt 0.966074 0.808799
vt 0.953989 0.813375
vt 0.954365 0.814324
vt 0.954747 0.815291
vt 0.941678 0.816329
vt 0.941745 0.817385
vt 0.941838 0.818457
vt 0.939340 0.816318
vt 0.939531 0.817351
vt 0.939920 0.818397
vt 0.952654 0.726324
vt 0.940725 0.723310
vt 0.940842 0.722295
vt 0.953022 0.725406
vt 0.940969 0.721271
vt 0.953399 0.724470
vt 0.963326 0.732314
vt 0.963922 0.731514
vt 0.964525 0.730709
vt 0.891759 0.787731
vt 0.898230 0.798290
vt 0.897445 0.798922
vt 0.890844 0.788134
vt 0.896651 0.799559
vt 0.889921 0.788542
vt 0.905908 0.732300
vt 0.904227 0.733909
vt 0.903656 0.733026
vt 0.905250 0.731493
vt 0.903221 0.731992
vt 0.904592 0.730639
vt 0.928666 0.723327
vt 0.916833 0.726214
vt 0.916468 0.725284
vt 0.928536 0.722362
vt 0.916102 0.724347
vt 0.928408 0.721382
vt 0.935483 0.723217
vt 0.935344 0.722248
vt 0.934969 0.721271
vt 0.888434 0.763462
vt 0.888304 0.775824
vt 0.887310 0.775962
vt 0.887444 0.763334
vt 0.886289 0.776102
vt 0.886442 0.763202
vt 0.718384 0.721075
vt 0.724291 0.722226
vt 0.723734 0.723113
vt 0.718320 0.722103
vt 0.723413 0.724036
vt 0.718252 0.723127
vt 0.705444 0.722091
vt 0.705674 0.723085
vt 0.705899 0.724055
vt 0.897330 0.740851
vt 0.896532 0.740265
vt 0.895734 0.739676
vt 0.706703 0.815346
vt 0.716174 0.816840
vt 0.716178 0.817816
vt 0.706331 0.816311
vt 0.716178 0.818796
vt 0.705770 0.817255
vt 0.739365 0.810363
vt 0.748864 0.802898
vt 0.749561 0.803580
vt 0.739865 0.811208
vt 0.750267 0.804273
vt 0.740371 0.812066
vt 0.749733 0.738429
vt 0.740639 0.730745
vt 0.741165 0.729944
vt 0.750494 0.737784
vt 0.741703 0.729129
vt 0.751247 0.737112
vt 0.670128 0.756356
vt 0.675299 0.744625
vt 0.676179 0.745146
vt 0.671098 0.756633
vt 0.677038 0.745655
vt 0.672053 0.756907
vt 0.683109 0.734415
vt 0.683816 0.735143
vt 0.684517 0.735862
vt 0.691766 0.812172
vt 0.681579 0.804343
vt 0.682289 0.803647
vt 0.692271 0.811283
vt 0.682987 0.802958
vt 0.692764 0.810408
vt 0.693507 0.726874
vt 0.693995 0.727762
vt 0.870672 0.769422
vt 0.870672 0.710754
vt 0.920586 0.710754
vt 0.920586 0.720562
vt 0.909905 0.724986
vt 0.899279 0.733140
vt 0.891125 0.743767
vt 0.885999 0.756142
vt 0.884250 0.769422
vt 0.228130 0.287561
vt 0.233281 0.282508
vt 0.233555 0.282758
vt 0.228339 0.287878
vt 0.232929 0.282089
vt 0.235142 0.275153
vt 0.235514 0.275548
vt 0.235705 0.266516
vt 0.234268 0.274129
vt 0.234795 0.265613
vt 0.220994 0.108050
vt 0.227790 0.109856
vt 0.227039 0.110901
vt 0.220292 0.109172
vt 0.201221 0.108362
vt 0.201388 0.107874
vt 0.221266 0.107589
vt 0.172456 0.107721
vt 0.201466 0.107473
vt 0.172455 0.108263
vt 0.220948 0.289535
vt 0.221089 0.289889
vt 0.227801 0.287102
vt 0.232095 0.281039
vt 0.200818 0.109460
vt 0.172451 0.108802
vt 0.138393 0.108258
vt 0.138337 0.107662
vt 0.200126 0.289439
vt 0.200203 0.289857
vt 0.220657 0.289049
vt 0.227001 0.286001
vt 0.200188 0.290869
vt 0.170289 0.289844
vt 0.170333 0.288922
vt 0.172443 0.109806
vt 0.138491 0.108854
vt 0.104047 0.107678
vt 0.103944 0.107247
vt 0.170350 0.288370
vt 0.199957 0.288929
vt 0.219905 0.287861
vt 0.138662 0.109828
vt 0.104270 0.108220
vt 0.098042 0.107693
vt 0.097905 0.107344
vt 0.136224 0.287513
vt 0.136308 0.286930
vt 0.170364 0.287821
vt 0.199545 0.287778
vt 0.104758 0.109297
vt 0.098323 0.108174
vt 0.090942 0.109688
vt 0.090743 0.109377
vt 0.103123 0.285587
vt 0.103008 0.285983
vt 0.136432 0.286351
vt 0.170388 0.286794
vt 0.099056 0.109351
vt 0.091249 0.110136
vt 0.085868 0.114549
vt 0.085607 0.114306
vt 0.097472 0.285707
vt 0.097611 0.285388
vt 0.103354 0.285085
vt 0.136647 0.285393
vt 0.091996 0.111216
vt 0.086196 0.114952
vt 0.083726 0.121268
vt 0.083427 0.121084
vt 0.102973 0.286940
vt 0.097301 0.286671
vt 0.091054 0.283280
vt 0.090859 0.283568
vt 0.097887 0.284949
vt 0.103850 0.284073
vt 0.086961 0.115958
vt 0.084074 0.121644
vt 0.083187 0.129681
vt 0.082861 0.129527
vt 0.086253 0.278511
vt 0.086006 0.278749
vt 0.091356 0.282863
vt 0.098614 0.283877
vt 0.084887 0.122619
vt 0.083551 0.130022
vt 0.082315 0.149160
vt 0.082688 0.149289
vt 0.081854 0.129480
vt 0.082420 0.120883
vt 0.084510 0.274649
vt 0.084230 0.274825
vt 0.086577 0.278124
vt 0.092097 0.281855
vt 0.084396 0.130909
vt 0.083081 0.149559
vt 0.081972 0.174107
vt 0.082393 0.174179
vt 0.081389 0.149140
vt 0.083946 0.264189
vt 0.083637 0.264330
vt 0.084840 0.274300
vt 0.087349 0.277160
vt 0.083882 0.150173
vt 0.082812 0.174322
vt 0.082516 0.197754
vt 0.082106 0.197756
vt 0.081073 0.174105
vt 0.083182 0.245573
vt 0.083541 0.245449
vt 0.084292 0.263878
vt 0.085605 0.273396
vt 0.083604 0.174625
vt 0.082923 0.197754
vt 0.082887 0.221144
vt 0.082473 0.221219
vt 0.081187 0.197766
vt 0.083919 0.245194
vt 0.085096 0.263070
vt 0.083734 0.197755
vt 0.083297 0.221004
vt 0.084693 0.244614
vt 0.084071 0.220711
vt 0.083290 0.275077
vt 0.082680 0.264368
vt 0.221245 0.290968
vt 0.103958 0.106221
vt 0.106208 0.106279
vt 0.168211 0.289790
vt 0.136184 0.288426
vt 0.238207 0.147710
vt 0.238807 0.172559
vt 0.237904 0.172568
vt 0.237292 0.147743
vt 0.695972 0.710754
vt 0.695972 0.722629
vt 0.690283 0.724986
vt 0.679656 0.733140
vt 0.671502 0.743767
vt 0.666376 0.756142
vt 0.664628 0.769422
vt 0.657270 0.769422
vt 0.657270 0.734722
vt 0.660497 0.722679
vt 0.669195 0.713981
vt 0.681238 0.710754
vt 0.730912 0.710754
vt 0.730912 0.720562
vt 0.729218 0.719860
vt 0.715938 0.718112
vt 0.702658 0.719860
vt 0.172446 0.106815
vt 0.201455 0.106509
vt 0.236624 0.120223
vt 0.237384 0.128477
vt 0.236408 0.128544
vt 0.235679 0.120434
vt 0.084755 0.113772
vt 0.090201 0.108460
vt 0.138344 0.106733
vt 0.170404 0.106771
vt 0.090326 0.284440
vt 0.097748 0.106265
vt 0.228896 0.288814
vt 0.730912 0.818282
vt 0.730912 0.824327
vt 0.695972 0.824327
vt 0.695972 0.816214
vt 0.702658 0.818983
vt 0.715938 0.820732
vt 0.729218 0.818983
vt 0.236846 0.275938
vt 0.234463 0.283308
vt 0.235825 0.275742
vt 0.082286 0.245597
vt 0.081589 0.221237
vt 0.955526 0.722629
vt 0.955526 0.710754
vt 0.970261 0.710754
vt 0.982304 0.713981
vt 0.991001 0.722678
vt 0.994229 0.734722
vt 0.994229 0.769422
vt 0.986871 0.769422
vt 0.985122 0.756142
vt 0.979996 0.743767
vt 0.971842 0.733140
vt 0.961215 0.724986
vt 0.085216 0.279292
vt 0.105086 0.287029
vt 0.885999 0.782702
vt 0.891125 0.795077
vt 0.899279 0.805703
vt 0.909905 0.813858
vt 0.920586 0.818282
vt 0.920586 0.824327
vt 0.870672 0.824327
vt 0.948841 0.719860
vt 0.935561 0.718112
vt 0.922281 0.719860
vt 0.238809 0.196520
vt 0.238532 0.220807
vt 0.237605 0.220795
vt 0.237867 0.196514
vt 0.221537 0.106221
vt 0.221397 0.107252
vt 0.780826 0.710754
vt 0.780826 0.769422
vt 0.767248 0.769422
vt 0.765499 0.756142
vt 0.760374 0.743767
vt 0.752220 0.733140
vt 0.741593 0.724986
vt 0.955526 0.816214
vt 0.955526 0.824327
vt 0.922281 0.818983
vt 0.935561 0.820732
vt 0.948841 0.818983
vt 0.237481 0.172643
vt 0.236927 0.147875
vt 0.237448 0.196514
vt 0.237062 0.172785
vt 0.236536 0.148143
vt 0.236094 0.128700
vt 0.238063 0.246658
vt 0.237104 0.246631
vt 0.237171 0.220721
vt 0.237031 0.196515
vt 0.236237 0.173094
vt 0.235718 0.148763
vt 0.235736 0.129038
vt 0.235391 0.120621
vt 0.233327 0.113893
vt 0.234170 0.113353
vt 0.236717 0.246500
vt 0.237465 0.267074
vt 0.236432 0.267022
vt 0.236740 0.220581
vt 0.236167 0.196519
vt 0.234900 0.129911
vt 0.235053 0.120996
vt 0.233074 0.114134
vt 0.228293 0.109118
vt 0.228810 0.108226
vt 0.236094 0.266864
vt 0.236303 0.246229
vt 0.235893 0.220277
vt 0.234261 0.121962
vt 0.232751 0.114536
vt 0.228098 0.109420
vt 0.235440 0.245605
vt 0.231987 0.115546
vt 0.891424 0.751584
vt 0.911743 0.751765
vt 0.908011 0.758213
vt 0.923598 0.742926
vt 0.917023 0.746574
vt 0.907176 0.806837
vt 0.912366 0.786800
vt 0.917937 0.792185
vt 0.938610 0.740909
vt 0.930984 0.740749
vt 0.962086 0.758873
vt 0.958159 0.752262
vt 0.972124 0.740841
vt 0.978469 0.751279
vt 0.756057 0.793296
vt 0.736263 0.790599
vt 0.740895 0.784702
vt 0.741448 0.755927
vt 0.736933 0.749997
vt 0.751055 0.740197
vt 0.756405 0.747735
vt 0.704404 0.814925
vt 0.701892 0.794933
vt 0.708781 0.797962
vt 0.691721 0.784259
vt 0.696094 0.790244
vt 0.678942 0.797367
vt 0.675951 0.792923
vt 0.908420 0.780239
vt 0.906349 0.772935
vt 0.906092 0.765513
vt 0.946022 0.742981
vt 0.952685 0.746847
vt 0.964280 0.766093
vt 0.964449 0.773603
vt 0.962594 0.780899
vt 0.958842 0.787454
vt 0.953482 0.792750
vt 0.946887 0.796423
vt 0.939533 0.798199
vt 0.931849 0.798339
vt 0.924540 0.796171
vt 0.692506 0.754820
vt 0.697141 0.748834
vt 0.703076 0.744365
vt 0.709971 0.741689
vt 0.717343 0.740895
vt 0.724644 0.742079
vt 0.731415 0.745138
vt 0.743958 0.762921
vt 0.744646 0.770377
vt 0.743904 0.777830
vt 0.730296 0.795106
vt 0.723388 0.797901
vt 0.716021 0.798785
vt 0.689105 0.777165
vt 0.688473 0.769568
vt 0.689740 0.761881
vt 0.917855 0.812829
vt 0.929580 0.816024
vt 0.982425 0.775180
vt 0.979597 0.787256
vt 0.981990 0.762940
vt 0.728194 0.815136
vt 0.973515 0.798286
vt 0.671366 0.781290
vt 0.670304 0.769036
vt 0.694478 0.728637
vt 0.730035 0.725434
vt 0.760541 0.782240
vt 0.762354 0.770439
vt 0.760793 0.758633
vt 0.890502 0.751219
vt 0.889567 0.750847
vt 0.906583 0.807638
vt 0.905976 0.808459
vt 0.917481 0.813740
vt 0.917107 0.814655
vt 0.929426 0.816990
vt 0.929271 0.817970
vt 0.972898 0.740223
vt 0.979366 0.750879
vt 0.973685 0.739598
vt 0.980282 0.750473
vt 0.761474 0.782497
vt 0.756904 0.793775
vt 0.762417 0.782759
vt 0.757758 0.794261
vt 0.763319 0.770449
vt 0.764301 0.770461
vt 0.761718 0.758391
vt 0.762666 0.758141
vt 0.974353 0.798918
vt 0.975196 0.799547
vt 0.980544 0.787620
vt 0.981515 0.787992
vt 0.983419 0.775277
vt 0.984429 0.775372
vt 0.982966 0.762779
vt 0.983946 0.762616
vt 0.730356 0.724532
vt 0.730680 0.723615
vt 0.703906 0.816989
vt 0.704170 0.815951
vt 0.677618 0.798936
vt 0.674115 0.793917
vt 0.675042 0.793420
vt 0.678214 0.798050
vt 0.669389 0.781750
vt 0.670383 0.781520
vt 0.668318 0.768979
vt 0.669314 0.769008
vt 0.751723 0.739467
vt 0.752288 0.738580
vt 0.728456 0.816079
vt 0.728722 0.817042
vt 0.757231 0.747295
vt 0.758057 0.746850
vt 0.977534 0.349001
vt 0.901397 0.349001
vt 0.901397 0.343371
vt 0.977534 0.343371
vt 0.501328 0.387967
vt 0.501328 0.368219
vt 0.506959 0.373472
vt 0.506959 0.387925
vt 0.996798 0.368219
vt 0.996798 0.387967
vt 0.991122 0.387926
vt 0.991122 0.373472
vt 0.901397 0.332241
vt 0.977534 0.332241
vt 0.977534 0.337917
vt 0.901397 0.337917
vt 0.825260 0.332241
vt 0.825260 0.337917
vt 0.995628 0.360912
vt 0.994359 0.361438
vt 0.988723 0.356092
vt 0.989964 0.355594
vt 0.996153 0.359644
vt 0.990477 0.354392
vt 0.937863 0.361437
vt 0.935374 0.356092
vt 0.886859 0.361438
vt 0.884950 0.356093
vt 0.813995 0.361437
vt 0.813054 0.356092
vt 0.748419 0.361437
vt 0.748444 0.356092
vt 0.682842 0.361437
vt 0.683835 0.356092
vt 0.996272 0.366951
vt 0.990608 0.372269
vt 0.609979 0.361437
vt 0.611939 0.356092
vt 0.995004 0.366426
vt 0.989368 0.371771
vt 0.558975 0.361437
vt 0.561515 0.356092
vt 0.938507 0.366426
vt 0.936019 0.371771
vt 0.502478 0.361437
vt 0.508069 0.356092
vt 0.887503 0.366426
vt 0.885595 0.371771
vt 0.501210 0.360912
vt 0.506829 0.355594
vt 0.814640 0.366426
vt 0.813699 0.371771
vt 0.500684 0.359644
vt 0.506315 0.354392
vt 0.749063 0.366426
vt 0.749089 0.371771
vt 0.683486 0.366426
vt 0.684479 0.371771
vt 0.500684 0.339897
vt 0.506315 0.339938
vt 0.610623 0.366426
vt 0.612583 0.371771
vt 0.996153 0.339897
vt 0.990477 0.339938
vt 0.559619 0.366426
vt 0.562159 0.371771
vt 0.825260 0.349001
vt 0.825260 0.343371
vt 0.503123 0.366426
vt 0.508713 0.371771
vt 0.501854 0.366951
vt 0.507473 0.372269
vt 0.818217 0.337917
vt 0.818217 0.332241
vt 0.996798 0.400387
vt 0.991122 0.400346
vt 0.991122 0.395026
vt 0.996798 0.395067
vt 0.984576 0.332241
vt 0.984576 0.337917
vt 0.990477 0.327518
vt 0.996153 0.327476
vt 0.996153 0.332797
vt 0.990477 0.332838
vt 0.500684 0.332797
vt 0.506315 0.332838
vt 0.500684 0.327476
vt 0.506315 0.327518
vt 0.984576 0.343371
vt 0.984576 0.349001
vt 0.506959 0.395026
vt 0.501328 0.395067
vt 0.506959 0.400346
vt 0.501328 0.400387
vt 0.818217 0.349001
vt 0.818217 0.343371
vt 0.731330 0.879457
vt 0.781245 0.879457
vt 0.781245 0.879817
vt 0.731330 0.879817
vt 0.826167 0.879457
vt 0.826167 0.879817
vt 0.696390 0.879817
vt 0.696390 0.879457
vt 0.731330 0.878588
vt 0.781245 0.878588
vt 0.826167 0.878588
vt 0.871090 0.879817
vt 0.871090 0.879457
vt 0.676550 0.879457
vt 0.676503 0.879817
vt 0.696390 0.878588
vt 0.731330 0.844877
vt 0.781245 0.844877
vt 0.871090 0.878588
vt 0.826167 0.844877
vt 0.921004 0.879817
vt 0.921004 0.879457
vt 0.731330 0.836803
vt 0.781245 0.836803
vt 0.669163 0.876141
vt 0.668977 0.876463
vt 0.660915 0.866663
vt 0.669613 0.875361
vt 0.660136 0.867113
vt 0.676665 0.878588
vt 0.696390 0.844877
vt 0.826167 0.836803
vt 0.921004 0.878588
vt 0.871090 0.844877
vt 0.955944 0.879457
vt 0.955944 0.879817
vt 0.696390 0.836803
vt 0.659813 0.867300
vt 0.657688 0.854620
vt 0.656819 0.854735
vt 0.657688 0.844877
vt 0.871090 0.836803
vt 0.955944 0.878588
vt 0.921004 0.844877
vt 0.970793 0.879457
vt 0.970840 0.879817
vt 0.657688 0.836803
vt 0.656459 0.854782
vt 0.656819 0.844877
vt 0.921004 0.836803
vt 0.970679 0.878588
vt 0.982722 0.875361
vt 0.983172 0.876140
vt 0.955944 0.844877
vt 0.991420 0.866663
vt 0.992199 0.867113
vt 0.983358 0.876463
vt 0.656819 0.836803
vt 0.656459 0.844877
vt 0.955944 0.836803
vt 0.994647 0.844877
vt 0.994647 0.854620
vt 0.995516 0.854734
vt 0.992522 0.867300
vt 0.656459 0.836803
vt 0.994647 0.836803
vt 0.995516 0.844877
vt 0.995876 0.854782
vt 0.995516 0.836803
vt 0.995876 0.844877
vt 0.995876 0.836803
vt 0.656401 0.832402
vt 0.656041 0.832402
vt 0.656041 0.824327
vt 0.656401 0.824327
vt 0.656401 0.769422
vt 0.656041 0.769422
vt 0.657270 0.832402
vt 0.657270 0.824327
vt 0.656401 0.734607
vt 0.656041 0.734560
vt 0.695972 0.832402
vt 0.995458 0.832402
vt 0.995098 0.832402
vt 0.995098 0.824327
vt 0.995458 0.824327
vt 0.659718 0.722229
vt 0.659395 0.722042
vt 0.668745 0.713202
vt 0.730912 0.832402
vt 0.994229 0.832402
vt 0.994229 0.824327
vt 0.995458 0.769422
vt 0.995098 0.769422
vt 0.668558 0.712879
vt 0.681123 0.709885
vt 0.666376 0.782702
vt 0.671502 0.795077
vt 0.679656 0.805703
vt 0.690283 0.813858
vt 0.780826 0.832402
vt 0.780826 0.824327
vt 0.487416 0.314706
vt 0.449939 0.308075
vt 0.448497 0.284145
vt 0.485171 0.284200
vt 0.993170 0.295756
vt 0.940898 0.296098
vt 0.943647 0.291320
vt 0.994002 0.290991
vt 0.800743 0.314853
vt 0.759093 0.322168
vt 0.762280 0.284339
vt 0.803030 0.284342
vt 0.725471 0.327866
vt 0.672639 0.327879
vt 0.671765 0.284843
vt 0.722680 0.284831
vt 0.613436 0.327894
vt 0.614341 0.284857
vt 0.875718 0.301706
vt 0.838230 0.308275
vt 0.839704 0.284337
vt 0.876379 0.284316
vt 0.412460 0.301452
vt 0.411822 0.284074
vt 0.370813 0.294118
vt 0.363188 0.293870
vt 0.360141 0.287319
vt 0.371073 0.283933
vt 0.741013 0.325344
vt 0.744713 0.284336
vt 0.547131 0.325282
vt 0.529056 0.322080
vt 0.525921 0.284253
vt 0.543488 0.284274
vt 0.565189 0.327906
vt 0.567874 0.284869
vt 0.346167 0.296782
vt 0.298453 0.296838
vt 0.297531 0.292080
vt 0.343466 0.292025
vt 0.917375 0.294434
vt 0.917128 0.284225
vt 0.239250 0.296908
vt 0.240108 0.292147
vt 0.675581 0.599256
vt 0.675581 0.638658
vt 0.670871 0.642154
vt 0.670871 0.595761
vt 0.727261 0.638658
vt 0.731972 0.642154
vt 0.727261 0.599256
vt 0.731972 0.595761
vt 0.743990 0.598497
vt 0.743990 0.637899
vt 0.739280 0.641394
vt 0.739280 0.595001
vt 0.795670 0.637899
vt 0.800380 0.641394
vt 0.795670 0.598497
vt 0.800380 0.595001
vt 0.813158 0.600015
vt 0.813158 0.639417
vt 0.808448 0.642913
vt 0.808448 0.596520
vt 0.864838 0.639417
vt 0.869549 0.642913
vt 0.864838 0.600015
vt 0.869549 0.596520
vt 0.675581 0.547070
vt 0.675581 0.586472
vt 0.670871 0.589968
vt 0.670871 0.543575
vt 0.727261 0.586472
vt 0.731972 0.589968
vt 0.727261 0.547070
vt 0.731972 0.543575
vt 0.743990 0.546311
vt 0.743990 0.585713
vt 0.739280 0.589208
vt 0.739280 0.542815
vt 0.795670 0.585713
vt 0.800380 0.589208
vt 0.795670 0.546311
vt 0.800380 0.542815
vt 0.813158 0.547830
vt 0.813158 0.587231
vt 0.808448 0.590727
vt 0.808448 0.544334
vt 0.864838 0.587231
vt 0.869549 0.590727
vt 0.864838 0.547830
vt 0.869549 0.544334
vt 0.675581 0.494884
vt 0.675581 0.534286
vt 0.670871 0.537782
vt 0.670871 0.491389
vt 0.727261 0.534286
vt 0.731972 0.537782
vt 0.727261 0.494884
vt 0.731972 0.491389
vt 0.743990 0.494125
vt 0.743990 0.533527
vt 0.739280 0.537022
vt 0.739280 0.490629
vt 0.795670 0.533527
vt 0.800380 0.537022
vt 0.795670 0.494125
vt 0.800380 0.490629
vt 0.813158 0.495644
vt 0.813158 0.535045
vt 0.808448 0.538541
vt 0.808448 0.492148
vt 0.864838 0.535045
vt 0.869549 0.538541
vt 0.864838 0.495644
vt 0.869549 0.492148
vt 0.675581 0.442698
vt 0.675581 0.482100
vt 0.670871 0.485596
vt 0.670871 0.439203
vt 0.727261 0.482100
vt 0.731972 0.485596
vt 0.727261 0.442698
vt 0.731972 0.439203
vt 0.743990 0.441939
vt 0.743990 0.481341
vt 0.739280 0.484837
vt 0.739280 0.438443
vt 0.795670 0.481341
vt 0.800380 0.484837
vt 0.795670 0.441939
vt 0.800380 0.438443
vt 0.813158 0.443458
vt 0.813158 0.482859
vt 0.808448 0.486355
vt 0.808448 0.439962
vt 0.864838 0.482859
vt 0.869549 0.486355
vt 0.864838 0.443458
vt 0.869549 0.439962
vt 0.676538 0.385624
vt 0.676538 0.425025
vt 0.671827 0.428521
vt 0.671827 0.382128
vt 0.728217 0.425025
vt 0.732928 0.428521
vt 0.728217 0.385624
vt 0.732928 0.382128
vt 0.741770 0.385624
vt 0.741770 0.425025
vt 0.737060 0.428521
vt 0.737060 0.382128
vt 0.793450 0.425025
vt 0.798160 0.428521
vt 0.793450 0.385624
vt 0.798160 0.382128
vt 0.807003 0.385624
vt 0.807003 0.425025
vt 0.802292 0.428521
vt 0.802292 0.382128
vt 0.858683 0.425025
vt 0.863393 0.428521
vt 0.858683 0.385624
vt 0.863393 0.382128
vt 0.872235 0.385624
vt 0.872235 0.425025
vt 0.867525 0.428521
vt 0.867525 0.382128
vt 0.923915 0.425025
vt 0.928625 0.428521
vt 0.923915 0.385624
vt 0.928625 0.382128
vt 0.675027 0.653082
vt 0.675027 0.692484
vt 0.670316 0.695979
vt 0.670316 0.649586
vt 0.726706 0.692484
vt 0.731417 0.695979
vt 0.726706 0.653082
vt 0.731417 0.649586
vt 0.744218 0.653082
vt 0.744218 0.692484
vt 0.739507 0.695979
vt 0.739507 0.649586
vt 0.795898 0.692484
vt 0.800608 0.695979
vt 0.795898 0.653082
vt 0.800608 0.649586
vt 0.813409 0.654517
vt 0.813409 0.693919
vt 0.808699 0.697414
vt 0.808699 0.651021
vt 0.865089 0.693919
vt 0.869800 0.697414
vt 0.865089 0.654517
vt 0.869800 0.651021
vt 0.981282 0.600739
vt 0.981282 0.658856
vt 0.908248 0.658856
vt 0.908248 0.600739
vt 0.903028 0.596866
vt 0.986502 0.596866
vt 0.986502 0.662729
vt 0.903028 0.662729
vt 0.934956 0.296022
vt 0.937706 0.290986
vt 0.929200 0.295184
vt 0.932027 0.289475
vt 0.923854 0.293243
vt 0.926943 0.286677
vt 0.349391 0.291648
vt 0.352095 0.296663
vt 0.355057 0.290114
vt 0.357840 0.295803
vt 0.736764 0.326284
vt 0.734003 0.284224
vt 0.731139 0.327461
vt 0.728350 0.284687
vt 0.556551 0.284271
vt 0.553895 0.326332
vt 0.562204 0.284728
vt 0.559521 0.327503
vt 0.212618 0.159524
vt 0.212618 0.180608
vt 0.180605 0.180608
vt 0.180605 0.159524
vt 0.150894 0.144766
vt 0.150894 0.159524
vt 0.121183 0.159524
vt 0.121183 0.150555
vt 0.121979 0.147660
vt 0.124155 0.145541
vt 0.127127 0.144766
vt 0.212618 0.199584
vt 0.180605 0.199584
vt 0.150894 0.180608
vt 0.180605 0.144766
vt 0.212618 0.218559
vt 0.180605 0.218559
vt 0.150894 0.199584
vt 0.121183 0.180608
vt 0.212618 0.239643
vt 0.212618 0.248732
vt 0.211858 0.251567
vt 0.209783 0.253642
vt 0.206949 0.254402
vt 0.180605 0.254402
vt 0.180605 0.239643
vt 0.150894 0.218559
vt 0.121183 0.199584
vt 0.150894 0.239643
vt 0.150894 0.254402
vt 0.126852 0.254402
vt 0.124017 0.253642
vt 0.121942 0.251567
vt 0.121183 0.248732
vt 0.121183 0.239643
vt 0.121183 0.218559
vt 0.206659 0.144766
vt 0.209639 0.145541
vt 0.211820 0.147660
vt 0.212618 0.150554
vt 0.513750 0.656686
vt 0.533428 0.659920
vt 0.533499 0.662329
vt 0.513799 0.659297
vt 0.566888 0.728596
vt 0.568913 0.727701
vt 0.570150 0.729079
vt 0.567271 0.730496
vt 0.426846 0.746967
vt 0.426796 0.753608
vt 0.368119 0.753626
vt 0.368128 0.747000
vt 0.529515 0.817845
vt 0.513150 0.810079
vt 0.550535 0.802376
vt 0.490032 0.654141
vt 0.427631 0.650882
vt 0.427689 0.644153
vt 0.495468 0.647886
vt 0.542360 0.631846
vt 0.541177 0.644283
vt 0.520288 0.640823
vt 0.520448 0.627334
vt 0.544531 0.836111
vt 0.563362 0.821777
vt 0.566496 0.827348
vt 0.549499 0.840583
vt 0.555228 0.701104
vt 0.524959 0.710576
vt 0.524895 0.700460
vt 0.427817 0.622242
vt 0.427901 0.635128
vt 0.368281 0.634641
vt 0.368295 0.621943
vt 0.491209 0.792018
vt 0.516993 0.788755
vt 0.499592 0.811471
vt 0.485570 0.813252
vt 0.495118 0.856558
vt 0.489555 0.853575
vt 0.504316 0.831931
vt 0.511512 0.834214
vt 0.588108 0.768321
vt 0.582750 0.756983
vt 0.593290 0.748224
vt 0.600305 0.756909
vt 0.494762 0.623982
vt 0.495694 0.638280
vt 0.575796 0.773803
vt 0.558870 0.779919
vt 0.551491 0.756574
vt 0.547502 0.734133
vt 0.551394 0.733626
vt 0.606112 0.789641
vt 0.620929 0.774588
vt 0.624701 0.778823
vt 0.610625 0.793530
vt 0.529499 0.850547
vt 0.514366 0.870802
vt 0.513371 0.870391
vt 0.528818 0.849771
vt 0.605470 0.789109
vt 0.620379 0.773975
vt 0.571500 0.730347
vt 0.567742 0.732315
vt 0.644760 0.730738
vt 0.648517 0.710743
vt 0.653870 0.712046
vt 0.650506 0.731636
vt 0.577507 0.746061
vt 0.572437 0.738591
vt 0.578042 0.735014
vt 0.584896 0.740505
vt 0.615942 0.753352
vt 0.608061 0.747561
vt 0.615796 0.734083
vt 0.624735 0.737904
vt 0.619983 0.723301
vt 0.611120 0.718950
vt 0.613343 0.707933
vt 0.623006 0.708535
vt 0.592800 0.732206
vt 0.586295 0.727305
vt 0.589738 0.722406
vt 0.597362 0.725203
vt 0.629042 0.726228
vt 0.632413 0.709197
vt 0.643954 0.730627
vt 0.647756 0.710560
vt 0.582497 0.720096
vt 0.580206 0.723117
vt 0.578950 0.721850
vt 0.580786 0.719492
vt 0.554002 0.645286
vt 0.601505 0.715323
vt 0.594052 0.712796
vt 0.595321 0.707231
vt 0.603195 0.707515
vt 0.574663 0.640524
vt 0.568308 0.650224
vt 0.579296 0.629161
vt 0.591402 0.635297
vt 0.585451 0.646415
vt 0.587869 0.707059
vt 0.587038 0.710556
vt 0.585378 0.709894
vt 0.586055 0.707052
vt 0.608455 0.675494
vt 0.617461 0.671063
vt 0.621143 0.682101
vt 0.611978 0.686000
vt 0.595595 0.655736
vt 0.586788 0.663061
vt 0.579646 0.657120
vt 0.479910 0.834074
vt 0.476196 0.849540
vt 0.421640 0.844144
vt 0.422558 0.828354
vt 0.568152 0.674131
vt 0.568625 0.672243
vt 0.571445 0.673800
vt 0.570139 0.675122
vt 0.575952 0.811823
vt 0.593979 0.798726
vt 0.594407 0.799448
vt 0.576560 0.812469
vt 0.629897 0.762650
vt 0.639809 0.744491
vt 0.644556 0.747433
vt 0.635183 0.765276
vt 0.597366 0.804443
vt 0.580734 0.816933
vt 0.426319 0.790324
vt 0.426586 0.775161
vt 0.492223 0.775018
vt 0.426582 0.723818
vt 0.426821 0.741232
vt 0.368137 0.741233
vt 0.368163 0.723747
vt 0.424271 0.808964
vt 0.517548 0.772771
vt 0.594593 0.776559
vt 0.607994 0.763522
vt 0.368086 0.775003
vt 0.368064 0.790089
vt 0.368036 0.808434
vt 0.551441 0.745817
vt 0.560548 0.743836
vt 0.565914 0.752362
vt 0.487246 0.699773
vt 0.487674 0.722975
vt 0.426589 0.699060
vt 0.539676 0.784259
vt 0.488675 0.739618
vt 0.601018 0.739290
vt 0.607069 0.729220
vt 0.564911 0.793754
vt 0.368198 0.698801
vt 0.571753 0.762301
vt 0.604290 0.787934
vt 0.619183 0.772847
vt 0.583585 0.785068
vt 0.613572 0.697154
vt 0.623229 0.697091
vt 0.534033 0.855683
vt 0.520882 0.873470
vt 0.574842 0.810418
vt 0.592994 0.797333
vt 0.539351 0.769330
vt 0.552359 0.737574
vt 0.548222 0.738447
vt 0.548313 0.736246
vt 0.551844 0.735627
vt 0.367988 0.843207
vt 0.368009 0.827492
vt 0.531746 0.741147
vt 0.537184 0.747459
vt 0.517339 0.749825
vt 0.512116 0.743549
vt 0.503595 0.863274
vt 0.519991 0.841726
vt 0.527335 0.848321
vt 0.511521 0.869261
vt 0.488726 0.742467
vt 0.512263 0.740966
vt 0.488577 0.745247
vt 0.531039 0.736452
vt 0.511734 0.738382
vt 0.577805 0.720476
vt 0.579167 0.718800
vt 0.583808 0.709153
vt 0.584318 0.707041
vt 0.426853 0.744158
vt 0.482899 0.851273
vt 0.491943 0.832682
vt 0.368133 0.744171
vt 0.642398 0.730272
vt 0.646191 0.710323
vt 0.543792 0.835447
vt 0.562908 0.820958
vt 0.542407 0.833975
vt 0.561865 0.819384
vt 0.629149 0.762295
vt 0.639133 0.744074
vt 0.627746 0.761471
vt 0.637697 0.743352
vt 0.643952 0.676270
vt 0.639906 0.662870
vt 0.641386 0.662218
vt 0.645540 0.675999
vt 0.626603 0.667683
vt 0.630295 0.679626
vt 0.556896 0.812330
vt 0.536327 0.826654
vt 0.630832 0.644185
vt 0.622845 0.632364
vt 0.624102 0.631297
vt 0.632280 0.643429
vt 0.588368 0.791345
vt 0.570467 0.803691
vt 0.613647 0.768278
vt 0.599441 0.782381
vt 0.631250 0.740644
vt 0.621855 0.757492
vt 0.639330 0.709744
vt 0.635735 0.728297
vt 0.610381 0.657147
vt 0.603075 0.647376
vt 0.611130 0.641133
vt 0.618580 0.651737
vt 0.562563 0.622145
vt 0.543414 0.616782
vt 0.555322 0.599083
vt 0.569351 0.608532
vt 0.587694 0.618230
vt 0.598339 0.627356
vt 0.608685 0.616436
vt 0.597763 0.606368
vt 0.598828 0.605016
vt 0.609935 0.615313
vt 0.580195 0.592315
vt 0.567675 0.582610
vt 0.568810 0.581094
vt 0.581378 0.590966
vt 0.549104 0.566839
vt 0.535235 0.551303
vt 0.536847 0.549997
vt 0.550592 0.565468
vt 0.517817 0.589057
vt 0.510197 0.565883
vt 0.517830 0.564131
vt 0.534984 0.582195
vt 0.637137 0.677904
vt 0.633286 0.665266
vt 0.617051 0.636655
vt 0.624723 0.647882
vt 0.592818 0.612158
vt 0.603514 0.621759
vt 0.575453 0.598835
vt 0.562283 0.589415
vt 0.542484 0.573759
vt 0.527155 0.557282
vt 0.542537 0.544628
vt 0.556624 0.560823
vt 0.551375 0.564857
vt 0.537589 0.549294
vt 0.572842 0.574881
vt 0.586438 0.586109
vt 0.582015 0.590360
vt 0.569312 0.580301
vt 0.602526 0.599424
vt 0.615362 0.611124
vt 0.610617 0.614801
vt 0.599304 0.604302
vt 0.646360 0.675932
vt 0.642087 0.661833
vt 0.647006 0.659110
vt 0.652218 0.675327
vt 0.628684 0.626672
vt 0.638476 0.640747
vt 0.633047 0.643110
vt 0.624677 0.630719
vt 0.587452 0.693154
vt 0.583379 0.683394
vt 0.590741 0.681439
vt 0.594569 0.691270
vt 0.581234 0.680259
vt 0.572858 0.672593
vt 0.579643 0.668231
vt 0.587537 0.676362
vt 0.569184 0.670440
vt 0.553988 0.664438
vt 0.562509 0.658531
vt 0.574194 0.664370
vt 0.584160 0.694399
vt 0.579985 0.684529
vt 0.581638 0.683915
vt 0.585764 0.693734
vt 0.579915 0.681466
vt 0.584571 0.696531
vt 0.578702 0.682788
vt 0.496295 0.541025
vt 0.488651 0.543239
vt 0.483143 0.523058
vt 0.490084 0.521116
vt 0.603435 0.697023
vt 0.549864 0.665585
vt 0.548955 0.667671
vt 0.532516 0.664613
vt 0.552837 0.668356
vt 0.553381 0.666369
vt 0.549873 0.663370
vt 0.539176 0.653805
vt 0.553447 0.656110
vt 0.424276 0.567622
vt 0.425904 0.587602
vt 0.368322 0.587934
vt 0.368332 0.568512
vt 0.484504 0.562000
vt 0.489499 0.584254
vt 0.602155 0.689126
vt 0.598517 0.679023
vt 0.421955 0.530895
vt 0.476169 0.524834
vt 0.481024 0.545064
vt 0.423310 0.551307
vt 0.368338 0.532128
vt 0.368337 0.552487
vt 0.531918 0.738760
vt 0.586303 0.696601
vt 0.588106 0.696681
vt 0.594299 0.671775
vt 0.602898 0.665088
vt 0.595549 0.696897
vt 0.497275 0.564155
vt 0.503959 0.586828
vt 0.648169 0.696494
vt 0.648956 0.696353
vt 0.524882 0.528107
vt 0.523903 0.528448
vt 0.516952 0.510808
vt 0.517946 0.510419
vt 0.654558 0.695367
vt 0.531367 0.525887
vt 0.524456 0.507892
vt 0.513258 0.533520
vt 0.502846 0.538572
vt 0.496080 0.519128
vt 0.505827 0.515367
vt 0.521982 0.529290
vt 0.514968 0.511592
vt 0.632756 0.696903
vt 0.639706 0.696771
vt 0.646587 0.696637
vt 0.368259 0.653166
vt 0.368263 0.650308
vt 0.427594 0.653723
vt 0.368255 0.656134
vt 0.427515 0.656679
vt 0.489960 0.659830
vt 0.490097 0.656955
vt 0.513166 0.661881
vt 0.525358 0.690341
vt 0.519269 0.650561
vt 0.368232 0.673762
vt 0.426989 0.674231
vt 0.488419 0.676549
vt 0.538744 0.756980
vt 0.426864 0.762505
vt 0.493640 0.761037
vt 0.368105 0.762483
vt 0.517954 0.759480
vt 0.368309 0.606610
vt 0.427772 0.606749
vt 0.493742 0.751576
vt 0.494400 0.606502
vt 0.520624 0.611047
vt 0.368271 0.643608
vt 0.222836 0.656257
vt 0.222778 0.658866
vt 0.203074 0.661820
vt 0.203155 0.659412
vt 0.169419 0.727967
vt 0.169030 0.729867
vt 0.166152 0.728439
vt 0.167395 0.727065
vt 0.309415 0.746789
vt 0.309444 0.753430
vt 0.206572 0.817325
vt 0.185605 0.801839
vt 0.222945 0.809592
vt 0.246548 0.653799
vt 0.241139 0.647531
vt 0.308872 0.644007
vt 0.308912 0.650732
vt 0.194340 0.631315
vt 0.216262 0.626900
vt 0.216366 0.640379
vt 0.195472 0.643750
vt 0.191543 0.835549
vt 0.186578 0.840007
vt 0.169630 0.826755
vt 0.172774 0.821204
vt 0.181189 0.700504
vt 0.211531 0.699972
vt 0.211431 0.710088
vt 0.308800 0.622112
vt 0.308684 0.634987
vt 0.244923 0.791619
vt 0.250486 0.812862
vt 0.236484 0.811026
vt 0.219162 0.788284
vt 0.240660 0.856119
vt 0.224509 0.833642
vt 0.231690 0.831415
vt 0.246258 0.853178
vt 0.148039 0.767661
vt 0.135861 0.756192
vt 0.142926 0.747524
vt 0.153446 0.756329
vt 0.241937 0.623657
vt 0.240949 0.637934
vt 0.160364 0.773199
vt 0.184742 0.756015
vt 0.177305 0.779358
vt 0.188801 0.733572
vt 0.184908 0.733052
vt 0.129816 0.789007
vt 0.125228 0.792886
vt 0.111258 0.777933
vt 0.115077 0.773728
vt 0.206544 0.849968
vt 0.207225 0.849196
vt 0.222537 0.869781
vt 0.221546 0.870187
vt 0.130474 0.788464
vt 0.115624 0.773127
vt 0.168551 0.731687
vt 0.164798 0.729705
vt 0.091465 0.729863
vt 0.085718 0.730756
vt 0.082371 0.711137
vt 0.087738 0.709836
vt 0.158732 0.745413
vt 0.151353 0.739827
vt 0.158233 0.734353
vt 0.163832 0.737953
vt 0.120181 0.752559
vt 0.111444 0.737050
vt 0.120368 0.733341
vt 0.128184 0.746781
vt 0.116267 0.722484
vt 0.113278 0.707673
vt 0.122969 0.707102
vt 0.125157 0.718156
vt 0.143468 0.731494
vt 0.138920 0.724468
vt 0.146567 0.721693
vt 0.149997 0.726609
vt 0.107236 0.725350
vt 0.103880 0.708313
vt 0.088501 0.709653
vt 0.092270 0.729753
vt 0.153825 0.719405
vt 0.155540 0.718807
vt 0.157369 0.721174
vt 0.156107 0.722437
vt 0.182649 0.644699
vt 0.134807 0.714557
vt 0.133144 0.706726
vt 0.141034 0.706475
vt 0.142283 0.712054
vt 0.162021 0.639855
vt 0.168330 0.649574
vt 0.151222 0.645690
vt 0.145333 0.634566
vt 0.157438 0.628488
vt 0.148498 0.706335
vt 0.150313 0.706336
vt 0.150979 0.709182
vt 0.149315 0.709838
vt 0.128050 0.674609
vt 0.124467 0.685122
vt 0.115357 0.681174
vt 0.119021 0.670092
vt 0.141044 0.654942
vt 0.156969 0.656412
vt 0.149802 0.662311
vt 0.256049 0.833709
vt 0.313446 0.828199
vt 0.314314 0.844002
vt 0.259677 0.849218
vt 0.168378 0.673472
vt 0.166387 0.674453
vt 0.165088 0.673126
vt 0.167914 0.671582
vt 0.160224 0.811281
vt 0.159619 0.811930
vt 0.141640 0.798965
vt 0.142069 0.798235
vt 0.106211 0.761767
vt 0.100925 0.764351
vt 0.091660 0.746526
vt 0.096405 0.743600
vt 0.155456 0.816287
vt 0.138539 0.804055
vt 0.243961 0.774625
vt 0.309587 0.774983
vt 0.309806 0.790146
vt 0.309749 0.723644
vt 0.309457 0.741054
vt 0.311795 0.808796
vt 0.218649 0.772305
vt 0.141509 0.775882
vt 0.128082 0.762803
vt 0.170319 0.751758
vt 0.175715 0.743241
vt 0.184823 0.745251
vt 0.249176 0.699416
vt 0.309817 0.698893
vt 0.248671 0.722609
vt 0.196497 0.783738
vt 0.247617 0.739245
vt 0.129173 0.728470
vt 0.135221 0.738555
vt 0.171243 0.793202
vt 0.164444 0.761691
vt 0.116831 0.772009
vt 0.131671 0.787286
vt 0.152531 0.784486
vt 0.113051 0.696176
vt 0.122782 0.696291
vt 0.215051 0.872824
vt 0.202013 0.855082
vt 0.143063 0.796831
vt 0.161325 0.809876
vt 0.196856 0.768808
vt 0.183930 0.737000
vt 0.184451 0.735053
vt 0.187982 0.735684
vt 0.188066 0.737887
vt 0.204540 0.740639
vt 0.224166 0.743102
vt 0.218923 0.749362
vt 0.199081 0.746936
vt 0.232340 0.862612
vt 0.224382 0.868662
vt 0.208708 0.847752
vt 0.215956 0.841256
vt 0.247558 0.742093
vt 0.247697 0.744873
vt 0.224026 0.740519
vt 0.224564 0.737936
vt 0.205262 0.735945
vt 0.157163 0.718119
vt 0.158520 0.719802
vt 0.152050 0.706332
vt 0.152553 0.708448
vt 0.309416 0.743981
vt 0.244028 0.832246
vt 0.252946 0.850918
vt 0.090070 0.709419
vt 0.093825 0.729400
vt 0.173229 0.820388
vt 0.192281 0.834888
vt 0.174264 0.818818
vt 0.193672 0.833414
vt 0.097082 0.743186
vt 0.106959 0.761416
vt 0.098517 0.742468
vt 0.108364 0.760602
vt 0.092398 0.675218
vt 0.090799 0.674938
vt 0.095104 0.661049
vt 0.096585 0.661725
vt 0.106139 0.678688
vt 0.109925 0.666738
vt 0.199747 0.826123
vt 0.179236 0.811779
vt 0.105959 0.643169
vt 0.104526 0.642398
vt 0.112738 0.630395
vt 0.113983 0.631465
vt 0.147718 0.790796
vt 0.165684 0.803146
vt 0.122410 0.767468
vt 0.136581 0.781734
vt 0.114263 0.756658
vt 0.104947 0.739763
vt 0.100507 0.727413
vt 0.096949 0.708847
vt 0.126299 0.656276
vt 0.118031 0.650780
vt 0.125567 0.640234
vt 0.133616 0.646541
vt 0.174178 0.621538
vt 0.167433 0.607907
vt 0.181505 0.598500
vt 0.193348 0.616252
vt 0.138453 0.626620
vt 0.149082 0.617548
vt 0.128169 0.615664
vt 0.126931 0.614544
vt 0.137973 0.604348
vt 0.139034 0.605695
vt 0.156606 0.591659
vt 0.155423 0.590306
vt 0.168073 0.580421
vt 0.169205 0.581947
vt 0.187902 0.566230
vt 0.186422 0.564847
vt 0.200293 0.549482
vt 0.201887 0.550800
vt 0.219086 0.588692
vt 0.201945 0.581724
vt 0.219288 0.563907
vt 0.226842 0.565664
vt 0.099230 0.676894
vt 0.103229 0.664213
vt 0.112004 0.646908
vt 0.119726 0.635791
vt 0.133289 0.620988
vt 0.143971 0.611474
vt 0.161348 0.598192
vt 0.174577 0.588790
vt 0.194483 0.573211
vt 0.209873 0.556791
vt 0.194681 0.544060
vt 0.199561 0.548773
vt 0.185642 0.564230
vt 0.180412 0.560149
vt 0.164048 0.574166
vt 0.167572 0.579623
vt 0.154779 0.589687
vt 0.150349 0.585427
vt 0.134295 0.598785
vt 0.137509 0.603645
vt 0.126261 0.614044
vt 0.121553 0.610371
vt 0.089973 0.674868
vt 0.084067 0.674250
vt 0.089316 0.657882
vt 0.094404 0.660652
vt 0.108187 0.625774
vt 0.112160 0.629810
vt 0.103766 0.642070
vt 0.098456 0.639806
vt 0.148981 0.692415
vt 0.141865 0.690493
vt 0.145749 0.680671
vt 0.153105 0.682665
vt 0.155267 0.679539
vt 0.148982 0.675609
vt 0.156917 0.667518
vt 0.163681 0.671912
vt 0.167364 0.669777
vt 0.162384 0.663684
vt 0.174090 0.657902
vt 0.182582 0.663843
vt 0.152272 0.693676
vt 0.150669 0.693004
vt 0.154844 0.683195
vt 0.156496 0.683817
vt 0.156581 0.680753
vt 0.151852 0.695810
vt 0.157787 0.682081
vt 0.240644 0.540907
vt 0.246886 0.521210
vt 0.253761 0.523131
vt 0.248251 0.543143
vt 0.132953 0.696212
vt 0.204048 0.664107
vt 0.187600 0.667096
vt 0.186700 0.665007
vt 0.183180 0.665776
vt 0.183717 0.667765
vt 0.186700 0.662792
vt 0.183158 0.655520
vt 0.197434 0.653275
vt 0.312428 0.567560
vt 0.310779 0.587512
vt 0.247350 0.584020
vt 0.252374 0.561843
vt 0.134280 0.688307
vt 0.137980 0.678209
vt 0.314758 0.530897
vt 0.313405 0.551271
vt 0.255840 0.544973
vt 0.260687 0.524890
vt 0.204375 0.738251
vt 0.150115 0.695873
vt 0.148309 0.695944
vt 0.142244 0.670983
vt 0.133691 0.664244
vt 0.140855 0.696124
vt 0.232926 0.586537
vt 0.239666 0.563970
vt 0.088107 0.695545
vt 0.087317 0.695402
vt 0.212479 0.527877
vt 0.219605 0.510498
vt 0.220580 0.510899
vt 0.213445 0.528228
vt 0.081690 0.694405
vt 0.206079 0.525577
vt 0.213206 0.507892
vt 0.224048 0.533393
vt 0.231446 0.515532
vt 0.240969 0.519240
vt 0.234127 0.538422
vt 0.215332 0.529091
vt 0.222542 0.511714
vt 0.103594 0.696010
vt 0.096609 0.695845
vt 0.089695 0.695691
vt 0.308942 0.653571
vt 0.309012 0.656527
vt 0.246601 0.659484
vt 0.223401 0.661451
vt 0.246474 0.656611
vt 0.211105 0.689853
vt 0.217345 0.650114
vt 0.309489 0.674072
vt 0.248083 0.676199
vt 0.197495 0.756456
vt 0.242586 0.760644
vt 0.309348 0.762326
vt 0.218280 0.759015
vt 0.308879 0.606634
vt 0.242514 0.751185
vt 0.216165 0.610630
vt 0.242374 0.606204
vt 0.955526 0.832402
vt 0.995098 0.734607
vt 0.995458 0.734560
vt 0.681076 0.709525
vt 0.695972 0.709885
vt 0.825749 0.832402
vt 0.825749 0.824327
vt 0.920586 0.832402
vt 0.991781 0.722229
vt 0.982754 0.713202
vt 0.992104 0.722042
vt 0.870672 0.832402
vt 0.695972 0.709525
vt 0.730912 0.709885
vt 0.741593 0.813858
vt 0.752220 0.805703
vt 0.760374 0.795077
vt 0.765499 0.782702
vt 0.825749 0.769422
vt 0.961215 0.813858
vt 0.971842 0.805703
vt 0.979996 0.795077
vt 0.985122 0.782702
vt 0.970375 0.709885
vt 0.982940 0.712879
vt 0.730912 0.709525
vt 0.780826 0.709885
vt 0.825749 0.710754
vt 0.955526 0.709885
vt 0.970422 0.709525
vt 0.158829 0.455694
vt 0.146276 0.448389
vt 0.150253 0.441698
vt 0.162653 0.448880
vt 0.264626 0.340978
vt 0.276461 0.362123
vt 0.269355 0.364047
vt 0.259368 0.345880
vt 0.258546 0.346630
vt 0.268307 0.364342
vt 0.266623 0.365314
vt 0.256794 0.347553
vt 0.282966 0.390059
vt 0.282844 0.413877
vt 0.276015 0.412041
vt 0.276298 0.391706
vt 0.275230 0.391933
vt 0.274938 0.411786
vt 0.273010 0.411812
vt 0.273292 0.391861
vt 0.275555 0.441511
vt 0.263554 0.462289
vt 0.258429 0.457263
vt 0.268741 0.439515
vt 0.267707 0.439202
vt 0.257605 0.456503
vt 0.255874 0.455564
vt 0.266043 0.438193
vt 0.243390 0.483301
vt 0.222180 0.495244
vt 0.220204 0.488318
vt 0.238233 0.477935
vt 0.237476 0.477140
vt 0.219883 0.487250
vt 0.218873 0.485568
vt 0.236514 0.475422
vt 0.194126 0.502576
vt 0.169602 0.502839
vt 0.171428 0.495592
vt 0.192305 0.495821
vt 0.192061 0.494733
vt 0.171703 0.494492
vt 0.171698 0.492526
vt 0.192117 0.492748
vt 0.236084 0.361715
vt 0.243726 0.375154
vt 0.236633 0.378544
vt 0.229454 0.366036
vt 0.229956 0.382351
vt 0.222822 0.369992
vt 0.240854 0.394282
vt 0.240878 0.408689
vt 0.233153 0.408642
vt 0.233176 0.394408
vt 0.248697 0.393841
vt 0.248637 0.409176
vt 0.236595 0.424468
vt 0.229327 0.437012
vt 0.222683 0.433018
vt 0.229876 0.420703
vt 0.243712 0.427882
vt 0.236014 0.441438
vt 0.221997 0.454995
vt 0.208595 0.462934
vt 0.205075 0.455644
vt 0.217614 0.448501
vt 0.201296 0.448915
vt 0.213744 0.441822
vt 0.189701 0.467559
vt 0.174284 0.467727
vt 0.174779 0.459751
vt 0.189232 0.459789
vt 0.174861 0.452057
vt 0.189173 0.452090
vt 0.088594 0.441481
vt 0.080247 0.413726
vt 0.087466 0.411878
vt 0.095288 0.439605
vt 0.121167 0.482284
vt 0.100450 0.462433
vt 0.105730 0.457342
vt 0.126001 0.477402
vt 0.141733 0.307397
vt 0.169959 0.298955
vt 0.171805 0.306297
vt 0.143660 0.314140
vt 0.080247 0.389144
vt 0.088251 0.360997
vt 0.095220 0.362909
vt 0.087298 0.390903
vt 0.126731 0.476613
vt 0.106540 0.456574
vt 0.108227 0.455625
vt 0.127657 0.474909
vt 0.115634 0.393461
vt 0.120357 0.374525
vt 0.127601 0.377996
vt 0.123440 0.393871
vt 0.096326 0.439277
vt 0.088551 0.411614
vt 0.090531 0.411633
vt 0.097991 0.438249
vt 0.088391 0.391167
vt 0.096298 0.363245
vt 0.097980 0.364270
vt 0.090387 0.391131
vt 0.128270 0.360993
vt 0.142230 0.347314
vt 0.146641 0.353885
vt 0.134913 0.365400
vt 0.106286 0.345683
vt 0.126677 0.325463
vt 0.127628 0.327170
vt 0.108010 0.346628
vt 0.175162 0.342640
vt 0.159244 0.346717
vt 0.155714 0.339585
vt 0.174650 0.334732
vt 0.205482 0.347136
vt 0.189662 0.342794
vt 0.190150 0.334930
vt 0.209118 0.339861
vt 0.143993 0.315186
vt 0.172072 0.307414
vt 0.172048 0.309406
vt 0.145036 0.316864
vt 0.192803 0.307347
vt 0.220909 0.315636
vt 0.219863 0.317311
vt 0.192825 0.309369
vt 0.134859 0.436631
vt 0.141866 0.454895
vt 0.128210 0.441033
vt 0.123358 0.408340
vt 0.127633 0.424148
vt 0.120508 0.427569
vt 0.115567 0.408825
vt 0.141477 0.432731
vt 0.134359 0.381790
vt 0.131132 0.393904
vt 0.194917 0.299129
vt 0.223314 0.307552
vt 0.221262 0.314554
vt 0.193072 0.306259
vt 0.150487 0.360599
vt 0.141539 0.369419
vt 0.175124 0.350379
vt 0.162948 0.353524
vt 0.131096 0.408227
vt 0.134336 0.420332
vt 0.201601 0.353839
vt 0.189478 0.350500
vt 0.100289 0.339987
vt 0.120834 0.319574
vt 0.125908 0.324645
vt 0.105489 0.344937
vt 0.238459 0.325948
vt 0.239228 0.325141
vt 0.213979 0.361080
vt 0.217934 0.354455
vt 0.244249 0.320269
vt 0.143595 0.487562
vt 0.143925 0.486513
vt 0.155223 0.462851
vt 0.237487 0.327664
vt 0.222414 0.348033
vt 0.144961 0.484847
vt 0.141610 0.494437
vt 0.370343 0.363843
vt 0.374049 0.370557
vt 0.361739 0.377627
vt 0.357827 0.370949
vt 0.475527 0.480821
vt 0.470259 0.475632
vt 0.480928 0.457096
vt 0.488257 0.459204
vt 0.469437 0.474836
vt 0.467670 0.473838
vt 0.478104 0.455753
vt 0.479834 0.456773
vt 0.495246 0.430337
vt 0.488148 0.428564
vt 0.487983 0.407661
vt 0.494969 0.405852
vt 0.487066 0.428326
vt 0.485064 0.428394
vt 0.484900 0.407906
vt 0.486881 0.407928
vt 0.486853 0.377999
vt 0.480107 0.379821
vt 0.469776 0.361848
vt 0.475134 0.356741
vt 0.479044 0.380149
vt 0.477366 0.381174
vt 0.467245 0.363558
vt 0.468966 0.362606
vt 0.454199 0.336674
vt 0.449283 0.341630
vt 0.431272 0.331357
vt 0.433355 0.324219
vt 0.448540 0.342431
vt 0.447601 0.344155
vt 0.429957 0.334127
vt 0.430952 0.332439
vt 0.405042 0.317177
vt 0.403236 0.324164
vt 0.382567 0.324115
vt 0.380802 0.317177
vt 0.402993 0.325229
vt 0.403047 0.327206
vt 0.382809 0.327165
vt 0.382832 0.325206
vt 0.446745 0.458665
vt 0.440158 0.454194
vt 0.447590 0.441718
vt 0.454723 0.445246
vt 0.433590 0.450207
vt 0.440885 0.437802
vt 0.452055 0.425819
vt 0.444260 0.425653
vt 0.444257 0.411313
vt 0.451965 0.411251
vt 0.459948 0.426352
vt 0.459991 0.410720
vt 0.447870 0.395278
vt 0.441069 0.399149
vt 0.433752 0.386795
vt 0.440369 0.382884
vt 0.454959 0.391692
vt 0.446902 0.378431
vt 0.433252 0.364683
vt 0.428870 0.371220
vt 0.416304 0.363990
vt 0.419856 0.356833
vt 0.424900 0.377874
vt 0.412528 0.370686
vt 0.400943 0.351647
vt 0.400484 0.359552
vt 0.386053 0.359767
vt 0.385491 0.351936
vt 0.400413 0.367375
vt 0.386082 0.367375
vt 0.301121 0.377676
vt 0.307651 0.379503
vt 0.299696 0.406495
vt 0.292922 0.404641
vt 0.332939 0.337536
vt 0.337742 0.342341
vt 0.317790 0.362141
vt 0.312595 0.357162
vt 0.351556 0.512158
vt 0.353676 0.505181
vt 0.381739 0.512904
vt 0.379821 0.519878
vt 0.292276 0.428495
vt 0.299214 0.426879
vt 0.305586 0.454860
vt 0.298642 0.456689
vt 0.338478 0.343131
vt 0.339402 0.344813
vt 0.320227 0.363812
vt 0.318572 0.362884
vt 0.326848 0.425245
vt 0.334700 0.424774
vt 0.338659 0.440595
vt 0.331588 0.443937
vt 0.308664 0.379828
vt 0.310288 0.380839
vt 0.302695 0.406774
vt 0.300765 0.406769
vt 0.300274 0.426666
vt 0.302212 0.426762
vt 0.308379 0.453586
vt 0.306672 0.454560
vt 0.338761 0.457640
vt 0.345468 0.453414
vt 0.357092 0.465123
vt 0.352533 0.471744
vt 0.316492 0.472264
vt 0.318243 0.471350
vt 0.337448 0.491730
vt 0.336441 0.493452
vt 0.385409 0.476934
vt 0.384784 0.484807
vt 0.365984 0.479680
vt 0.369542 0.472641
vt 0.415783 0.473117
vt 0.419303 0.480395
vt 0.400241 0.484910
vt 0.399821 0.476998
vt 0.354011 0.504125
vt 0.355075 0.502426
vt 0.381995 0.509836
vt 0.382008 0.511806
vt 0.402206 0.512199
vt 0.402279 0.510230
vt 0.429220 0.503334
vt 0.430219 0.505048
vt 0.346472 0.382506
vt 0.340033 0.378140
vt 0.353480 0.364430
vt 0.334912 0.410437
vt 0.327019 0.409837
vt 0.332131 0.391188
vt 0.339102 0.394746
vt 0.352945 0.386415
vt 0.342376 0.424844
vt 0.345428 0.436982
vt 0.404145 0.520042
vt 0.402438 0.513270
vt 0.430534 0.506141
vt 0.432440 0.513134
vt 0.352274 0.449572
vt 0.361090 0.458542
vt 0.385495 0.469221
vt 0.373386 0.465881
vt 0.342535 0.410606
vt 0.345772 0.398605
vt 0.411986 0.466245
vt 0.399799 0.469351
vt 0.310392 0.477974
vt 0.315671 0.472996
vt 0.335638 0.494266
vt 0.330312 0.499588
vt 0.448153 0.495109
vt 0.448903 0.495951
vt 0.424577 0.459096
vt 0.428560 0.465919
vt 0.453963 0.501248
vt 0.355445 0.333174
vt 0.355112 0.332137
vt 0.366838 0.356815
vt 0.447228 0.493352
vt 0.432945 0.472539
vt 0.356463 0.334805
vt 0.353140 0.325344
vt 0.780826 0.709525
vt 0.825749 0.709885
vt 0.920586 0.709885
vt 0.955526 0.709525
vt 0.870672 0.709885
vt 0.825749 0.709525
vt 0.920586 0.709525
vt 0.870672 0.709525
vt 0.481454 0.275535
vt 0.449956 0.275332
vt 0.450352 0.274244
vt 0.482244 0.274421
vt 0.505590 0.275395
vt 0.506627 0.274208
vt 0.420727 0.275454
vt 0.420737 0.274348
vt 0.450526 0.273711
vt 0.482560 0.273925
vt 0.515655 0.274914
vt 0.516628 0.273695
vt 0.506984 0.273748
vt 0.391493 0.275407
vt 0.391118 0.274321
vt 0.420742 0.273831
vt 0.450611 0.273174
vt 0.482709 0.273451
vt 0.523869 0.275065
vt 0.524507 0.273721
vt 0.516952 0.273234
vt 0.507133 0.273343
vt 0.359983 0.275701
vt 0.359214 0.274588
vt 0.390953 0.273787
vt 0.420744 0.273312
vt 0.450610 0.272495
vt 0.482713 0.272756
vt 0.532941 0.275174
vt 0.532654 0.273686
vt 0.524717 0.273237
vt 0.517077 0.272866
vt 0.507115 0.272630
vt 0.335807 0.275594
vt 0.334795 0.274409
vt 0.358907 0.274092
vt 0.390871 0.273250
vt 0.420743 0.272622
vt 0.450475 0.264388
vt 0.482896 0.264295
vt 0.482901 0.264927
vt 0.450477 0.265005
vt 0.541142 0.275025
vt 0.540457 0.273629
vt 0.532556 0.273159
vt 0.524805 0.272889
vt 0.517063 0.272196
vt 0.507161 0.264518
vt 0.507169 0.263863
vt 0.325825 0.275111
vt 0.324843 0.273898
vt 0.334447 0.273950
vt 0.358761 0.273618
vt 0.390870 0.272571
vt 0.420732 0.264421
vt 0.420732 0.265044
vt 0.450473 0.263771
vt 0.482889 0.263664
vt 0.563733 0.275313
vt 0.563231 0.274009
vt 0.540227 0.273116
vt 0.532508 0.272800
vt 0.524846 0.272278
vt 0.517266 0.264285
vt 0.517223 0.264914
vt 0.507178 0.263213
vt 0.317467 0.274741
vt 0.317137 0.273292
vt 0.324515 0.273439
vt 0.334302 0.273546
vt 0.358756 0.272921
vt 0.390988 0.264438
vt 0.390988 0.265055
vt 0.420732 0.263798
vt 0.088724 0.219898
vt 0.117983 0.219898
vt 0.117983 0.244792
vt 0.088724 0.244792
vt 0.596687 0.274877
vt 0.596658 0.273725
vt 0.563038 0.273466
vt 0.540134 0.272736
vt 0.532467 0.272207
vt 0.525406 0.265102
vt 0.525341 0.265701
vt 0.517311 0.263660
vt 0.117983 0.262217
vt 0.088724 0.262217
vt 0.309567 0.274108
vt 0.309801 0.272619
vt 0.317038 0.272775
vt 0.324388 0.273073
vt 0.334319 0.272826
vt 0.358579 0.265134
vt 0.358583 0.264503
vt 0.390987 0.263822
vt 0.088724 0.197495
vt 0.117983 0.197494
vt 0.632985 0.274653
vt 0.633181 0.273581
vt 0.596646 0.273117
vt 0.562944 0.273004
vt 0.540134 0.272076
vt 0.531795 0.265037
vt 0.531861 0.265632
vt 0.525475 0.264498
vt 0.117983 0.281519
vt 0.100678 0.281519
vt 0.094671 0.279909
vt 0.090334 0.275572
vt 0.088724 0.269565
vt 0.301484 0.274143
vt 0.302121 0.272748
vt 0.309880 0.272093
vt 0.317028 0.272418
vt 0.324400 0.272408
vt 0.334304 0.264728
vt 0.334296 0.264073
vt 0.358588 0.263872
vt 0.088724 0.175091
vt 0.117983 0.175091
vt 0.668985 0.274835
vt 0.669517 0.273657
vt 0.633290 0.272946
vt 0.596637 0.272507
vt 0.562941 0.272337
vt 0.539902 0.264275
vt 0.539931 0.264894
vt 0.531725 0.264415
vt 0.145366 0.262217
vt 0.145366 0.281519
vt 0.539872 0.263662
vt 0.562783 0.263642
vt 0.562779 0.264248
vt 0.279504 0.274957
vt 0.279955 0.273664
vt 0.302332 0.272236
vt 0.309915 0.271737
vt 0.317124 0.271818
vt 0.324240 0.265135
vt 0.324195 0.264503
vt 0.334288 0.263423
vt 0.088724 0.150197
vt 0.117983 0.150197
vt 0.675255 0.274747
vt 0.675889 0.273343
vt 0.669743 0.273096
vt 0.633352 0.272310
vt 0.596631 0.271868
vt 0.562776 0.264861
vt 0.596740 0.264781
vt 0.596746 0.264167
vt 0.180216 0.262217
vt 0.180217 0.281519
vt 0.247522 0.275546
vt 0.247520 0.274314
vt 0.280128 0.273128
vt 0.302413 0.271860
vt 0.309936 0.271144
vt 0.318070 0.264735
vt 0.318004 0.265332
vt 0.324147 0.263874
vt 0.088724 0.132772
vt 0.117983 0.132772
vt 0.215067 0.244792
vt 0.215067 0.219898
vt 0.231879 0.219898
vt 0.231879 0.244792
vt 0.686825 0.274892
vt 0.686694 0.273461
vt 0.676093 0.272839
vt 0.669847 0.272645
vt 0.633351 0.271671
vt 0.596733 0.265394
vt 0.633313 0.264335
vt 0.633318 0.264975
vt 0.215067 0.262217
vt 0.215067 0.281519
vt 0.231879 0.262217
vt 0.993745 0.274022
vt 0.956280 0.273652
vt 0.956083 0.272531
vt 0.993775 0.272901
vt 0.247519 0.273748
vt 0.280206 0.272676
vt 0.302396 0.271230
vt 0.310287 0.264073
vt 0.310245 0.264658
vt 0.318135 0.264111
vt 0.088724 0.125424
vt 0.090333 0.119417
vt 0.094671 0.115080
vt 0.100677 0.113470
vt 0.117983 0.113470
vt 0.215067 0.197494
vt 0.231879 0.197494
vt 0.764706 0.263787
vt 0.733728 0.263688
vt 0.733736 0.263084
vt 0.764708 0.263197
vt 0.694410 0.273764
vt 0.693776 0.272516
vt 0.686646 0.272955
vt 0.676171 0.272476
vt 0.669846 0.271989
vt 0.633323 0.265615
vt 0.670042 0.263760
vt 0.670037 0.264383
vt 0.231879 0.269565
vt 0.230270 0.275571
vt 0.225932 0.279909
vt 0.219926 0.281519
vt 0.710435 0.263118
vt 0.710430 0.262491
vt 0.918989 0.273601
vt 0.918454 0.272368
vt 0.955974 0.271874
vt 0.993789 0.272244
vt 0.247514 0.273179
vt 0.280192 0.272034
vt 0.302415 0.263588
vt 0.302403 0.264188
vt 0.310332 0.263480
vt 0.145366 0.113470
vt 0.145366 0.132772
vt 0.302428 0.262992
vt 0.280183 0.263467
vt 0.280198 0.264056
vt 0.215067 0.175090
vt 0.231879 0.175090
vt 0.793137 0.263323
vt 0.793135 0.263918
vt 0.764703 0.264376
vt 0.733720 0.264292
vt 0.702229 0.273622
vt 0.701299 0.272498
vt 0.693569 0.272064
vt 0.686600 0.272611
vt 0.676161 0.271854
vt 0.670035 0.265010
vt 0.676337 0.263976
vt 0.676307 0.264565
vt 0.700591 0.262884
vt 0.700635 0.263490
vt 0.692693 0.263738
vt 0.692766 0.264318
vt 0.685195 0.264762
vt 0.685286 0.265351
vt 0.710440 0.263750
vt 0.912564 0.273428
vt 0.911936 0.271971
vt 0.918227 0.271786
vt 0.955915 0.271214
vt 0.993798 0.271585
vt 0.247502 0.272561
vt 0.280213 0.264652
vt 0.247162 0.264538
vt 0.247181 0.265114
vt 0.180216 0.113470
vt 0.180216 0.132772
vt 0.215067 0.150197
vt 0.231879 0.150197
vt 0.821560 0.263441
vt 0.821559 0.264031
vt 0.793132 0.264513
vt 0.764548 0.272209
vt 0.733844 0.272422
vt 0.733842 0.271755
vt 0.764550 0.271560
vt 0.711840 0.274133
vt 0.710850 0.273034
vt 0.700989 0.272069
vt 0.693480 0.271733
vt 0.686492 0.272042
vt 0.676280 0.265156
vt 0.700676 0.264099
vt 0.692833 0.264891
vt 0.685374 0.265916
vt 0.710368 0.272218
vt 0.710387 0.271534
vt 0.904431 0.273339
vt 0.904224 0.271870
vt 0.911736 0.271450
vt 0.918124 0.271322
vt 0.955917 0.270554
vt 0.993804 0.270925
vt 0.247200 0.265691
vt 0.993880 0.264073
vt 0.956034 0.263640
vt 0.956044 0.262979
vt 0.993887 0.263413
vt 0.215067 0.113470
vt 0.215067 0.132772
vt 0.231879 0.132772
vt 0.852546 0.263485
vt 0.852550 0.264089
vt 0.821557 0.264620
vt 0.793103 0.272415
vt 0.793105 0.271755
vt 0.764629 0.272723
vt 0.733986 0.272877
vt 0.735046 0.274373
vt 0.734292 0.273345
vt 0.710510 0.272605
vt 0.700869 0.271719
vt 0.693442 0.271147
vt 0.700885 0.271080
vt 0.896556 0.274136
vt 0.896837 0.272666
vt 0.904153 0.271350
vt 0.911660 0.271077
vt 0.918129 0.270640
vt 0.993874 0.264733
vt 0.956025 0.264302
vt 0.918115 0.262152
vt 0.918116 0.262796
vt 0.219926 0.113470
vt 0.225932 0.115079
vt 0.230270 0.119417
vt 0.231879 0.122934
vt 0.875834 0.263748
vt 0.875845 0.263126
vt 0.852553 0.264694
vt 0.821650 0.272428
vt 0.821653 0.271779
vt 0.793103 0.272911
vt 0.764799 0.273233
vt 0.765176 0.274233
vt 0.887056 0.274202
vt 0.887979 0.273077
vt 0.896919 0.272147
vt 0.904119 0.270995
vt 0.911676 0.270426
vt 0.918115 0.263446
vt 0.911607 0.262922
vt 0.911582 0.262311
vt 0.903577 0.262800
vt 0.903618 0.263410
vt 0.895809 0.263387
vt 0.895830 0.263984
vt 0.888801 0.263796
vt 0.888713 0.264403
vt 0.875823 0.264380
vt 0.852327 0.272864
vt 0.852335 0.272198
vt 0.821570 0.272941
vt 0.793106 0.273405
vt 0.793114 0.274420
vt 0.874315 0.274782
vt 0.875287 0.273697
vt 0.888280 0.272649
vt 0.896929 0.271790
vt 0.904090 0.270407
vt 0.911629 0.263535
vt 0.903656 0.263996
vt 0.895881 0.264579
vt 0.888658 0.264998
vt 0.875763 0.272885
vt 0.875749 0.272203
vt 0.852185 0.273317
vt 0.821406 0.273450
vt 0.821046 0.274447
vt 0.851148 0.274802
vt 0.851886 0.273782
vt 0.875622 0.273272
vt 0.888396 0.272304
vt 0.896851 0.271192
vt 0.888402 0.271673
vt 0.852827 0.888935
vt 0.852827 0.933872
vt 0.833773 0.933889
vt 0.833773 0.888952
vt 0.904084 0.888915
vt 0.904084 0.933852
vt 0.013361 0.946714
vt 0.019303 0.971531
vt 0.019294 0.991432
vt 0.007423 0.991426
vt 0.007425 0.946490
vt 0.206980 0.946797
vt 0.186870 0.957416
vt 0.110183 0.957383
vt 0.110170 0.946756
vt 0.212914 0.991514
vt 0.212916 0.946578
vt 0.227479 0.946584
vt 0.227477 0.991520
vt 0.246533 0.946601
vt 0.246531 0.991538
vt 0.265587 0.946635
vt 0.265586 0.991572
vt 0.284641 0.946677
vt 0.284640 0.991613
vt 0.748576 0.992583
vt 0.748577 0.947647
vt 0.767631 0.947651
vt 0.767630 0.992587
vt 0.729522 0.992559
vt 0.729523 0.947623
vt 0.717406 0.992538
vt 0.717408 0.947601
vt 0.688166 0.992475
vt 0.688167 0.947538
vt 0.636793 0.992365
vt 0.636795 0.947429
vt 0.563404 0.992209
vt 0.497354 0.992067
vt 0.497355 0.947131
vt 0.563405 0.947272
vt 0.981749 0.947795
vt 0.961613 0.958430
vt 0.884926 0.958458
vt 0.884939 0.947830
vt 0.975813 0.992512
vt 0.975805 0.972612
vt 0.987685 0.947571
vt 0.987685 0.992508
vt 0.808239 0.958485
vt 0.788130 0.947865
vt 0.794057 0.972678
vt 0.794064 0.992578
vt 0.782193 0.992582
vt 0.782194 0.947646
vt 0.201043 0.991509
vt 0.201051 0.971609
vt 0.332128 0.934917
vt 0.313074 0.934921
vt 0.313074 0.889984
vt 0.332128 0.889981
vt 0.306543 0.946723
vt 0.306541 0.991660
vt 0.984813 0.933821
vt 0.984813 0.888885
vt 0.357915 0.946833
vt 0.357914 0.991770
vt 0.722390 0.934117
vt 0.649001 0.934271
vt 0.649001 0.889335
vt 0.722390 0.889180
vt 0.370236 0.934857
vt 0.351182 0.934894
vt 0.351182 0.889957
vt 0.370236 0.889921
vt 0.431305 0.946990
vt 0.431303 0.991927
vt 0.773763 0.934009
vt 0.773763 0.889072
vt 0.795664 0.933963
vt 0.795664 0.889026
vt 0.033496 0.957350
vt 0.026402 0.959248
vt 0.021207 0.964439
vt 0.516900 0.889612
vt 0.516900 0.934549
vt 0.443511 0.934703
vt 0.443511 0.889767
vt 0.582950 0.889473
vt 0.582950 0.934410
vt 0.392138 0.934811
vt 0.392138 0.889875
vt 0.814719 0.888986
vt 0.814718 0.933922
vt 0.261817 0.889964
vt 0.261816 0.934901
vt 0.181088 0.934870
vt 0.181088 0.889934
vt 0.199153 0.964514
vt 0.193963 0.959319
vt 0.973902 0.965519
vt 0.968707 0.960328
vt 0.801147 0.960389
vt 0.795956 0.965583
s 1
usemtl phone_a
f 90/1/90 43/2/43 8/3/8 39/4/39
f 336/5/336 30/6/30 1/7/1 35/8/35
f 88/9/88 45/10/45 11/11/11 41/12/41
f 87/13/87 24/14/24 7/15/7 27/16/27
f 85/17/85 42/18/42 9/19/9 38/20/38
f 335/21/335 2602/22/1935 2/23/2 26/24/26
f 83/25/83 44/26/44 10/27/10 40/28/40
f 82/29/82 50/30/50 13/31/13 46/32/46
f 334/33/334 34/34/34 6/35/6 32/36/32
f 80/37/80 58/38/58 19/39/19 57/40/57
f 79/41/79 52/42/52 15/43/15 49/44/49
f 78/45/78 51/46/51 12/47/12 47/48/47
f 77/49/77 53/50/53 14/51/14 48/52/48
f 76/53/76 66/54/66 65/55/65 20/56/20
f 75/57/75 60/58/60 16/59/16 55/60/55
f 74/61/74 61/62/61 18/63/18 56/64/56
f 73/65/73 59/66/59 17/67/17 54/68/54
f 69/69/69 72/70/72 21/71/21 62/72/62
f 72/70/72 68/73/68 63/74/63 21/71/21
f 2598/75/1931 76/53/76 20/56/20 64/76/64
f 71/77/71 2598/75/1931 64/76/64 22/78/22
f 18/63/18 55/60/55 70/79/70 66/54/66
f 55/60/55 16/59/16 69/80/69 70/79/70
f 70/79/70 69/80/69 62/81/62 23/82/23
f 17/67/17 57/40/57 71/77/71 68/73/68
f 57/40/57 19/39/19 67/75/67 71/77/71
f 68/73/68 71/77/71 22/78/22 63/74/63
f 16/83/16 54/68/54 72/70/72 69/69/69
f 54/68/54 17/67/17 68/73/68 72/70/72
f 60/84/60 73/65/73 54/68/54 16/83/16
f 12/85/12 46/32/46 73/65/73 60/84/60
f 46/32/46 13/31/13 59/66/59 73/65/73
f 58/38/58 74/61/74 56/64/56 19/39/19
f 15/43/15 48/52/48 74/61/74 58/38/58
f 48/52/48 14/51/14 61/62/61 74/61/74
f 61/62/61 75/57/75 55/60/55 18/63/18
f 14/51/14 47/48/47 75/57/75 61/62/61
f 47/48/47 12/47/12 60/58/60 75/57/75
f 66/54/66 70/79/70 23/82/23 65/55/65
f 19/39/19 56/64/56 76/53/76 67/75/67
f 56/64/56 18/63/18 66/54/66 76/53/76
f 52/42/52 77/49/77 48/52/48 15/43/15
f 11/11/11 40/28/40 77/49/77 52/42/52
f 40/28/40 10/27/10 53/50/53 77/49/77
f 53/50/53 78/45/78 47/48/47 14/51/14
f 10/27/10 39/4/39 78/45/78 53/50/53
f 39/4/39 8/3/8 51/46/51 78/45/78
f 50/30/50 79/41/79 49/44/49 13/31/13
f 9/19/9 41/12/41 79/41/79 50/30/50
f 41/12/41 11/11/11 52/42/52 79/41/79
f 59/66/59 80/37/80 57/40/57 17/67/17
f 13/31/13 49/44/49 80/37/80 59/66/59
f 49/44/49 15/43/15 58/38/58 80/37/80
f 30/6/30 334/33/334 32/36/32 1/7/1
f 37/86/37 81/87/81 28/88/28 3/89/3
f 5/90/5 36/91/36 81/87/81 37/86/37
f 51/92/51 82/29/82 46/32/46 12/85/12
f 8/93/8 38/20/38 82/29/82 51/92/51
f 38/20/38 9/19/9 50/30/50 82/29/82
f 45/10/45 83/25/83 40/28/40 11/11/11
f 1/7/1 32/36/32 83/25/83 45/10/45
f 32/36/32 6/35/6 44/26/44 83/25/83
f 333/94/333 84/95/84 36/96/36 5/97/5
f 331/98/331 33/99/33 84/95/84 333/94/333
f 24/100/24 335/21/335 26/24/26 7/101/7
f 43/102/43 85/17/85 38/20/38 8/93/8
f 7/101/7 26/24/26 85/17/85 43/102/43
f 26/24/26 2/23/2 42/18/42 85/17/85
f 31/103/31 86/104/86 33/99/33 331/98/331
f 4/105/4 29/106/29 86/104/86 31/103/31
f 34/34/34 87/13/87 27/16/27 6/35/6
f 42/18/42 88/9/88 41/12/41 9/19/9
f 2/23/2 35/8/35 88/9/88 42/18/42
f 35/8/35 1/7/1 45/10/45 88/9/88
f 25/107/25 89/108/89 29/106/29 4/105/4
f 3/89/3 28/88/28 89/108/89 25/107/25
f 2602/22/1935 336/5/336 35/8/35 2/23/2
f 44/26/44 90/1/90 39/4/39 10/27/10
f 6/35/6 27/16/27 90/1/90 44/26/44
f 27/16/27 7/15/7 43/2/43 90/1/90
f 23/82/23 62/81/62 95/109/95 94/110/94
f 63/74/63 22/78/22 93/111/93 96/112/96
f 64/76/64 20/56/20 91/113/91 97/114/97
f 21/71/21 63/74/63 96/112/96 92/115/92
f 22/78/22 64/76/64 97/114/97 93/111/93
f 62/72/62 21/71/21 92/115/92 95/116/95
f 65/55/65 23/82/23 94/110/94 98/117/98
f 20/56/20 65/55/65 98/117/98 91/113/91
f 98/117/98 94/110/94 102/118/102 106/119/106
f 95/116/95 92/115/92 100/120/100 103/121/103
f 91/113/91 98/117/98 106/119/106 99/122/99
f 93/111/93 97/114/97 105/123/105 101/124/101
f 96/112/96 93/111/93 101/124/101 104/125/104
f 92/115/92 96/112/96 104/125/104 100/120/100
f 97/114/97 91/113/91 99/122/99 105/123/105
f 94/110/94 95/109/95 103/126/103 102/118/102
f 105/123/105 99/122/99 107/127/107 113/128/113
f 102/118/102 103/126/103 111/129/111 110/130/110
f 106/119/106 102/118/102 110/130/110 114/131/114
f 103/121/103 100/120/100 108/132/108 111/133/111
f 99/122/99 106/119/106 114/131/114 107/127/107
f 101/124/101 105/123/105 113/128/113 109/134/109
f 104/125/104 101/124/101 109/134/109 112/135/112
f 100/120/100 104/125/104 112/135/112 108/132/108
f 109/134/109 113/128/113 121/136/121 117/137/117
f 112/135/112 109/134/109 117/137/117 120/138/120
f 108/132/108 112/135/112 120/138/120 116/139/116
f 113/128/113 107/127/107 115/140/115 121/136/121
f 110/130/110 111/129/111 119/141/119 118/142/118
f 114/131/114 110/130/110 118/142/118 122/143/122
f 111/133/111 108/132/108 116/139/116 119/144/119
f 107/127/107 114/131/114 122/143/122 115/140/115
f 2167/145/1690 2181/146/1704 251/147/251 266/148/266
f 2171/149/1694 2178/150/1701 253/151/253 262/152/262
f 2177/153/1700 2171/149/1694 262/152/262 255/154/255
f 125/155/125 134/156/134 2176/157/1699 2169/158/1692
f 2178/150/1701 2167/145/1690 266/148/266 253/151/253
f 2173/159/1696 2174/160/1697 258/161/258 259/162/259
f 2181/146/1704 2173/159/1696 259/162/259 251/147/251
f 116/139/116 120/138/120 133/163/133 126/164/126
f 118/142/118 119/141/119 132/165/132 129/166/129
f 252/167/252 260/168/260 143/169/143 139/170/139
f 120/138/120 117/137/117 127/171/127 133/163/133
f 115/140/115 122/143/122 137/172/137 123/173/123
f 117/137/117 121/136/121 136/174/136 127/171/127
f 122/143/122 118/142/118 129/166/129 137/172/137
f 119/144/119 116/139/116 126/164/126 132/175/132
f 2174/176/1697 2168/177/1691 263/178/263 258/179/258
f 124/180/124 135/181/135 136/174/136 123/173/123
f 138/182/138 124/180/124 123/173/123 137/172/137
f 134/156/134 125/155/125 126/164/126 133/163/133
f 125/155/125 131/183/131 132/175/132 126/164/126
f 128/184/128 134/156/134 133/163/133 127/171/127
f 130/185/130 138/182/138 137/172/137 129/166/129
f 135/181/135 128/184/128 127/171/127 136/174/136
f 131/186/131 130/185/130 129/166/129 132/165/132
f 121/136/121 115/140/115 123/173/123 136/174/136
f 254/187/254 265/188/265 146/189/146 140/190/140
f 256/191/256 261/192/261 144/193/144 141/194/141
f 138/182/138 130/185/130 2172/195/1695 2180/196/1703
f 128/184/128 135/181/135 2179/197/1702 2170/198/1693
f 260/168/260 257/199/257 142/200/142 143/169/143
f 265/188/265 252/167/252 139/170/139 146/189/146
f 257/201/257 264/202/264 145/203/145 142/204/142
f 261/192/261 254/187/254 140/190/140 144/193/144
f 131/183/131 125/155/125 2169/158/1692 2175/205/1698
f 264/202/264 256/191/256 141/194/141 145/203/145
f 134/156/134 128/184/128 2170/198/1693 2176/157/1699
f 130/185/130 131/186/131 2175/206/1698 2172/195/1695
f 2168/177/1691 2177/153/1700 255/154/255 263/178/263
f 140/190/140 146/189/146 313/207/313 302/208/302
f 307/209/307 306/210/306 150/211/150 151/212/151
f 306/213/306 311/214/311 153/215/153 150/216/150
f 311/214/311 303/217/303 149/218/149 153/215/153
f 310/219/310 301/220/301 148/221/148 152/222/152
f 139/170/139 143/169/143 308/223/308 300/224/300
f 314/225/314 299/226/299 147/227/147 154/228/154
f 141/194/141 144/193/144 309/229/309 304/230/304
f 146/189/146 139/170/139 300/224/300 313/207/313
f 143/169/143 142/200/142 305/231/305 308/223/308
f 301/220/301 314/225/314 154/228/154 148/221/148
f 144/193/144 140/190/140 302/208/302 309/229/309
f 145/203/145 141/194/141 304/230/304 312/232/312
f 303/217/303 310/219/310 152/222/152 149/218/149
f 142/204/142 145/203/145 312/232/312 305/233/305
f 148/221/148 154/228/154 297/234/297 286/235/286
f 291/236/291 290/237/290 273/238/273 276/239/276
f 298/240/298 283/241/283 268/242/268 281/243/281
f 149/218/149 152/222/152 293/244/293 288/245/288
f 147/227/147 151/212/151 292/246/292 284/247/284
f 294/248/294 285/249/285 270/250/270 277/251/277
f 290/252/290 295/253/295 280/254/280 273/255/273
f 295/253/295 287/256/287 272/257/272 280/254/280
f 278/258/278 269/259/269 231/260/231 242/261/242
f 274/262/274 279/263/279 246/264/246 236/265/236
f 279/263/279 271/266/271 234/267/234 246/264/246
f 152/222/152 148/221/148 286/235/286 293/244/293
f 275/268/275 274/269/274 236/270/236 240/271/240
f 282/272/282 267/273/267 228/274/228 248/275/248
f 153/215/153 149/218/149 288/245/288 296/276/296
f 154/228/154 147/227/147 284/247/284 297/234/297
f 285/249/285 298/240/298 281/243/281 270/250/270
f 2193/277/1716 2184/278/1707 156/279/156 160/280/160
f 2194/281/1717 2186/282/1709 157/283/157 161/284/161
f 287/256/287 294/248/294 277/251/277 272/257/272
f 2189/285/1712 2194/281/1717 161/284/161 158/286/158
f 2197/287/1720 2182/288/1705 155/289/155 162/290/162
f 151/212/151 150/211/150 289/291/289 292/246/292
f 150/216/150 153/215/153 296/276/296 289/292/289
f 269/259/269 282/272/282 248/275/248 231/260/231
f 2186/282/1709 2193/277/1716 160/280/160 157/283/157
f 271/266/271 278/258/278 242/261/242 234/267/234
f 239/293/239 237/294/237 2188/295/1711 2191/296/1714
f 245/297/245 233/298/233 2187/299/1710 2195/300/1718
f 230/301/230 249/302/249 2196/303/1719 2185/304/1708
f 2190/305/1713 2189/306/1712 158/307/158 159/308/159
f 249/302/249 227/309/227 2183/310/1706 2196/303/1719
f 233/298/233 243/311/243 2192/312/1715 2187/299/1710
f 227/309/227 239/293/239 2191/296/1714 2183/310/1706
f 243/311/243 230/301/230 2185/304/1708 2192/312/1715
f 237/313/237 245/297/245 2195/300/1718 2188/314/1711
f 162/290/162 155/289/155 163/315/163 170/316/170
f 156/279/156 162/290/162 170/316/170 164/317/164
f 159/308/159 158/307/158 166/318/166 167/319/167
f 157/283/157 160/280/160 168/320/168 165/321/165
f 160/280/160 156/279/156 164/317/164 168/320/168
f 158/286/158 161/284/161 169/322/169 166/323/166
f 155/289/155 159/308/159 167/319/167 163/315/163
f 161/284/161 157/283/157 165/321/165 169/322/169
f 169/322/169 165/321/165 173/324/173 177/325/177
f 170/316/170 163/315/163 171/326/171 178/327/178
f 164/317/164 170/316/170 178/327/178 172/328/172
f 167/319/167 166/318/166 174/329/174 175/330/175
f 165/321/165 168/320/168 176/331/176 173/324/173
f 168/320/168 164/317/164 172/328/172 176/331/176
f 166/323/166 169/322/169 177/325/177 174/332/174
f 163/315/163 167/319/167 175/330/175 171/326/171
f 172/328/172 178/327/178 329/333/329 318/334/318
f 323/335/323 322/336/322 182/337/182 183/338/183
f 330/339/330 315/340/315 179/341/179 2599/342/1932
f 173/324/173 176/331/176 325/343/325 320/344/320
f 171/326/171 175/330/175 324/345/324 316/346/316
f 326/347/326 317/348/317 180/349/180 184/350/184
f 322/351/322 327/352/327 185/353/185 182/354/182
f 327/352/327 319/355/319 181/356/181 185/353/185
f 175/330/175 174/329/174 321/357/321 324/345/324
f 317/348/317 330/339/330 2599/342/1932 180/349/180
f 176/331/176 172/328/172 318/334/318 325/343/325
f 177/325/177 173/324/173 320/344/320 328/358/328
f 319/355/319 326/347/326 184/350/184 181/356/181
f 174/332/174 177/325/177 328/358/328 321/359/321
f 178/327/178 171/326/171 316/346/316 329/333/329
f 184/350/184 180/349/180 2601/360/1934 192/361/192
f 182/354/182 185/353/185 193/362/193 190/363/190
f 179/341/179 183/338/183 191/364/191 187/365/187
f 185/353/185 181/356/181 189/366/189 193/362/193
f 186/342/186 179/341/179 187/365/187 2600/367/1933
f 180/349/180 186/342/186 2600/367/1933 2601/360/1934
f 183/338/183 182/337/182 190/368/190 191/364/191
f 181/356/181 184/350/184 192/361/192 189/366/189
f 191/364/191 190/368/190 198/369/198 199/370/199
f 189/366/189 192/361/192 200/371/200 197/372/197
f 192/361/192 188/360/188 196/373/196 200/371/200
f 190/363/190 193/362/193 201/374/201 198/375/198
f 187/365/187 191/364/191 199/370/199 195/376/195
f 193/362/193 189/366/189 197/372/197 201/374/201
f 194/367/194 187/365/187 195/376/195 202/377/202
f 188/360/188 194/367/194 202/377/202 196/373/196
f 202/377/202 195/376/195 203/378/203 210/379/210
f 196/373/196 202/377/202 210/379/210 204/380/204
f 199/370/199 198/369/198 206/381/206 207/382/207
f 197/372/197 200/371/200 208/383/208 205/384/205
f 200/371/200 196/373/196 204/380/204 208/383/208
f 198/375/198 201/374/201 209/385/209 206/386/206
f 195/376/195 199/370/199 207/382/207 203/378/203
f 201/374/201 197/372/197 205/384/205 209/385/209
f 203/378/203 207/382/207 215/387/215 211/388/211
f 209/385/209 205/384/205 213/389/213 217/390/217
f 210/379/210 203/378/203 211/388/211 218/391/218
f 204/380/204 210/379/210 218/391/218 212/392/212
f 207/382/207 206/381/206 214/393/214 215/387/215
f 205/384/205 208/383/208 216/394/216 213/389/213
f 208/383/208 204/380/204 212/392/212 216/394/216
f 206/386/206 209/385/209 217/390/217 214/395/214
f 216/394/216 212/392/212 220/396/220 224/397/224
f 214/395/214 217/390/217 225/398/225 222/399/222
f 211/388/211 215/387/215 223/400/223 219/401/219
f 217/390/217 213/389/213 221/402/221 225/398/225
f 218/391/218 211/388/211 219/401/219 226/403/226
f 212/392/212 218/391/218 226/403/226 220/396/220
f 215/387/215 214/393/214 222/404/222 223/400/223
f 213/389/213 216/394/216 224/397/224 221/402/221
f 243/311/243 233/298/233 235/405/235 244/406/244
f 244/406/244 235/405/235 234/267/234 242/261/242
f 233/298/233 245/297/245 247/407/247 235/405/235
f 235/405/235 247/407/247 246/264/246 234/267/234
f 237/294/237 239/293/239 241/408/241 238/409/238
f 238/409/238 241/408/241 240/271/240 236/270/236
f 239/293/239 227/309/227 229/410/229 241/408/241
f 241/408/241 229/410/229 228/274/228 240/271/240
f 249/302/249 230/301/230 232/411/232 250/412/250
f 250/412/250 232/411/232 231/260/231 248/275/248
f 245/297/245 237/313/237 238/413/238 247/407/247
f 247/407/247 238/413/238 236/265/236 246/264/246
f 227/309/227 249/302/249 250/412/250 229/410/229
f 229/410/229 250/412/250 248/275/248 228/274/228
f 230/301/230 243/311/243 244/406/244 232/411/232
f 232/411/232 244/406/244 242/261/242 231/260/231
f 2184/278/1707 2197/287/1720 162/290/162 156/279/156
f 252/167/252 265/188/265 266/148/266 251/147/251
f 264/202/264 257/201/257 258/179/258 263/178/263
f 260/168/260 252/167/252 251/147/251 259/162/259
f 257/199/257 260/168/260 259/162/259 258/161/258
f 254/187/254 261/192/261 262/152/262 253/151/253
f 265/188/265 254/187/254 253/151/253 266/148/266
f 256/191/256 264/202/264 263/178/263 255/154/255
f 261/192/261 256/191/256 255/154/255 262/152/262
f 124/180/124 138/182/138 2180/196/1703 2166/414/1689
f 278/258/278 271/266/271 272/257/272 277/251/277
f 271/266/271 279/263/279 280/254/280 272/257/272
f 274/269/274 275/268/275 276/239/276 273/238/273
f 275/268/275 267/273/267 268/242/268 276/239/276
f 282/272/282 269/259/269 270/250/270 281/243/281
f 279/263/279 274/262/274 273/255/273 280/254/280
f 267/273/267 282/272/282 281/243/281 268/242/268
f 269/259/269 278/258/278 277/251/277 270/250/270
f 267/273/267 275/268/275 240/271/240 228/274/228
f 294/248/294 287/256/287 288/245/288 293/244/293
f 287/256/287 295/253/295 296/276/296 288/245/288
f 290/237/290 291/236/291 292/246/292 289/291/289
f 291/236/291 283/241/283 284/247/284 292/246/292
f 298/240/298 285/249/285 286/235/286 297/234/297
f 295/253/295 290/252/290 289/292/289 296/276/296
f 283/241/283 298/240/298 297/234/297 284/247/284
f 285/249/285 294/248/294 293/244/293 286/235/286
f 283/241/283 291/236/291 276/239/276 268/242/268
f 310/219/310 303/217/303 304/230/304 309/229/309
f 303/217/303 311/214/311 312/232/312 304/230/304
f 306/210/306 307/209/307 308/223/308 305/231/305
f 307/209/307 299/226/299 300/224/300 308/223/308
f 314/225/314 301/220/301 302/208/302 313/207/313
f 311/214/311 306/213/306 305/233/305 312/232/312
f 299/226/299 314/225/314 313/207/313 300/224/300
f 301/220/301 310/219/310 309/229/309 302/208/302
f 299/226/299 307/209/307 151/212/151 147/227/147
f 326/347/326 319/355/319 320/344/320 325/343/325
f 319/355/319 327/352/327 328/358/328 320/344/320
f 322/336/322 323/335/323 324/345/324 321/357/321
f 323/335/323 315/340/315 316/346/316 324/345/324
f 330/339/330 317/348/317 318/334/318 329/333/329
f 327/352/327 322/351/322 321/359/321 328/358/328
f 315/340/315 330/339/330 329/333/329 316/346/316
f 317/348/317 326/347/326 325/343/325 318/334/318
f 315/340/315 323/335/323 183/338/183 179/341/179
f 4/105/4 31/103/31 334/33/334 30/6/30
f 31/103/31 331/98/331 34/34/34 334/33/334
f 5/90/5 37/86/37 335/21/335 24/100/24
f 37/86/37 3/89/3 332/22/332 335/21/335
f 331/98/331 333/94/333 87/13/87 34/34/34
f 333/94/333 5/97/5 24/14/24 87/13/87
f 3/89/3 25/107/25 336/5/336 332/22/332
f 25/107/25 4/105/4 30/6/30 336/5/336
f 343/415/341 349/416/342 347/417/342 345/418/341
f 346/419/341 348/420/342 349/416/342 343/415/341
f 347/417/342 349/416/342 352/421/343 350/422/343
f 349/416/342 348/420/342 351/423/343 352/421/343
f 350/422/343 352/421/343 354/424/340 342/425/340
f 354/424/340 355/426/338 353/427/338 342/425/340
f 352/421/343 351/423/343 344/428/340 354/424/340
f 355/426/338 357/429/338 341/430/338 353/427/338
f 344/428/340 356/431/338 355/426/338 354/424/340
f 357/429/338 361/432/338 339/433/338 341/430/338
f 356/431/338 358/434/338 357/429/338 355/426/338
f 361/432/338 366/435/338 360/436/338 339/433/338
f 358/434/338 362/437/338 361/432/338 357/429/338
f 368/438/337 363/439/344 359/440/344 337/441/337
f 366/435/338 371/442/338 365/443/338 360/436/338
f 362/437/338 367/444/338 366/435/338 361/432/338
f 338/445/337 364/446/344 363/439/344 368/438/337
f 369/447/339 375/448/339 368/438/337 337/441/337
f 371/442/338 376/449/338 370/450/338 365/443/338
f 367/444/338 372/451/338 371/442/338 366/435/338
f 375/448/339 340/452/339 338/445/337 368/438/337
f 374/453/345 379/454/345 375/448/339 369/447/339
f 376/449/338 378/455/338 373/456/338 370/450/338
f 372/451/338 377/457/338 376/449/338 371/442/338
f 378/455/338 379/454/345 374/453/345 373/456/338
f 379/454/345 380/458/345 340/452/339 375/448/339
f 377/457/338 381/459/338 378/455/338 376/449/338
f 381/459/338 380/458/345 379/454/345 378/455/338
f 382/460/346 640/461/508 641/462/352 383/463/347
f 383/463/347 641/462/352 513/464/351 708/465/518
f 643/466/461 382/460/346 383/463/347 644/467/462
f 644/467/462 383/463/347 708/465/518 642/468/509
f 706/469/365 643/466/461 644/467/462 707/470/367
f 707/470/367 644/467/462 642/468/509 705/471/366
f 627/472/498 706/469/365 707/470/367 629/473/499
f 629/473/499 707/470/367 705/471/366 628/474/424
f 703/475/510 638/476/348 639/477/349 704/478/511
f 704/478/511 639/477/349 516/479/407 702/480/521
f 636/481/506 703/475/510 704/478/511 637/482/507
f 637/482/507 704/478/511 702/480/521 635/483/505
f 698/484/467 617/485/469 618/486/491 699/487/468
f 699/487/468 618/486/491 524/488/439 697/489/388
f 615/490/489 692/491/516 694/492/517 616/493/490
f 616/493/490 694/492/517 693/494/425 614/495/488
f 700/496/360 612/497/363 613/498/364 701/499/361
f 701/499/361 613/498/364 611/500/487 475/501/398
f 608/502/484 700/496/360 701/499/361 610/503/486
f 610/503/486 701/499/361 475/501/398 609/504/485
f 605/505/463 695/506/465 696/507/520 607/508/464
f 607/508/464 696/507/520 478/509/416 606/510/392
f 682/511/479 492/512/425 675/513/517 683/514/481
f 683/514/481 675/513/517 674/515/516 681/516/480
f 684/517/448 682/511/479 683/514/481 686/518/483
f 686/518/483 683/514/481 681/516/480 685/519/482
f 692/491/516 601/520/480 602/521/481 694/492/517
f 694/492/517 602/521/481 600/522/479 693/494/425
f 695/506/465 698/484/467 699/487/468 696/507/520
f 696/507/520 699/487/468 697/489/388 478/509/416
f 386/523/350 389/524/353 390/525/354 388/526/352
f 388/526/352 390/525/354 465/527/404 387/528/351
f 391/529/355 394/530/358 395/531/359 393/532/357
f 393/532/357 395/531/359 461/533/401 392/534/356
f 396/535/360 400/536/363 401/537/364 398/538/361
f 398/538/361 401/537/364 399/539/362 458/540/398
f 561/541/439 445/542/388 560/543/468 563/544/470
f 563/544/470 560/543/468 559/545/467 562/546/469
f 445/542/388 556/547/416 558/548/466 560/543/468
f 560/543/468 558/548/466 557/549/465 559/545/467
f 452/550/393 403/551/366 406/552/367 553/553/462
f 553/553/462 406/552/367 402/554/365 552/555/461
f 556/547/416 449/556/392 555/557/464 558/548/466
f 2150/558/338 2157/559/1340 2158/560/1340 693/561/425 600/562/479 533/563/448 606/564/392 478/565/416 697/566/388
f 2243/567/1745 2237/568/1741 2232/569/1737 2239/570/1743
f 2244/571/1746 2238/572/1742 2229/573/1736 2237/568/1741
f 2230/574/1724 2238/572/1742 2955/575/1970 2956/576/1757
f 2240/577/1744 2234/578/1739 2280/579/1764 2994/580/1989
f 2240/577/1744 409/581/370 2241/582/371 2235/583/1740
f 2242/584/375 2236/585/375 2241/582/371 410/586/371
f 411/587/372 2243/567/1745 2239/570/1743 408/588/369
f 412/589/373 2244/571/1746 2237/568/1741 2243/567/1745
f 2238/572/1742 2244/571/1746 2957/590/1971 2955/575/1970
f 409/581/370 2240/577/1744 2994/580/1989 2303/591/1750
f 410/586/371 2241/582/371 409/581/370 414/592/370
f 410/586/371 415/593/371 416/594/375 2242/584/375
f 417/595/376 411/587/372 408/588/369 413/596/374
f 418/597/377 412/589/373 2243/567/1745 411/587/372
f 2244/571/1746 412/589/373 2326/598/1788 2957/590/1971
f 413/596/374 538/599/450 545/600/457 419/601/374
f 414/592/370 409/581/370 2303/591/1750 2318/602/1750
f 414/592/370 420/603/370 415/593/371 410/586/371
f 415/593/371 421/604/371 422/605/375 416/594/375
f 423/606/376 417/595/376 413/596/374 419/601/374
f 424/607/378 418/597/377 411/587/372 417/595/376
f 412/589/373 418/597/377 2966/608/1973 2326/598/1788
f 420/603/370 414/592/370 2318/602/1750 2996/609/1750
f 420/603/370 425/610/370 421/604/371 415/593/371
f 421/604/371 426/611/379 441/612/387 422/605/375
f 419/601/374 442/613/374 443/614/376 423/606/376
f 444/615/378 424/607/378 417/595/376 423/606/376
f 418/597/377 424/607/378 2359/616/1806 2966/608/1973
f 425/610/370 420/603/370 2996/609/1750 2251/617/1750
f 425/610/370 446/618/389 426/611/379 421/604/371
f 426/611/379 447/619/390 448/620/391 441/612/387
f 450/621/376 443/614/376 442/613/374 451/622/374
f 423/606/376 443/614/376 453/623/378 444/615/378
f 424/607/378 444/615/378 2645/624/1806 2359/616/1806
f 446/618/389 425/610/370 2251/617/1750 2987/625/1984
f 446/618/389 455/626/395 447/619/390 426/611/379
f 447/619/390 456/627/396 457/628/397 448/620/391
f 451/622/374 459/629/399 460/630/400 450/621/376
f 462/631/378 453/623/378 443/614/376 450/621/376
f 444/615/378 453/623/378 2646/632/1806 2645/624/1806
f 455/626/395 446/618/389 2987/625/1984 2386/633/1819
f 455/626/395 463/634/402 456/627/396 447/619/390
f 456/627/396 464/635/403 466/636/405 457/628/397
f 451/622/374 2569/637/1908 2572/638/1909 459/629/399
f 467/639/406 460/630/400 459/629/399 469/640/408
f 450/621/376 460/630/400 470/641/409 462/631/378
f 453/623/378 462/631/378 2969/642/1806 2646/632/1806
f 463/634/402 455/626/395 2386/633/1819 2988/643/1985
f 463/634/402 472/644/411 464/635/403 456/627/396
f 464/635/403 473/645/412 474/646/413 466/636/405
f 476/647/414 467/639/406 469/640/408 477/648/415
f 479/649/417 470/641/409 460/630/400 467/639/406
f 462/631/378 470/641/409 2440/650/1850 2969/642/1806
f 472/644/411 463/634/402 2988/643/1985 2253/651/1751
f 472/644/411 480/652/418 473/645/412 464/635/403
f 481/653/413 474/646/413 473/645/412 482/654/412
f 474/646/413 537/655/447 544/656/456 466/636/405
f 484/657/420 476/647/414 477/648/415 485/658/421
f 486/659/422 479/649/417 467/639/406 476/647/414
f 470/641/409 479/649/417 2997/660/1991 2440/650/1850
f 480/652/418 472/644/411 2253/651/1751 2990/661/1879
f 482/654/412 473/645/412 480/652/418 488/662/418
f 489/663/413 481/653/413 482/654/412 490/664/412
f 481/653/413 2566/665/447 537/655/447 474/646/413
f 493/666/412 484/657/420 485/658/421 494/667/413
f 495/668/426 486/659/422 476/647/414 484/657/420
f 479/649/417 486/659/422 2254/669/1752 2997/660/1991
f 488/662/418 480/652/418 2990/661/1879 2958/670/1879
f 490/664/412 482/654/412 488/662/418 496/671/418
f 490/664/412 497/672/412 498/673/413 489/663/413
f 489/663/413 2575/674/447 2566/665/447 481/653/413
f 494/667/413 499/675/413 500/676/412 493/666/412
f 502/677/418 495/668/426 484/657/420 493/666/412
f 486/659/422 495/668/426 2991/678/1987 2254/669/1752
f 496/671/418 488/662/418 2958/670/1879 2959/679/1879
f 496/671/418 505/680/418 497/672/412 490/664/412
f 497/672/412 507/681/412 508/682/413 498/673/413
f 498/673/413 534/683/447 2575/674/447 489/663/413
f 507/681/412 500/676/412 499/675/413 508/682/413
f 493/666/412 500/676/412 510/684/418 502/677/418
f 495/668/426 502/677/418 2501/685/1879 2991/678/1987
f 505/680/418 496/671/418 2959/679/1879 2993/686/1879
f 505/680/418 512/687/418 507/681/412 497/672/412
f 512/687/418 510/684/418 500/676/412 507/681/412
f 502/677/418 510/684/418 2961/688/1879 2501/685/1879
f 512/687/418 505/680/418 2993/686/1879 2960/689/1879
f 510/684/418 512/687/418 2960/689/1879 2961/688/1879
f 2573/690/1910 532/691/447 494/667/413 485/658/421
f 540/692/452 538/599/450 413/596/374 408/588/369
f 527/693/442 526/694/441 422/605/375
f 531/695/446 541/696/453 442/613/374 419/601/374
f 549/697/444 551/698/444 2198/699/1721 2199/700/1721
f 1794/701/1340 492/702/425 682/703/479 684/704/448 449/705/392 556/706/416 445/707/388 841/708/525 840/709/588 839/710/587 838/711/586 1786/712/1337
f 545/600/457 531/695/446 419/601/374
f 1804/713/1340 504/714/429 458/715/398 399/716/362 671/717/488 492/702/425 1794/701/1340
f 543/718/455 539/719/451 2236/585/375 2242/584/375
f 2561/720/1903 2568/721/444 2203/722/1722 2209/723/1725
f 547/724/458 530/725/445 448/620/391 457/628/397
f 544/656/456 547/724/458 457/628/397 466/636/405
f 548/726/459 2565/727/1906 2242/584/375 416/594/375
f 2568/721/444 549/697/444 2199/700/1721 2203/722/1722
f 2572/638/1909 2562/728/1904 469/640/408 459/629/399
f 535/729/449 527/693/442 422/605/375 441/612/387
f 2576/730/1912 540/692/452 408/588/369 2239/570/1743
f 387/731/351 1787/732/338 842/733/338 491/734/424 403/735/366 452/736/393 678/737/518
f 2567/738/1907 550/739/460 2232/569/1737 2225/740/1732
f 532/691/447 536/741/447 499/675/413 494/667/413
f 2563/742/447 534/683/447 498/673/413 508/682/413
f 526/694/441 548/726/459 416/594/375 422/605/375
f 609/743/485 2151/744/1340 2145/745/1683 1800/746/1343 1799/747/1342 1798/748/1341 1797/749/522 630/750/500 518/751/431 635/752/505 702/753/521 516/754/407
f 2562/728/1904 2564/755/1905 477/648/415 469/640/408
f 541/696/453 2574/756/1911 451/622/374 442/613/374
f 2150/558/338 697/566/388 524/757/439 620/758/419 623/759/495 521/760/437 628/761/424 2144/762/338 2143/763/338
f 693/561/425 2158/560/1340 2151/744/1340 609/743/485 475/764/398 611/765/487 614/766/488
f 536/741/447 2563/742/447 508/682/413 499/675/413
f 529/767/444 2571/768/444 2204/769/1722 2200/770/1722
f 550/739/460 2576/730/1912 2239/570/1743 2232/569/1737
f 2565/727/1906 543/718/455 2242/584/375
f 551/698/444 529/767/444 2200/770/1722 2198/699/1721
f 539/719/451 528/771/443 2228/772/1735 2236/585/375
f 2149/773/1340 1805/774/338 645/775/500 509/776/431 651/777/505 506/778/430 468/779/407 504/714/429 1804/713/1340
f 513/780/351 1796/781/338 2144/762/338 628/761/424 705/782/366 642/783/509 708/784/518
f 2564/755/1905 2573/690/1910 485/658/421 477/648/415
f 530/725/445 535/729/449 441/612/387 448/620/391
f 2574/756/1911 2569/637/1908 451/622/374
f 2201/785/1723 2202/786/1723 2199/700/1721 2198/699/1721
f 2205/787/1723 2201/785/1723 2198/699/1721 2200/770/1722
f 2206/788/1724 2207/789/1724 2202/786/1723 2201/785/1723
f 2203/722/1722 2199/700/1721 2202/786/1723 2208/790/1723
f 2204/769/1722 2571/768/444 546/791/444 2210/792/1721
f 2211/793/1723 2205/787/1723 2200/770/1722 2204/769/1722
f 2212/794/1724 2206/788/1724 2201/785/1723 2205/787/1723
f 2207/789/1724 2206/788/1724 2954/795/1757 2647/796/1757
f 2208/790/1723 2202/786/1723 2207/789/1724 2213/797/1724
f 2208/790/1723 2214/798/1726 2209/723/1725 2203/722/1722
f 2215/799/1727 525/800/440 2561/720/1903 2209/723/1725
f 2204/769/1722 2210/792/1721 2216/801/1723 2211/793/1723
f 2210/792/1721 546/791/444 2570/802/444 2217/803/1722
f 2218/804/1724 2212/794/1724 2205/787/1723 2211/793/1723
f 2206/788/1724 2212/794/1724 2953/805/1757 2954/795/1757
f 2213/797/1724 2207/789/1724 2647/796/1757 2648/806/1757
f 2213/797/1724 2220/807/1728 2214/798/1726 2208/790/1723
f 2214/798/1726 2221/808/1729 2215/799/1727 2209/723/1725
f 2222/809/1730 542/810/454 525/800/440 2215/799/1727
f 2210/792/1721 2217/803/1722 2223/811/1723 2216/801/1723
f 2211/793/1723 2216/801/1723 2224/812/1731 2218/804/1724
f 2217/803/1722 2570/802/444 2567/738/1907 2225/740/1732
f 2212/794/1724 2218/804/1724 2267/813/1757 2953/805/1757
f 2220/807/1728 2213/797/1724 2648/806/1757 2649/814/1941
f 2220/807/1728 2226/815/1733 2221/808/1729 2214/798/1726
f 2221/808/1729 2227/816/1734 2222/809/1730 2215/799/1727
f 2228/772/1735 528/771/443 542/810/454 2222/809/1730
f 2217/803/1722 2225/740/1732 2229/573/1736 2223/811/1723
f 2216/801/1723 2223/811/1723 2230/574/1724 2224/812/1731
f 2218/804/1724 2224/812/1731 2985/817/1757 2267/813/1757
f 2226/815/1733 2220/807/1728 2649/814/1941 2650/818/1942
f 2226/815/1733 2234/578/1739 2227/816/1734 2221/808/1729
f 2227/816/1734 2235/583/1740 2228/772/1735 2222/809/1730
f 2237/568/1741 2229/573/1736 2225/740/1732 2232/569/1737
f 2223/811/1723 2229/573/1736 2238/572/1742 2230/574/1724
f 2224/812/1731 2230/574/1724 2956/576/1757 2985/817/1757
f 2234/578/1739 2226/815/1733 2650/818/1942 2280/579/1764
f 2234/578/1739 2240/577/1744 2235/583/1740 2227/816/1734
f 2235/583/1740 2241/582/371 2236/585/375 2228/772/1735
f 603/819/482 601/520/480 2662/820/1893 2661/821/1939
f 615/490/489 612/497/363 2605/822/527 2663/823/474
f 619/824/492 617/485/469 2654/825/1938 2653/826/472
f 2607/827/475 431/828/381 700/496/360 608/502/484 638/476/348
f 2611/829/341 2610/830/1937 633/831/503 631/832/501
f 646/833/501 394/530/358 576/834/476 575/835/341
f 573/836/475 2659/837/381 396/535/360 655/838/484 384/839/348
f 679/840/346 552/555/461 2642/841/528 2643/842/1940
f 581/843/478 580/844/385 402/554/365 676/845/498 565/846/471
f 427/847/338 2603/848/338 582/849/338 583/821/338 584/820/338 585/823/338 586/822/338 2606/828/338 587/827/338 588/850/338 2609/851/338 589/830/338 433/829/338 434/852/338 2612/853/338 590/854/338 2614/855/338 437/856/338 438/857/338 2619/858/338 591/859/338 2617/860/338 429/826/338 428/825/338
f 2638/861/338 2657/862/338 2626/863/338 593/864/338 594/865/338 2629/866/338 571/867/338 572/837/338 2630/836/338 595/868/338 2632/869/338 596/870/338 2634/835/338 2635/834/338 597/871/338 2637/872/338 578/873/338 579/842/338 598/841/338 2641/844/338 2640/843/338 599/874/338 2625/875/338 592/876/338
f 622/877/494 619/824/492 2653/826/472 440/860/386
f 617/485/469 698/484/467 2655/847/344 2654/825/1938
f 394/530/358 391/529/355 2636/871/383 576/834/476
f 625/878/471 622/877/494 440/860/386 2618/859/478
f 2618/859/478 439/858/385 706/469/365 627/472/498 625/878/471
f 643/466/461 706/469/365 439/858/385 2656/857/528
f 382/460/346 643/466/461 2656/857/528 2652/856/1940
f 662/879/355 659/880/512 2613/854/477 435/853/383
f 666/881/358 662/879/355 435/853/383 2651/852/476
f 669/882/512 389/524/353 2660/873/384 577/872/477
f 636/481/506 633/831/503 2610/830/1937 432/851/382
f 631/832/501 666/881/358 2651/852/476 2611/829/341
f 703/475/510 636/481/506 432/851/382 2608/850/1936
f 638/476/348 703/475/510 2608/850/1936 2607/827/475
f 2652/856/1940 436/855/384 657/883/353 640/461/508 382/460/346
f 612/497/363 700/496/360 431/828/381 2605/822/527
f 605/505/463 603/819/482 2661/821/1939 2604/849/473
f 2663/823/474 2662/820/1893 601/520/480 692/491/516 615/490/489
f 695/506/465 605/505/463 2604/849/473 430/848/380
f 690/884/519 687/885/492 567/875/472 2639/874/386
f 562/546/469 559/545/467 566/861/344 2624/876/1938
f 565/846/471 690/884/519 2639/874/386 581/843/478
f 698/484/467 695/506/465 430/848/380 2655/847/344
f 557/549/465 554/886/463 569/863/473 568/862/380
f 2643/842/1940 2660/873/384 389/524/353 386/523/350 679/840/346
f 685/519/482 681/516/480 2628/865/1893 2627/864/1939
f 391/529/355 669/882/512 577/872/477 2636/871/383
f 672/887/489 400/536/363 2658/867/527 570/866/474
f 400/536/363 396/535/360 2659/837/381 2658/867/527
f 575/835/341 2633/870/1937 648/888/503 646/833/501
f 650/889/506 648/888/503 2633/870/1937 574/869/382
f 653/890/510 650/889/506 574/869/382 2631/868/1936
f 384/839/348 653/890/510 2631/868/1936 573/836/475
f 659/880/512 657/883/353 436/855/384 2613/854/477
f 552/555/461 402/554/365 580/844/385 2642/841/528
f 570/866/474 2628/865/1893 681/516/480 674/515/516 672/887/489
f 554/886/463 685/519/482 2627/864/1939 569/863/473
f 687/885/492 562/546/469 2624/876/1938 567/875/472
f 559/545/467 557/549/465 568/862/380 566/861/344
f 601/520/480 603/819/482 604/891/483 602/521/481
f 602/521/481 604/891/483 533/892/448 600/522/479
f 603/819/482 605/505/463 607/508/464 604/891/483
f 604/891/483 607/508/464 606/510/392 533/892/448
f 612/497/363 615/490/489 616/493/490 613/498/364
f 613/498/364 616/493/490 614/495/488 611/500/487
f 617/485/469 619/824/492 621/893/493 618/486/491
f 618/486/491 621/893/493 620/894/419 524/488/439
f 619/824/492 622/877/494 624/895/496 621/893/493
f 621/893/493 624/895/496 623/896/495 620/894/419
f 622/877/494 625/878/471 626/897/497 624/895/496
f 624/895/496 626/897/497 521/898/437 623/896/495
f 625/878/471 627/472/498 629/473/499 626/897/497
f 626/897/497 629/473/499 628/474/424 521/898/437
f 631/832/501 633/831/503 634/899/504 632/900/502
f 632/900/502 634/899/504 518/901/431 630/902/500
f 633/831/503 636/481/506 637/482/507 634/899/504
f 634/899/504 637/482/507 635/483/505 518/901/431
f 638/476/348 608/502/484 610/503/486 639/477/349
f 639/477/349 610/503/486 609/504/485 516/479/407
f 646/833/501 648/888/503 649/903/504 647/904/502
f 647/904/502 649/903/504 509/905/431 645/906/500
f 648/888/503 650/889/506 652/907/507 649/903/504
f 649/903/504 652/907/507 651/908/505 509/905/431
f 650/889/506 653/890/510 654/909/511 652/907/507
f 652/907/507 654/909/511 506/910/430 651/908/505
f 640/461/508 657/883/353 658/911/354 641/462/352
f 641/462/352 658/911/354 501/912/427 513/464/351
f 657/883/353 659/880/512 661/913/514 658/911/354
f 658/911/354 661/913/514 660/914/513 501/912/427
f 659/880/512 662/879/355 664/915/357 661/913/514
f 661/913/514 664/915/357 663/916/356 660/914/513
f 662/879/355 666/881/358 667/917/359 664/915/357
f 664/915/357 667/917/359 665/918/401 663/916/356
f 672/887/489 674/515/516 675/513/517 673/919/490
f 673/919/490 675/513/517 492/512/425 671/920/488
f 449/556/392 684/517/448 686/518/483 555/557/464
f 555/557/464 686/518/483 685/519/482 554/886/463
f 387/528/351 678/921/518 680/922/347 388/526/352
f 388/526/352 680/922/347 679/840/346 386/523/350
f 678/921/518 452/550/393 553/553/462 680/922/347
f 680/922/347 553/553/462 552/555/461 679/840/346
f 491/923/424 564/924/437 830/925/497 677/926/499
f 677/926/499 830/925/497 565/846/471 676/845/498
f 403/551/366 491/923/424 677/926/499 406/552/367
f 406/552/367 677/926/499 676/845/498 402/554/365
f 564/924/437 689/927/495 691/928/496 830/925/497
f 830/925/497 691/928/496 690/884/519 565/846/471
f 483/929/419 561/541/439 563/544/470 688/930/493
f 688/930/493 563/544/470 562/546/469 687/885/492
f 400/536/363 672/887/489 673/919/490 401/537/364
f 401/537/364 673/919/490 671/920/488 399/539/362
f 655/838/484 396/535/360 398/538/361 656/931/486
f 656/931/486 398/538/361 458/540/398 504/932/429
f 394/530/358 646/833/501 647/904/502 395/531/359
f 395/531/359 647/904/502 645/906/500 461/533/401
f 689/927/495 483/929/419 688/930/493 691/928/496
f 691/928/496 688/930/493 687/885/492 690/884/519
f 669/882/512 391/529/355 393/532/357 670/933/514
f 670/933/514 393/532/357 392/534/356 668/934/515
f 389/524/353 669/882/512 670/933/514 390/525/354
f 390/525/354 670/933/514 668/934/515 465/527/404
f 666/881/358 631/832/501 632/900/502 667/917/359
f 667/917/359 632/900/502 630/902/500 665/918/401
f 384/839/348 655/838/484 656/931/486 385/935/349
f 385/935/349 656/931/486 504/932/429 468/936/407
f 653/890/510 384/839/348 385/935/349 654/909/511
f 654/909/511 385/935/349 468/936/407 506/910/430
f 2679/937/1946 2678/938/529 724/939/529 767/940/549
f 2971/941/1975 2984/942/528 755/943/528 771/944/553
f 2669/945/528 2670/946/1943 762/947/544 731/948/528
f 3001/949/536 3000/950/1994 758/951/540 740/952/536
f 2973/953/1977 3001/949/536 740/952/536 763/954/545
f 2668/955/527 2667/956/527 734/957/527 728/958/527
f 2982/959/527 2668/955/527 728/958/527 730/960/527
f 2667/956/527 2673/961/527 714/962/527 734/957/527
f 2673/961/527 831/963/527 727/964/527 714/962/527
f 831/963/527 2621/965/527 725/966/527 727/964/527
f 2621/965/527 2620/967/527 722/968/527 725/966/527
f 2620/967/527 2983/969/527 719/970/527 722/968/527
f 2672/971/528 2669/945/528 731/948/528 729/972/528
f 2983/969/527 2623/973/527 717/974/527 719/970/527
f 2671/975/528 2672/971/528 729/972/528 744/976/528
f 2623/973/527 2622/977/527 745/978/527 717/974/527
f 2680/979/528 2671/975/528 744/976/528 746/980/528
f 2622/977/527 2665/981/527 716/982/527 745/978/527
f 2681/983/528 2680/979/528 746/980/528 747/984/528
f 2665/981/527 2664/985/527 748/986/527 716/982/527
f 2980/987/528 2681/983/528 747/984/528 750/988/528
f 2664/985/527 2666/989/527 751/990/527 748/986/527
f 795/991/528 2980/987/528 750/988/528 726/992/528
f 2674/993/528 795/991/528 726/992/528 723/994/528
f 2666/989/527 2677/995/1945 766/996/548 751/990/527
f 2675/997/528 2674/993/528 723/994/528 720/998/528
f 2977/999/1981 2982/959/527 730/960/527 759/1000/541
f 2615/1001/528 2675/997/528 720/998/528 754/1002/528
f 2678/938/529 2976/1003/1980 770/1004/552 724/939/529
f 2616/1005/528 2615/1001/528 754/1002/528 718/1006/528
f 2984/942/528 2682/1007/528 721/1008/528 755/943/528
f 2682/1007/528 2616/1005/528 718/1006/528 721/1008/528
f 2973/953/1977 763/954/545 765/1009/547 2580/1010/1916
f 2580/1011/1916 765/1012/547 764/1013/546 2587/1014/1923
f 2587/1014/1923 764/1013/546 762/947/544 2670/946/1943
f 758/951/540 3000/950/1994 2999/1015/1993 760/1016/542
f 760/1017/542 2999/1018/1993 2978/1019/1982 761/1020/543
f 761/1020/543 2978/1019/1982 2977/999/1981 759/1000/541
f 766/996/548 2677/995/1945 2676/1021/1944 768/1022/550
f 768/1022/550 2676/1021/1944 2581/1023/1917 769/1024/551
f 769/1025/551 2581/1026/1917 2679/937/1946 767/940/549
f 2971/941/1975 771/944/553 773/1027/555 2972/1028/1976
f 2972/1028/1976 773/1027/555 772/1029/554 2975/1030/1979
f 2975/1031/1979 772/1032/554 770/1004/552 2976/1003/1980
f 777/1033/558 774/1034/556 775/1035/557 776/1036/557
f 774/1034/556 778/1037/556 2560/1038/557 775/1035/557
f 776/1036/557 2559/1039/557 781/1040/558 777/1033/558
f 782/1041/559 779/1042/559 774/1034/556 777/1033/558
f 779/1042/559 785/1043/559 778/1037/556 774/1034/556
f 786/1044/557 2560/1038/557 778/1037/556 784/1045/556
f 780/1046/560 781/1040/558 2559/1039/557 2558/1047/1902
f 777/1033/558 781/1040/558 793/1048/559 782/1041/559
f 787/1049/338 783/1050/338 779/1042/559 782/1041/559
f 784/1045/556 778/1037/556 785/1043/559 797/1051/559
f 783/1050/338 794/1052/338 785/1043/559 779/1042/559
f 2557/1053/557 786/1044/557 784/1045/556 796/1054/556
f 788/1055/338 749/1056/338 783/1050/338 787/1049/338
f 789/1057/561 780/1046/560 2558/1047/1902 800/1058/565
f 790/1059/562 791/1060/563 789/1057/561 801/1061/566
f 791/1060/563 792/1062/564 780/1046/560 789/1057/561
f 792/1062/564 793/1048/559 781/1040/558 780/1046/560
f 798/1063/338 787/1049/338 782/1041/559 793/1048/559
f 749/1056/338 2981/1064/338 794/1052/338 783/1050/338
f 796/1054/556 784/1045/556 797/1051/559 805/1065/559
f 794/1052/338 803/1066/338 797/1051/559 785/1043/559
f 796/1054/556 804/1067/556 2556/1068/557 2557/1053/557
f 799/1069/338 788/1055/338 787/1049/338 798/1063/338
f 801/1061/566 789/1057/561 800/1058/565 808/1070/569
f 802/1071/567 790/1059/562 801/1061/566 809/1072/570
f 807/1073/525 798/1063/338 793/1048/559 792/1062/564 791/1060/563 790/1059/562 802/1071/567
f 2981/1064/338 715/1074/338 803/1066/338 794/1052/338
f 805/1065/559 811/1075/559 804/1067/556 796/1054/556
f 803/1066/338 810/1076/338 805/1065/559 797/1051/559
f 804/1067/556 806/1077/568 2555/1078/1901 2556/1068/557
f 743/1079/525 799/1069/338 798/1063/338 807/1073/525
f 809/1072/570 801/1061/566 808/1070/569 817/1080/575
f 807/1073/525 802/1071/567 809/1072/570 816/1081/526
f 715/1074/338 753/1082/338 810/1076/338 803/1066/338
f 811/1075/559 812/1083/571 806/1077/568 804/1067/556
f 812/1083/571 813/1084/572 815/1085/574 806/1077/568
f 810/1076/338 818/1086/338 811/1075/559 805/1065/559
f 813/1084/572 814/1087/573 820/1088/577 815/1085/574
f 806/1077/568 815/1085/574 821/1089/578 2555/1078/1901
f 742/1090/526 743/1079/525 807/1073/525 816/1081/526
f 816/1081/526 809/1072/570 817/1080/575 822/1091/579
f 753/1082/338 397/1092/338 818/1086/338 810/1076/338
f 818/1086/338 823/1093/522 819/1094/576 814/1087/573 813/1084/572 812/1083/571 811/1075/559
f 814/1087/573 819/1094/576 825/1095/580 820/1088/577
f 815/1085/574 820/1088/577 826/1096/581 821/1089/578
f 733/1097/530 742/1090/526 816/1081/526 822/1091/579
f 397/1092/338 824/1098/522 823/1093/522 818/1086/338
f 819/1094/576 823/1093/522 827/1099/523 825/1095/580
f 820/1088/577 825/1095/580 829/1100/582 826/1096/581
f 824/1098/522 828/1101/523 827/1099/523 823/1093/522
f 825/1095/580 827/1099/523 2554/1102/1900 829/1100/582
f 558/548/466 555/557/464 554/886/463 557/549/465
f 828/1101/523 735/1103/531 2554/1102/1900 827/1099/523
f 713/1104/526 407/1105/368 2553/1106/1899 832/1107/526
f 834/1108/526 832/1107/526 2553/1106/1899 2552/1109/1898
f 712/1110/525 713/1104/526 832/1107/526 835/1111/525
f 833/1112/583 834/1108/526 2552/1109/1898 836/1113/584
f 841/708/525 835/1111/525 832/1107/526 834/1108/526
f 732/1114/338 712/1110/525 835/1111/525 842/733/338
f 711/1115/524 710/1116/523 1784/1117/523 2597/1118/1930
f 837/1119/585 833/1112/583 836/1113/584 2596/1120/1929
f 838/711/586 839/710/587 837/1119/585 1785/1121/1336
f 839/710/587 840/709/588 833/1112/583 837/1119/585
f 840/709/588 841/708/525 834/1108/526 833/1112/583
f 2644/1122/338 732/1114/338 842/733/338 1787/732/338
f 710/1116/523 709/1123/522 1789/1124/522 1784/1117/523
f 2595/1125/1928 2597/1118/1930 1784/1117/523 1790/1126/523
f 1785/1121/1336 837/1119/585 2596/1120/1929 2594/1127/1927
f 1786/712/1337 838/711/586 1785/1121/1336 1793/1128/1339
f 841/708/525 445/707/388 561/1129/439 483/1130/419 689/1131/495 564/1132/437 491/734/424 842/733/338 835/1111/525
f 405/1133/338 2644/1122/338 1787/732/338 1795/1134/338
f 854/1135/599 852/1136/597 2683/1137/1947 1060/1138/624
f 846/1139/592 1024/1140/608 2951/1141/1968 1048/1142/592
f 847/1143/593 849/1144/594 2935/1145/1957 2934/1146/1956
f 1031/1147/615 853/1148/598 2685/1149/598 2947/1150/1967
f 853/1148/598 855/1151/598 2686/1152/598 2685/1149/598
f 843/1153/589 845/1154/591 2932/1155/1954 2933/1156/1955
f 852/1136/597 850/1157/595 2684/1158/1948 2683/1137/1947
f 851/1159/596 1028/1160/612 2943/1161/1963 1056/1162/623
f 849/1144/594 1032/1163/616 2945/1164/1965 2935/1145/1957
f 1035/1165/619 856/1166/600 1061/1167/625 2927/1168/1949
f 856/1166/600 854/1135/599 1060/1138/624 1061/1167/625
f 855/1151/598 1036/1169/620 2952/1170/1969 2686/1152/598
f 1027/1171/611 848/1172/592 2949/1173/592 2940/1174/1960
f 850/1157/595 851/1159/596 1056/1162/623 2684/1158/1948
f 844/1175/590 843/1153/589 2933/1156/1955 2930/1176/1952
f 848/1172/592 846/1177/592 1048/1178/592 2949/1173/592
f 845/1154/591 847/1143/593 2934/1146/1956 2932/1155/1954
f 2688/1179/606 2690/1180/606 2692/1181/606 2687/1182/606
f 2691/1180/603 2693/1183/603 2695/1184/603 865/1181/603
f 2694/1183/604 2696/1185/604 2698/1186/604 869/1184/604
f 2697/1185/602 2689/1179/602 863/1182/602 867/1186/602
f 868/1185/338 870/1183/338 866/1180/338 864/1179/338
f 2700/1187/606 2702/1188/606 2704/1189/606 2699/1190/606
f 2703/1188/603 2705/1191/603 2707/1192/603 873/1189/603
f 2706/1191/604 2708/1193/604 2710/1194/604 877/1192/604
f 2709/1193/602 2701/1187/602 871/1190/602 875/1194/602
f 876/1193/338 878/1191/338 874/1188/338 872/1187/338
f 2712/1195/606 2714/1196/606 2716/1197/606 2711/1198/606
f 2715/1196/603 2717/1199/603 2719/1200/603 881/1197/603
f 2718/1199/604 2720/1201/604 2722/1202/604 885/1200/604
f 2721/1201/602 2713/1195/602 879/1198/602 883/1202/602
f 884/1201/338 886/1199/338 882/1196/338 880/1195/338
f 2724/1203/606 2726/1204/606 2728/1205/606 2723/1206/606
f 2727/1204/603 2729/1207/603 2731/1208/603 889/1205/603
f 2730/1207/604 2732/1209/604 2734/1210/604 893/1208/604
f 2733/1209/602 2725/1203/602 887/1206/602 891/1210/602
f 892/1209/605 894/1207/605 890/1204/605 888/1203/605
f 2736/1211/606 2738/1212/606 2740/1213/606 2735/1214/606
f 2739/1212/603 2741/1215/603 2743/1216/603 897/1213/603
f 2742/1215/604 2744/1217/604 2746/1218/604 901/1216/604
f 2745/1217/602 2737/1211/602 895/1214/602 899/1218/602
f 900/1217/605 902/1215/605 898/1212/605 896/1211/605
f 2748/1219/606 2750/1220/606 2752/1221/606 2747/1222/606
f 2751/1220/603 2753/1223/603 2755/1224/603 905/1221/603
f 2754/1223/604 2756/1225/604 2758/1226/604 909/1224/604
f 2757/1225/602 2749/1219/602 903/1222/602 907/1226/602
f 908/1225/605 910/1223/605 906/1220/605 904/1219/605
f 2760/1227/606 2762/1228/606 2764/1229/606 2759/1230/606
f 2763/1228/603 2765/1231/603 2767/1232/603 913/1229/603
f 2766/1231/604 2768/1233/604 2770/1234/604 917/1232/604
f 2769/1233/602 2761/1227/602 911/1230/602 915/1234/602
f 916/1233/338 918/1231/338 914/1228/338 912/1227/338
f 2772/1235/606 2774/1236/606 2776/1237/606 2771/1238/606
f 2775/1236/603 2777/1239/603 2779/1240/603 921/1237/603
f 2778/1239/604 2780/1241/604 2782/1242/604 925/1240/604
f 2781/1241/602 2773/1235/602 919/1238/602 923/1242/602
f 924/1241/338 926/1239/338 922/1236/338 920/1235/338
f 2784/1243/606 2786/1244/606 2788/1245/606 2783/1246/606
f 2787/1244/603 2789/1247/603 2791/1248/603 929/1245/603
f 2790/1247/604 2792/1249/604 2794/1250/604 933/1248/604
f 2793/1249/602 2785/1243/602 927/1246/602 931/1250/602
f 932/1249/338 934/1247/338 930/1244/338 928/1243/338
f 2796/1251/606 2798/1252/606 2800/1253/606 2795/1254/606
f 2799/1252/603 2801/1255/603 2803/1256/603 937/1253/603
f 2802/1255/604 2804/1257/604 2806/1258/604 941/1256/604
f 2805/1257/602 2797/1251/602 935/1254/602 939/1258/602
f 940/1257/338 942/1255/338 938/1252/338 936/1251/338
f 2808/1259/606 2810/1260/606 2812/1261/606 2807/1262/606
f 2811/1260/603 2813/1263/603 2815/1264/603 945/1261/603
f 2814/1263/604 2816/1265/604 2818/1266/604 949/1264/604
f 2817/1265/602 2809/1259/602 943/1262/602 947/1266/602
f 948/1265/338 950/1263/338 946/1260/338 944/1259/338
f 2820/1267/606 2822/1268/606 2824/1269/606 2819/1270/606
f 2823/1268/603 2825/1271/603 2827/1272/603 953/1269/603
f 2826/1271/604 2828/1273/604 2830/1274/604 957/1272/604
f 2829/1273/602 2821/1267/602 951/1270/602 955/1274/602
f 956/1273/338 958/1271/338 954/1268/338 952/1267/338
f 2832/1275/606 2834/1276/606 2836/1277/606 2831/1278/606
f 2835/1276/603 2837/1279/603 2839/1280/603 961/1277/603
f 2838/1279/604 2840/1281/604 2842/1282/604 965/1280/604
f 2841/1281/602 2833/1275/602 959/1278/602 963/1282/602
f 964/1281/338 966/1279/338 962/1276/338 960/1275/338
f 2844/1283/606 2846/1284/606 2848/1285/606 2843/1286/606
f 2847/1284/603 2849/1287/603 2851/1288/603 969/1285/603
f 2850/1287/604 2852/1289/604 2854/1290/604 973/1288/604
f 2853/1289/602 2845/1283/602 967/1286/602 971/1290/602
f 972/1289/338 974/1287/338 970/1284/338 968/1283/338
f 2856/1291/606 2858/1292/606 2860/1293/606 2855/1294/606
f 2859/1292/603 2861/1295/603 2863/1296/603 977/1293/603
f 2862/1295/604 2864/1297/604 2866/1298/604 981/1296/604
f 2865/1297/602 2857/1291/602 975/1294/602 979/1298/602
f 980/1297/338 982/1295/338 978/1292/338 976/1291/338
f 2868/1299/606 2870/1300/606 2872/1301/606 2867/1302/606
f 2871/1300/603 2873/1303/603 2875/1304/603 985/1301/603
f 2874/1303/604 2876/1305/604 2878/1306/604 989/1304/604
f 2877/1305/602 2869/1299/602 983/1302/602 987/1306/602
f 988/1305/338 990/1303/338 986/1300/338 984/1299/338
f 2880/1307/606 2882/1308/606 2884/1309/606 2879/1310/606
f 2883/1308/603 2885/1311/603 2887/1312/603 993/1309/603
f 2886/1311/604 2888/1313/604 2890/1314/604 997/1312/604
f 2889/1313/602 2881/1307/602 991/1310/602 995/1314/602
f 996/1313/338 998/1311/338 994/1308/338 992/1307/338
f 2892/1315/606 2894/1316/606 2896/1317/606 2891/1318/606
f 2895/1316/603 2897/1319/603 2899/1320/603 1001/1317/603
f 2898/1319/604 2900/1321/604 2902/1322/604 1005/1320/604
f 2901/1321/602 2893/1315/602 999/1318/602 1003/1322/602
f 1004/1321/338 1006/1319/338 1002/1316/338 1000/1315/338
f 2904/1323/606 2906/1324/606 2908/1325/606 2903/1326/606
f 2907/1324/603 2909/1327/603 2911/1328/603 1009/1325/603
f 2910/1327/604 2912/1329/604 2914/1330/604 1013/1328/604
f 2913/1329/602 2905/1323/602 1007/1326/602 1011/1330/602
f 1012/1329/338 1014/1327/338 1010/1324/338 1008/1323/338
f 2915/1331/338 2920/1332/338 2923/1333/338 2917/1334/338
f 2916/1331/602 2918/1334/602 2926/1335/602 2919/1336/602
f 2921/1332/604 1017/1331/604 1018/1336/604 2922/1337/604
f 2924/1333/603 1015/1332/603 1016/1337/603 2925/1338/603
f 1021/1334/606 1019/1333/606 1020/1338/606 1022/1335/606
f 2951/1141/1968 1024/1140/608 1026/1339/610 2939/1340/1959
f 2939/1340/1959 1026/1339/610 1025/1341/609 2938/1342/1958
f 2938/1342/1958 1025/1341/609 1023/1343/607 2931/1344/1953
f 1027/1171/611 2940/1174/1960 2941/1345/1961 1029/1346/613
f 1029/1346/613 2941/1345/1961 2942/1347/1962 1030/1348/614
f 1030/1348/614 2942/1347/1962 2943/1161/1963 1028/1160/612
f 2945/1164/1965 1032/1163/616 1034/1349/618 2944/1350/1964
f 2944/1350/1964 1034/1349/618 1033/1351/617 2946/1352/1966
f 2946/1352/1966 1033/1351/617 1031/1147/615 2947/1150/1967
f 1035/1165/619 2927/1168/1949 2928/1353/1950 1037/1354/621
f 1037/1354/621 2928/1353/1950 2929/1355/1951 1038/1356/622
f 1038/1356/622 2929/1355/1951 2952/1170/1969 1036/1169/620
f 1023/1343/607 844/1175/590 2930/1176/1952 2931/1344/1953
f 857/1357/601 1044/1358/601 1046/1359/601 1047/1360/601
f 858/1361/601 1052/1362/601 2948/1363/601 1064/1364/601 1066/1365/601 1067/1366/601 1065/1367/601
f 1044/1358/601 1045/1368/601 1050/1369/601 1046/1359/601
f 1047/1360/601 1046/1359/601 1051/1370/601 1052/1362/601
f 2950/1371/601 1047/1360/601 1052/1362/601 858/1361/601
f 1045/1368/601 1049/1372/601 1054/1373/601 1050/1369/601
f 1046/1359/601 1050/1369/601 1055/1374/601 1051/1370/601
f 1052/1362/601 1051/1370/601 859/1375/601 2948/1363/601
f 1053/1376/601 1068/1377/601 1070/1378/601 1071/1379/601 1069/1380/601 861/1381/601 1057/1382/601
f 1049/1372/601 1053/1376/601 1057/1382/601 1054/1373/601
f 1050/1369/601 1054/1373/601 1058/1383/601 1055/1374/601
f 1051/1370/601 1055/1374/601 860/1384/601 859/1375/601
f 1059/1385/601 862/1386/601 1072/1387/601 1042/1388/601 1043/1389/601 1041/1390/601 2936/1391/601
f 1054/1373/601 1057/1382/601 1059/1385/601 1058/1383/601
f 1055/1374/601 1058/1383/601 2937/1392/601 860/1384/601
f 1057/1382/601 861/1381/601 862/1386/601 1059/1385/601
f 1058/1383/601 1059/1385/601 2936/1391/601 2937/1392/601
f 1039/1393/601 1062/1394/601 1063/1395/601 1040/1396/601 857/1357/601 1047/1360/601 2950/1371/601
f 1401/1397/954 1323/1398/876 1319/1399/872 1400/1400/953
f 1128/1401/681 1136/1402/689 1141/1403/694 1134/1404/687
f 1085/1405/638 1366/1406/919 1731/1407/1283 1435/1408/987
f 1213/1409/766 1094/1410/647 1218/1411/771
f 1384/1412/937 1382/1413/935 1408/1414/961 1415/1415/968
f 1395/1416/948 1396/1417/949 1399/1418/952 1397/1419/950
f 1188/1420/741 1185/1421/738 1164/1422/717 1155/1423/708
f 1073/1424/626 1363/1425/916 1350/1426/903
f 1393/1427/946 1394/1428/947 1759/1429/1311 1760/1430/1312
f 1080/1431/633 1356/1432/909 1362/1433/915 1115/1434/668
f 1209/1435/762 1092/1436/645 1095/1437/648 1212/1438/765
f 1099/1439/652 1125/1440/678 1130/1441/683 1104/1442/657
f 1392/1443/945 1391/1444/944 1394/1428/947 1393/1427/946
f 1100/1445/653 1120/1446/673 1096/1447/649
f 1123/1448/676 1073/1424/626 1129/1449/682
f 1182/1450/735 1171/1451/724 1158/1452/711 1157/1453/710
f 1189/1454/742 1192/1455/745 1195/1456/748 1190/1457/743
f 1181/1458/734 1168/1459/721 1171/1451/724 1182/1450/735
f 1134/1404/687 1141/1403/694 1139/1460/692 1131/1461/684
f 1176/1462/729 1175/1463/728 1160/1464/713 1167/1465/720
f 1098/1466/651 1368/1467/921 1372/1468/925 1101/1469/654
f 1231/1470/784 1103/1471/656 1108/1472/661 1236/1473/789
f 1107/1474/660 1074/1475/627 1075/1476/628 1111/1477/664
f 1102/1478/655 1371/1479/924 1364/1480/917 1105/1481/658
f 1237/1482/790 1107/1474/660 1111/1477/664 1242/1483/795
f 1175/1463/728 1176/1462/729 1179/1484/732 1172/1485/725
f 1145/1486/698 1138/1487/691 1140/1488/693 1146/1489/699
f 1395/1416/948 1358/1490/911 1396/1417/949
f 1106/1491/659 1374/1492/927 1379/1493/932 1109/1494/662
f 1378/1495/931 1357/1496/910 1358/1490/911
f 1378/1495/931 1347/1497/900 1351/1498/904 1320/1499/873
f 1151/1500/704 1144/1501/697 1147/1502/700 1152/1503/705
f 1375/1504/928 1337/1505/890 1338/1506/891 1089/1507/642
f 1315/1508/868 1344/1509/897 1352/1510/905 1320/1499/873
f 1114/1511/667 1113/1512/666 1117/1513/670 1118/1514/671
f 1317/1515/870 1311/1516/864 1305/1517/858 1309/1518/862
f 1187/1519/740 1180/1520/733 1183/1521/736 1184/1522/737
f 1170/1523/723 1177/1524/730 1166/1525/719 1159/1526/712
f 1184/1522/737 1183/1521/736 1156/1527/709 1165/1528/718
f 1080/1431/633 1081/1529/634 1332/1530/885 1331/1531/884
f 1078/1532/631 1086/1533/639 1436/1534/988 1424/1535/976
f 1115/1434/668 1119/1536/672 1081/1529/634 1080/1431/633
f 1331/1531/884 1345/1537/898 1356/1432/909 1080/1431/633
f 1225/1538/778 1099/1439/652 1104/1442/657 1230/1539/783
f 1691/1540/1243 1332/1530/885 1081/1529/634 1428/1541/980
f 1428/1541/980 1081/1529/634 1119/1536/672 1472/1542/1024
f 1096/1447/649 1365/1543/918 1369/1544/922 1097/1545/650
f 1076/1546/629 1077/1547/630 1078/1532/631 1290/1548/843
f 1094/1410/647 1079/1549/632 1218/1411/771
f 1077/1547/630 1082/1550/635 1086/1533/639 1078/1532/631
f 1103/1471/656 1090/1551/643 1091/1552/644 1108/1472/661
f 1219/1553/772 1120/1446/673 1100/1445/653
f 1290/1548/843 1078/1532/631 1424/1535/976 1423/1554/338
f 1100/1445/653 1096/1447/649 1088/1555/641
f 1181/1458/734 1226/1556/779 1233/1557/786 1168/1459/721
f 1219/1553/772 1100/1445/653 1224/1558/777
f 1075/1476/628 1074/1475/627 1106/1491/659 1109/1494/662
f 1075/1476/628 1137/1559/690 1110/1560/663 1111/1477/664
f 1192/1455/745 1189/1454/742 1154/1561/707 1163/1562/716
f 1187/1519/740 1220/1563/773 1227/1564/780 1180/1520/733
f 1096/1447/649 1120/1446/673 1079/1549/632 1334/1565/887
f 1132/1566/685 1121/1567/674 1127/1568/680 1133/1569/686
f 1118/1514/671 1117/1513/670 1470/1570/1022 1473/1571/1025
f 1122/1572/675 1370/1573/923 1367/1574/920 1353/1575/906
f 1210/1576/763 1217/1577/770 1215/1578/768 1206/1579/759
f 1084/1580/637 1349/1581/902 1353/1575/906 1083/1582/636
f 1073/1424/626 1124/1583/677 1354/1584/907 1363/1425/916
f 1128/1401/681 1073/1424/626 1136/1402/689
f 1146/1489/699 1140/1488/693 1135/1585/688 1143/1586/696
f 1152/1503/705 1147/1502/700 1142/1587/695 1149/1588/702
f 1135/1585/688 1073/1424/626 1143/1586/696
f 1142/1587/695 1073/1424/626 1149/1588/702
f 1086/1533/639 1082/1550/635 1084/1580/637 1087/1589/640
f 1087/1589/640 1084/1580/637 1083/1582/636 1085/1405/638
f 1130/1441/683 1090/1551/643 1103/1471/656 1104/1442/657
f 1095/1437/648 1092/1436/645 1361/1590/914 1346/1591/899
f 1133/1569/686 1127/1568/680 1123/1448/676 1129/1449/682
f 1082/1550/635 1354/1584/907 1349/1581/902 1084/1580/637
f 1436/1534/988 1086/1533/639 1087/1589/640 1437/1592/989
f 1437/1592/989 1087/1589/640 1085/1405/638 1435/1408/987
f 1091/1552/644 1090/1551/643 1102/1478/655 1105/1481/658
f 1179/1484/732 1238/1593/791 1245/1594/798 1172/1485/725
f 1185/1421/738 1188/1420/741 1191/1595/744 1186/1596/739
f 1191/1595/744 1214/1597/767 1221/1598/774 1186/1596/739
f 1195/1456/748 1206/1579/759 1215/1578/768 1190/1457/743
f 1177/1524/730 1170/1523/723 1169/1599/722 1178/1600/731
f 1169/1599/722 1232/1601/785 1239/1602/792 1178/1600/731
f 1199/1603/752 1198/1604/751 1281/1605/834 1280/1606/833
f 1338/1506/891 1337/1505/890 1201/1607/754 1200/1608/753
f 1213/1409/766 1218/1411/771 1223/1609/776 1216/1610/769
f 1205/1611/758 1204/1612/757 1287/1613/840 1286/1614/839
f 1216/1610/769 1223/1609/776 1221/1598/774 1214/1597/767
f 1228/1615/781 1222/1616/775 1219/1553/772 1224/1558/777
f 1234/1617/787 1229/1618/782 1225/1538/778 1230/1539/783
f 1227/1564/780 1220/1563/773 1222/1616/775 1228/1615/781
f 1231/1470/784 1236/1473/789 1241/1619/794 1235/1620/788
f 1233/1557/786 1226/1556/779 1229/1618/782 1234/1617/787
f 1235/1620/788 1241/1619/794 1239/1602/792 1232/1601/785
f 1237/1482/790 1242/1483/795 1247/1621/800 1240/1622/793
f 1240/1622/793 1247/1621/800 1245/1594/798 1238/1593/791
f 1342/1623/895 1341/1624/894 1249/1625/802 1248/1626/801
f 1325/1627/878 1388/1628/941 1261/1629/814 1260/1630/813
f 1351/1498/904 1347/1497/900 1255/1631/808 1254/1632/807
f 1253/1633/806 1252/1634/805 1279/1635/832 1278/1636/831
f 1259/1637/812 1258/1638/811 1273/1639/826 1272/1640/825
f 1265/1641/818 1264/1642/817 1269/1643/822 1268/1644/821
f 1360/1645/913 1359/1646/912 1267/1647/820 1266/1648/819
f 1197/1649/750 1196/1650/749 1198/1604/751 1199/1603/752
f 1209/1435/762 1212/1438/765 1217/1577/770 1210/1576/763
f 1200/1608/753 1201/1607/754 1196/1650/749 1197/1649/750
f 1248/1626/801 1249/1625/802 1203/1651/756 1202/1652/755
f 1202/1652/755 1203/1651/756 1204/1612/757 1205/1611/758
f 1254/1632/807 1255/1631/808 1251/1653/804 1250/1654/803
f 1250/1654/803 1251/1653/804 1252/1634/805 1253/1633/806
f 1257/1655/810 1256/1656/809 1258/1638/811 1259/1637/812
f 1260/1630/813 1261/1629/814 1256/1656/809 1257/1655/810
f 1263/1657/816 1262/1658/815 1264/1642/817 1265/1641/818
f 1266/1648/819 1267/1647/820 1262/1658/815 1263/1657/816
f 1298/1659/851 1297/1660/850 1271/1661/824 1270/1662/823
f 1292/1663/845 1291/1664/844 1275/1665/828 1274/1666/827
f 1296/1667/849 1295/1668/848 1277/1669/830 1276/1670/829
f 1283/1671/836 1282/1672/835 1289/1673/842 1288/1674/841
f 1294/1675/847 1293/1676/846 1285/1677/838 1284/1678/837
f 1286/1614/839 1287/1613/840 1284/1678/837 1285/1677/838
f 1270/1662/823 1271/1661/824 1268/1644/821 1269/1643/822
f 1278/1636/831 1279/1635/832 1276/1670/829 1277/1669/830
f 1274/1666/827 1275/1665/828 1272/1640/825 1273/1639/826
f 1282/1672/835 1283/1671/836 1280/1606/833 1281/1605/834
f 1302/1679/855 1301/1680/854 1406/1681/959 1416/1682/969
f 1308/1683/861 1307/1684/860 1414/1685/967 1413/1686/966
f 1314/1687/867 1313/1688/866 1411/1689/964 1410/1690/963
f 1304/1691/857 1303/1692/856 1300/1693/853 1299/1694/852
f 1299/1694/852 1300/1693/853 1301/1680/854 1302/1679/855
f 1306/1695/859 1305/1517/858 1307/1684/860 1308/1683/861
f 1123/1448/676 1124/1583/677 1073/1424/626
f 1128/1401/681 1129/1449/682 1073/1424/626
f 1135/1585/688 1136/1402/689 1073/1424/626
f 1142/1587/695 1143/1586/696 1073/1424/626
f 1148/1696/701 1149/1588/702 1073/1424/626
f 1310/1697/863 1309/1518/862 1305/1517/858 1306/1695/859
f 1115/1434/668 1362/1433/915 1346/1591/899 1114/1511/667
f 1093/1698/646 1355/1699/908 1361/1700/914 1092/1701/645
f 1098/1466/651 1125/1440/678 1088/1555/641 1097/1545/650
f 1102/1478/655 1090/1551/643 1130/1441/683 1101/1469/654
f 1106/1491/659 1074/1475/627 1091/1552/644 1105/1481/658
f 1336/1702/889 1137/1559/690 1075/1476/628 1109/1494/662
f 1319/1399/872 1318/1703/871 1322/1704/875 1321/1705/874
f 1317/1515/870 1316/1706/869 1312/1707/865 1311/1516/864
f 1323/1398/876 1324/1708/877 1318/1703/871 1319/1399/872
f 1311/1516/864 1312/1707/865 1313/1688/866 1314/1687/867
f 1324/1708/877 1323/1398/876 1412/1709/965 1407/1710/960
f 1327/1711/880 1326/1712/879 1681/1713/1233 1680/1714/1232
f 1326/1712/879 1327/1711/880 1329/1715/882 1328/1716/881
f 1339/1717/892 1340/1718/893 1375/1504/928 1089/1507/642
f 1119/1536/672 1115/1434/668 1114/1511/667 1118/1514/671
f 1117/1719/670 1113/1720/666 1112/1721/665 1116/1722/669
f 1470/1723/1022 1117/1719/670 1116/1722/669 1471/1724/1023
f 1118/1514/671 1473/1571/1025 1472/1542/1024 1119/1536/672
f 1121/1567/674 1365/1543/918 1370/1573/923 1122/1572/675
f 1134/1404/687 1131/1461/684 1132/1566/685 1133/1569/686
f 1122/1572/675 1126/1725/679 1127/1568/680 1121/1567/674
f 1128/1401/681 1134/1404/687 1133/1569/686 1129/1449/682
f 1126/1725/679 1124/1583/677 1123/1448/676 1127/1568/680
f 1135/1585/688 1140/1488/693 1141/1403/694 1136/1402/689
f 1140/1488/693 1138/1487/691 1139/1460/692 1141/1403/694
f 1147/1502/700 1144/1501/697 1145/1486/698 1146/1489/699
f 1142/1587/695 1147/1502/700 1146/1489/699 1143/1586/696
f 1153/1726/706 1150/1727/703 1151/1500/704 1152/1503/705
f 1148/1696/701 1153/1726/706 1152/1503/705 1149/1588/702
f 1343/1728/896 1344/1509/897 1315/1508/868 1377/1729/930
f 1352/1510/905 1357/1496/910 1378/1495/931 1320/1499/873
f 1131/1461/684 1368/1467/921 1369/1544/922 1132/1566/685
f 1138/1487/691 1371/1479/924 1372/1468/925 1139/1460/692
f 1144/1501/697 1374/1492/927 1364/1480/917 1145/1486/698
f 1150/1727/703 1376/1730/929 1379/1493/932 1151/1500/704
f 1328/1716/881 1329/1715/882 1398/1731/951 1404/1732/957
f 1304/1691/857 1073/1424/626 1303/1692/856
f 1310/1697/863 1073/1424/626 1309/1518/862
f 1317/1515/870 1073/1424/626 1316/1706/869
f 1173/1733/726 1174/1734/727 1175/1463/728 1172/1485/725
f 1177/1524/730 1178/1600/731 1179/1484/732 1176/1462/729
f 1185/1421/738 1186/1596/739 1187/1519/740 1184/1522/737
f 1181/1458/734 1182/1450/735 1183/1521/736 1180/1520/733
f 1189/1454/742 1190/1457/743 1191/1595/744 1188/1420/741
f 1193/1735/746 1194/1736/747 1195/1737/748 1192/1738/745
f 1322/1704/875 1073/1424/626 1321/1705/874
f 1169/1599/722 1170/1523/723 1171/1451/724 1168/1459/721
f 1158/1452/711 1171/1451/724 1170/1523/723 1159/1526/712
f 1176/1462/729 1167/1465/720 1166/1525/719 1177/1524/730
f 1156/1527/709 1183/1521/736 1182/1450/735 1157/1453/710
f 1174/1734/727 1161/1739/714 1160/1464/713 1175/1463/728
f 1164/1422/717 1185/1421/738 1184/1522/737 1165/1528/718
f 1154/1561/707 1189/1454/742 1188/1420/741 1155/1423/708
f 1162/1740/715 1193/1735/746 1192/1738/745 1163/1741/716
f 1211/1742/764 1208/1743/761 1209/1744/762 1210/1745/763
f 1213/1409/766 1216/1610/769 1217/1577/770 1212/1438/765
f 1207/1746/760 1211/1742/764 1210/1745/763 1206/1747/759
f 1216/1610/769 1214/1597/767 1215/1578/768 1217/1577/770
f 1219/1553/772 1222/1616/775 1223/1609/776 1218/1411/771
f 1222/1616/775 1220/1563/773 1221/1598/774 1223/1609/776
f 1229/1618/782 1226/1556/779 1227/1564/780 1228/1615/781
f 1225/1538/778 1229/1618/782 1228/1615/781 1224/1558/777
f 1235/1620/788 1232/1601/785 1233/1557/786 1234/1617/787
f 1231/1470/784 1235/1620/788 1234/1617/787 1230/1539/783
f 1237/1482/790 1240/1622/793 1241/1619/794 1236/1473/789
f 1240/1622/793 1238/1593/791 1239/1602/792 1241/1619/794
f 1243/1748/796 1246/1749/799 1247/1621/800 1242/1483/795
f 1246/1749/799 1244/1750/797 1245/1594/798 1247/1621/800
f 1208/1743/761 1093/1698/646 1092/1701/645 1209/1744/762
f 1094/1410/647 1213/1409/766 1212/1438/765 1095/1437/648
f 1194/1736/747 1207/1746/760 1206/1747/759 1195/1737/748
f 1214/1597/767 1191/1595/744 1190/1457/743 1215/1578/768
f 1220/1563/773 1187/1519/740 1186/1596/739 1221/1598/774
f 1226/1556/779 1181/1458/734 1180/1520/733 1227/1564/780
f 1099/1439/652 1225/1538/778 1224/1558/777 1100/1445/653
f 1120/1446/673 1219/1553/772 1218/1411/771 1079/1549/632
f 1103/1471/656 1231/1470/784 1230/1539/783 1104/1442/657
f 1232/1601/785 1169/1599/722 1168/1459/721 1233/1557/786
f 1107/1474/660 1237/1482/790 1236/1473/789 1108/1472/661
f 1238/1593/791 1179/1484/732 1178/1600/731 1239/1602/792
f 1110/1560/663 1243/1748/796 1242/1483/795 1111/1477/664
f 1244/1750/797 1173/1733/726 1172/1485/725 1245/1594/798
f 1208/1743/761 1211/1742/764 1262/1658/815 1267/1647/820
f 1197/1649/750 1199/1603/752 1244/1750/797 1246/1749/799
f 1200/1608/753 1197/1649/750 1246/1749/799 1243/1748/796
f 1202/1652/755 1205/1611/758 1198/1604/751 1196/1650/749
f 1204/1612/757 1203/1651/756 1250/1654/803 1253/1633/806
f 1248/1626/801 1202/1652/755 1196/1650/749 1201/1607/754
f 1252/1634/805 1251/1653/804 1257/1655/810 1259/1637/812
f 1203/1651/756 1249/1625/802 1254/1632/807 1250/1654/803
f 1251/1653/804 1255/1631/808 1260/1630/813 1257/1655/810
f 1263/1657/816 1265/1641/818 1258/1638/811 1256/1656/809
f 1266/1648/819 1263/1657/816 1256/1656/809 1261/1629/814
f 1286/1614/839 1281/1605/834 1198/1604/751 1205/1611/758
f 1282/1672/835 1281/1605/834 1286/1614/839 1285/1677/838
f 1194/1736/747 1269/1643/822 1264/1642/817 1207/1746/760
f 1268/1644/821 1273/1639/826 1258/1638/811 1265/1641/818
f 1274/1666/827 1273/1639/826 1268/1644/821 1271/1661/824
f 1280/1606/833 1173/1733/726 1244/1750/797 1199/1603/752
f 1375/1504/928 1340/1718/893 1343/1728/896 1377/1729/930
f 1130/1441/683 1125/1440/678 1098/1466/651 1101/1469/654
f 1738/1751/1290 1741/1752/1293 1382/1413/935 1380/1753/933
f 1091/1552/644 1074/1475/627 1107/1474/660 1108/1472/661
f 1088/1555/641 1125/1440/678 1099/1439/652 1100/1445/653
f 1740/1754/1292 1738/1751/1290 1380/1753/933 1381/1755/934
f 1385/1756/938 1383/1757/936 1400/1400/953 1402/1758/955
f 1312/1707/865 1316/1706/869 1322/1704/875 1318/1703/871
f 1088/1555/641 1096/1447/649 1097/1545/650
f 1359/1646/912 1398/1731/951 1355/1699/908 1093/1698/646
f 1315/1508/868 1341/1624/894 1342/1623/895 1377/1729/930
f 1380/1753/933 1382/1413/935 1384/1412/937 1383/1757/936
f 1381/1755/934 1380/1753/933 1383/1757/936 1385/1756/938
f 1304/1691/857 1148/1696/701 1073/1424/626
f 1310/1697/863 1303/1692/856 1073/1424/626
f 1153/1726/706 1148/1696/701 1304/1691/857 1299/1694/852
f 1300/1693/853 1303/1692/856 1310/1697/863 1306/1695/859
f 1317/1515/870 1309/1518/862 1073/1424/626
f 1073/1424/626 1405/1759/958 1402/1758/955 1321/1705/874
f 1383/1757/936 1384/1412/937 1401/1397/954 1400/1400/953
f 1211/1742/764 1207/1746/760 1264/1642/817 1262/1658/815
f 1323/1398/876 1401/1397/954 1409/1760/962 1412/1709/965
f 1327/1711/880 1680/1714/1232 1471/1724/1023 1116/1722/669
f 1313/1688/866 1312/1707/865 1318/1703/871 1324/1708/877
f 1358/1490/911 1395/1416/948 1388/1628/941 1325/1627/878
f 1272/1640/825 1279/1635/832 1252/1634/805 1259/1637/812
f 1193/1735/746 1162/1740/715 1298/1659/851 1270/1662/823
f 1137/1559/690 1336/1702/889 1339/1717/892 1089/1507/642
f 1260/1630/813 1255/1631/808 1347/1497/900
f 1278/1636/831 1287/1613/840 1204/1612/757 1253/1633/806
f 1347/1497/900 1378/1495/931 1358/1490/911
f 1290/1548/843 1423/1554/338 1752/1761/1304 1389/1762/942
f 1260/1630/813 1347/1497/900 1325/1627/878
f 1342/1623/895 1337/1505/890 1375/1504/928 1377/1729/930
f 1390/1763/943 1389/1762/942 1381/1755/934 1385/1756/938
f 1360/1645/913 1261/1629/814 1388/1628/941
f 1334/1565/887 1335/1764/888 1096/1447/649
f 1076/1546/629 1290/1548/843 1389/1762/942 1390/1763/943
f 1331/1531/884 1332/1530/885 1333/1765/886 1330/1766/883
f 1332/1530/885 1691/1540/1243 1690/1767/1242 1333/1765/886
f 1334/1565/887 1345/1537/898 1348/1768/901 1335/1764/888
f 1358/1490/911 1357/1496/910 1411/1689/964 1407/1710/960
f 1748/1769/1300 1681/1713/1233 1326/1712/879 1386/1770/939
f 1760/1430/1312 1748/1769/1300 1386/1770/939 1393/1427/946
f 1083/1582/636 1373/1771/926 1366/1406/919 1085/1405/638
f 1254/1632/807 1249/1625/802 1341/1624/894 1351/1498/904
f 1392/1443/945 1387/1772/940 1403/1773/956 1397/1419/950
f 1361/1700/914 1355/1699/908 1112/1721/665 1113/1720/666
f 1328/1716/881 1387/1772/940 1386/1770/939 1326/1712/879
f 1353/1575/906 1349/1581/902 1126/1725/679 1122/1572/675
f 1389/1762/942 1752/1761/1304 1740/1754/1292 1381/1755/934
f 1356/1432/909 1345/1537/898 1334/1565/887 1079/1549/632
f 1387/1772/940 1392/1443/945 1393/1427/946 1386/1770/939
f 1346/1591/899 1361/1590/914 1113/1512/666 1114/1511/667
f 1349/1581/902 1354/1584/907 1124/1583/677 1126/1725/679
f 1346/1591/899 1362/1433/915 1094/1410/647 1095/1437/648
f 1275/1665/828 1291/1664/844 1296/1667/849 1276/1670/829
f 1285/1677/838 1293/1676/846 1289/1673/842 1282/1672/835
f 1353/1575/906 1367/1574/920 1373/1771/926 1083/1582/636
f 1362/1433/915 1356/1432/909 1079/1549/632 1094/1410/647
f 1272/1640/825 1275/1665/828 1276/1670/829 1279/1635/832
f 1350/1426/903 1363/1425/916 1077/1547/630 1076/1546/629
f 1363/1425/916 1354/1584/907 1082/1550/635 1077/1547/630
f 1329/1715/882 1327/1711/880 1116/1722/669 1112/1721/665
f 1150/1727/703 1153/1726/706 1299/1694/852 1302/1679/855
f 1348/1768/901 1345/1537/898 1331/1531/884 1330/1766/883
f 1372/1468/925 1371/1479/924 1102/1478/655 1101/1469/654
f 1364/1480/917 1371/1479/924 1138/1487/691 1145/1486/698
f 1367/1574/920 1370/1573/923 1335/1764/888 1348/1768/901
f 1372/1468/925 1368/1467/921 1131/1461/684 1139/1460/692
f 1369/1544/922 1365/1543/918 1121/1567/674 1132/1566/685
f 1364/1480/917 1374/1492/927 1106/1491/659 1105/1481/658
f 1366/1406/919 1373/1771/926 1330/1766/883 1333/1765/886
f 1373/1771/926 1367/1574/920 1348/1768/901 1330/1766/883
f 1731/1407/1283 1366/1406/919 1333/1765/886 1690/1767/1242
f 1369/1544/922 1368/1467/921 1098/1466/651 1097/1545/650
f 1370/1573/923 1365/1543/918 1096/1447/649 1335/1764/888
f 1339/1717/892 1336/1702/889 1376/1730/929 1416/1682/969
f 1301/1680/854 1300/1693/853 1306/1695/859 1308/1683/861
f 1174/1734/727 1173/1733/726 1280/1606/833 1283/1671/836
f 1200/1608/753 1243/1748/796 1110/1560/663 1338/1506/891
f 1343/1728/896 1340/1718/893 1406/1681/959 1413/1686/966
f 1338/1506/891 1110/1560/663 1137/1559/690 1089/1507/642
f 1248/1626/801 1201/1607/754 1337/1505/890 1342/1623/895
f 1352/1510/905 1344/1509/897 1414/1685/967 1410/1690/963
f 1283/1671/836 1288/1674/841 1161/1739/714 1174/1734/727
f 1311/1516/864 1314/1687/867 1307/1684/860 1305/1517/858
f 1278/1636/831 1277/1669/830 1284/1678/837 1287/1613/840
f 1379/1493/932 1374/1492/927 1144/1501/697 1151/1500/704
f 1270/1662/823 1269/1643/822 1194/1736/747 1193/1735/746
f 1379/1493/932 1376/1730/929 1336/1702/889 1109/1494/662
f 1403/1773/956 1388/1628/941 1395/1416/948 1397/1419/950
f 1277/1669/830 1295/1668/848 1294/1675/847 1284/1678/837
f 1322/1704/875 1316/1706/869 1073/1424/626
f 1347/1497/900 1358/1490/911 1325/1627/878
f 1351/1498/904 1341/1624/894 1315/1508/868 1320/1499/873
f 1208/1743/761 1267/1647/820 1359/1646/912 1093/1698/646
f 1387/1772/940 1328/1716/881 1404/1732/957 1403/1773/956
f 1073/1424/626 1350/1426/903 1405/1759/958
f 1271/1661/824 1297/1660/850 1292/1663/845 1274/1666/827
f 1266/1648/819 1261/1629/814 1360/1645/913
f 1382/1413/935 1741/1752/1293 1781/1774/1333 1408/1414/961
f 1398/1731/951 1329/1715/882 1112/1721/665 1355/1699/908
f 1400/1400/953 1319/1399/872 1321/1705/874 1402/1758/955
f 1398/1731/951 1359/1646/912 1360/1645/913 1404/1732/957
f 1401/1397/954 1384/1412/937 1415/1415/968 1409/1760/962
f 1404/1732/957 1360/1645/913 1388/1628/941 1403/1773/956
f 1350/1426/903 1076/1546/629 1390/1763/943 1405/1759/958
f 1405/1759/958 1390/1763/943 1385/1756/938 1402/1758/955
f 1399/1418/952 1391/1444/944 1392/1443/945 1397/1419/950
f 1414/1685/967 1344/1509/897 1343/1728/896 1413/1686/966
f 1406/1681/959 1301/1680/854 1308/1683/861 1413/1686/966
f 1409/1760/962 1399/1418/952 1396/1417/949 1412/1709/965
f 1414/1685/967 1307/1684/860 1314/1687/867 1410/1690/963
f 1411/1689/964 1313/1688/866 1324/1708/877 1407/1710/960
f 1406/1681/959 1340/1718/893 1339/1717/892 1416/1682/969
f 1408/1414/961 1394/1428/947 1391/1444/944 1415/1415/968
f 1415/1415/968 1391/1444/944 1399/1418/952 1409/1760/962
f 1781/1774/1333 1759/1429/1311 1394/1428/947 1408/1414/961
f 1411/1689/964 1357/1496/910 1352/1510/905 1410/1690/963
f 1412/1709/965 1396/1417/949 1358/1490/911 1407/1710/960
f 1376/1730/929 1150/1727/703 1302/1679/855 1416/1682/969
f 1767/1775/1319 1766/1776/1318 1673/1777/1225 1677/1778/1229
f 1482/1779/1034 1488/1780/1040 1495/1781/1047 1490/1782/1042
f 1432/1783/984 1435/1408/987 1731/1407/1283 1724/1784/1276
f 1567/1785/1119 1572/1786/1124 1444/1787/996
f 1746/1788/1298 1782/1789/1334 1774/1790/1326 1744/1791/1296
f 1761/1792/1313 1763/1793/1315 1765/1794/1317 1762/1795/1314
f 1542/1796/1094 1509/1797/1061 1518/1798/1070 1539/1799/1091
f 1417/1800/970 1708/1801/1260 1721/1802/1273
f 1757/1803/1309 1760/1430/1312 1759/1429/1311 1758/1804/1310
f 1426/1805/978 1465/1806/1017 1720/1807/1272 1714/1808/1266
f 1563/1809/1115 1566/1810/1118 1445/1811/997 1442/1812/994
f 1449/1813/1001 1454/1814/1006 1484/1815/1036 1479/1816/1031
f 1756/1817/1308 1757/1803/1309 1758/1804/1310 1755/1818/1307
f 1450/1819/1002 1446/1820/998 1474/1821/1026
f 1477/1822/1029 1483/1823/1035 1417/1800/970
f 1536/1824/1088 1511/1825/1063 1512/1826/1064 1525/1827/1077
f 1543/1828/1095 1544/1829/1096 1549/1830/1101 1546/1831/1098
f 1535/1832/1087 1536/1824/1088 1525/1827/1077 1522/1833/1074
f 1488/1780/1040 1485/1834/1037 1493/1835/1045 1495/1781/1047
f 1530/1836/1082 1521/1837/1073 1514/1838/1066 1529/1839/1081
f 1448/1840/1000 1451/1841/1003 1730/1842/1282 1726/1843/1278
f 1585/1844/1137 1590/1845/1142 1458/1846/1010 1453/1847/1005
f 1457/1848/1009 1461/1849/1013 1419/1850/972 1418/1851/971
f 1452/1852/1004 1455/1853/1007 1722/1854/1274 1729/1855/1281
f 1591/1856/1143 1596/1857/1148 1461/1849/1013 1457/1848/1009
f 1529/1839/1081 1526/1858/1078 1533/1859/1085 1530/1836/1082
f 1499/1860/1051 1500/1861/1052 1494/1862/1046 1492/1863/1044
f 1761/1792/1313 1762/1795/1314 1716/1864/1268
f 1456/1865/1008 1459/1866/1011 1739/1867/1291 1733/1868/1285
f 1737/1869/1289 1716/1864/1268 1715/1870/1267
f 1737/1869/1289 1674/1871/1226 1709/1872/1261 1705/1873/1257
f 1505/1874/1057 1506/1875/1058 1501/1876/1053 1498/1877/1050
f 1734/1878/1286 1439/1879/991 1696/1880/1248 1695/1881/1247
f 1669/1882/1221 1674/1871/1226 1710/1883/1262 1702/1884/1254
f 1464/1885/1016 1468/1886/1020 1467/1887/1019 1463/1888/1015
f 1671/1889/1223 1663/1890/1215 1659/1891/1211 1665/1892/1217
f 1541/1893/1093 1538/1894/1090 1537/1895/1089 1534/1896/1086
f 1524/1897/1076 1513/1898/1065 1520/1899/1072 1531/1900/1083
f 1538/1894/1090 1519/1901/1071 1510/1902/1062 1537/1895/1089
f 1426/1805/978 1687/1903/1239 1688/1904/1240 1427/1905/979
f 1422/1906/975 1424/1535/976 1436/1534/988 1433/1907/985
f 1465/1806/1017 1426/1805/978 1427/1905/979 1469/1908/1021
f 1687/1903/1239 1426/1805/978 1714/1808/1266 1703/1909/1255
f 1579/1910/1131 1584/1911/1136 1454/1814/1006 1449/1813/1001
f 1691/1540/1243 1428/1541/980 1427/1905/979 1688/1904/1240
f 1428/1541/980 1472/1542/1024 1469/1908/1021 1427/1905/979
f 1446/1820/998 1447/1912/999 1727/1913/1279 1723/1914/1275
f 1420/1915/973 1644/1916/1196 1422/1906/975 1421/1917/974
f 1444/1787/996 1572/1786/1124 1425/1918/977
f 1421/1917/974 1422/1906/975 1433/1907/985 1429/1919/981
f 1453/1847/1005 1458/1846/1010 1441/1920/993 1440/1921/992
f 1573/1922/1125 1450/1819/1002 1474/1821/1026
f 1644/1916/1196 1423/1554/338 1424/1535/976 1422/1906/975
f 1450/1819/1002 1438/1923/990 1446/1820/998
f 1535/1832/1087 1522/1833/1074 1587/1924/1139 1580/1925/1132
f 1573/1922/1125 1578/1926/1130 1450/1819/1002
f 1419/1850/972 1459/1866/1011 1456/1865/1008 1418/1851/971
f 1419/1850/972 1461/1849/1013 1460/1927/1012 1491/1928/1043
f 1546/1831/1098 1517/1929/1069 1508/1930/1060 1543/1828/1095
f 1541/1893/1093 1534/1896/1086 1581/1931/1133 1574/1932/1126
f 1446/1820/998 1692/1933/1244 1425/1918/977 1474/1821/1026
f 1486/1934/1038 1487/1935/1039 1481/1936/1033 1475/1937/1027
f 1468/1886/1020 1473/1571/1025 1470/1570/1022 1467/1887/1019
f 1476/1938/1028 1711/1939/1263 1725/1940/1277 1728/1941/1280
f 1564/1942/1116 1560/1943/1112 1569/1944/1121 1571/1945/1123
f 1431/1946/983 1430/1947/982 1711/1939/1263 1707/1948/1259
f 1417/1800/970 1721/1802/1273 1712/1949/1264 1478/1950/1030
f 1482/1779/1034 1490/1782/1042 1417/1800/970
f 1500/1861/1052 1497/1951/1049 1489/1952/1041 1494/1862/1046
f 1506/1875/1058 1503/1953/1055 1496/1954/1048 1501/1876/1053
f 1489/1952/1041 1497/1951/1049 1417/1800/970
f 1496/1954/1048 1503/1953/1055 1417/1800/970
f 1433/1907/985 1434/1955/986 1431/1946/983 1429/1919/981
f 1434/1955/986 1432/1783/984 1430/1947/982 1431/1946/983
f 1484/1815/1036 1454/1814/1006 1453/1847/1005 1440/1921/992
f 1445/1811/997 1704/1956/1256 1719/1957/1271 1442/1812/994
f 1487/1935/1039 1483/1823/1035 1477/1822/1029 1481/1936/1033
f 1429/1919/981 1431/1946/983 1707/1948/1259 1712/1949/1264
f 1436/1534/988 1437/1592/989 1434/1955/986 1433/1907/985
f 1437/1592/989 1435/1408/987 1432/1783/984 1434/1955/986
f 1441/1920/993 1455/1853/1007 1452/1852/1004 1440/1921/992
f 1533/1859/1085 1526/1858/1078 1599/1958/1151 1592/1959/1144
f 1539/1799/1091 1540/1960/1092 1545/1961/1097 1542/1796/1094
f 1545/1961/1097 1540/1960/1092 1575/1962/1127 1568/1963/1120
f 1549/1830/1101 1544/1829/1096 1569/1944/1121 1560/1943/1112
f 1531/1900/1083 1532/1964/1084 1523/1965/1075 1524/1897/1076
f 1523/1965/1075 1532/1964/1084 1593/1966/1145 1586/1967/1138
f 1553/1968/1105 1634/1969/1186 1635/1970/1187 1552/1971/1104
f 1696/1880/1248 1554/1972/1106 1555/1973/1107 1695/1881/1247
f 1567/1785/1119 1570/1974/1122 1577/1975/1129 1572/1786/1124
f 1559/1976/1111 1640/1977/1192 1641/1978/1193 1558/1979/1110
f 1570/1974/1122 1568/1963/1120 1575/1962/1127 1577/1975/1129
f 1582/1980/1134 1578/1926/1130 1573/1922/1125 1576/1981/1128
f 1588/1982/1140 1584/1911/1136 1579/1910/1131 1583/1983/1135
f 1581/1931/1133 1582/1980/1134 1576/1981/1128 1574/1932/1126
f 1585/1844/1137 1589/1984/1141 1595/1985/1147 1590/1845/1142
f 1587/1924/1139 1588/1982/1140 1583/1983/1135 1580/1925/1132
f 1589/1984/1141 1586/1967/1138 1593/1966/1145 1595/1985/1147
f 1591/1856/1143 1594/1986/1146 1601/1987/1153 1596/1857/1148
f 1594/1986/1146 1592/1959/1144 1599/1958/1151 1601/1987/1153
f 1700/1988/1252 1602/1989/1154 1603/1990/1155 1699/1991/1251
f 1679/1992/1231 1614/1993/1166 1615/1994/1167 1751/1995/1303
f 1709/1872/1261 1608/1996/1160 1609/1997/1161 1705/1873/1257
f 1607/1998/1159 1632/1999/1184 1633/2000/1185 1606/2001/1158
f 1613/2002/1165 1626/2003/1178 1627/2004/1179 1612/2005/1164
f 1619/2006/1171 1622/2007/1174 1623/2008/1175 1618/2009/1170
f 1718/2010/1270 1620/2011/1172 1621/2012/1173 1717/2013/1269
f 1551/2014/1103 1553/1968/1105 1552/1971/1104 1550/2015/1102
f 1563/1809/1115 1564/1942/1116 1571/1945/1123 1566/1810/1118
f 1554/1972/1106 1551/2014/1103 1550/2015/1102 1555/1973/1107
f 1602/1989/1154 1556/2016/1108 1557/2017/1109 1603/1990/1155
f 1556/2016/1108 1559/1976/1111 1558/1979/1110 1557/2017/1109
f 1608/1996/1160 1604/2018/1156 1605/2019/1157 1609/1997/1161
f 1604/2018/1156 1607/1998/1159 1606/2001/1158 1605/2019/1157
f 1611/2020/1163 1613/2002/1165 1612/2005/1164 1610/2021/1162
f 1614/1993/1166 1611/2020/1163 1610/2021/1162 1615/1994/1167
f 1617/2022/1169 1619/2006/1171 1618/2009/1170 1616/2023/1168
f 1620/2011/1172 1617/2022/1169 1616/2023/1168 1621/2012/1173
f 1652/2024/1204 1624/2025/1176 1625/2026/1177 1651/2027/1203
f 1646/2028/1198 1628/2029/1180 1629/2030/1181 1645/2031/1197
f 1650/2032/1202 1630/2033/1182 1631/2034/1183 1649/2035/1201
f 1637/2036/1189 1642/2037/1194 1643/2038/1195 1636/2039/1188
f 1648/2040/1200 1638/2041/1190 1639/2042/1191 1647/2043/1199
f 1640/1977/1192 1639/2042/1191 1638/2041/1190 1641/1978/1193
f 1624/2025/1176 1623/2008/1175 1622/2007/1174 1625/2026/1177
f 1632/1999/1184 1631/2034/1183 1630/2033/1182 1633/2000/1185
f 1628/2029/1180 1627/2004/1179 1626/2003/1178 1629/2030/1181
f 1636/2039/1188 1635/1970/1187 1634/1969/1186 1637/2036/1189
f 1656/2044/1208 1783/2045/1335 1772/2046/1324 1655/2047/1207
f 1662/2048/1214 1779/2049/1331 1780/2050/1332 1661/2051/1213
f 1668/2052/1220 1776/2053/1328 1777/2054/1329 1667/2055/1219
f 1658/2056/1210 1653/2057/1205 1654/2058/1206 1657/2059/1209
f 1653/2057/1205 1656/2044/1208 1655/2047/1207 1654/2058/1206
f 1660/2060/1212 1662/2048/1214 1661/2051/1213 1659/1891/1211
f 1477/1822/1029 1417/1800/970 1478/1950/1030
f 1482/1779/1034 1417/1800/970 1483/1823/1035
f 1489/1952/1041 1417/1800/970 1490/1782/1042
f 1496/1954/1048 1417/1800/970 1497/1951/1049
f 1502/2061/1054 1417/1800/970 1503/1953/1055
f 1664/2062/1216 1660/2060/1212 1659/1891/1211 1663/1890/1215
f 1465/1806/1017 1464/1885/1016 1704/1956/1256 1720/1807/1272
f 1443/2063/995 1442/2064/994 1719/2065/1271 1713/2066/1265
f 1448/1840/1000 1447/1912/999 1438/1923/990 1479/1816/1031
f 1452/1852/1004 1451/1841/1003 1484/1815/1036 1440/1921/992
f 1456/1865/1008 1455/1853/1007 1441/1920/993 1418/1851/971
f 1694/2067/1246 1459/1866/1011 1419/1850/972 1491/1928/1043
f 1673/1777/1225 1675/2068/1227 1676/2069/1228 1672/2070/1224
f 1671/1889/1223 1665/1892/1217 1666/2071/1218 1670/2072/1222
f 1677/1778/1229 1673/1777/1225 1672/2070/1224 1678/2073/1230
f 1665/1892/1217 1668/2052/1220 1667/2055/1219 1666/2071/1218
f 1678/2073/1230 1773/2074/1325 1778/2075/1330 1677/1778/1229
f 1683/2076/1235 1680/1714/1232 1681/1713/1233 1682/2077/1234
f 1682/2077/1234 1684/2078/1236 1685/2079/1237 1683/2076/1235
f 1697/2080/1249 1439/1879/991 1734/1878/1286 1698/2081/1250
f 1469/1908/1021 1468/1886/1020 1464/1885/1016 1465/1806/1017
f 1467/2082/1019 1466/2083/1018 1462/2084/1014 1463/2085/1015
f 1470/1723/1022 1471/1724/1023 1466/2083/1018 1467/2082/1019
f 1468/1886/1020 1469/1908/1021 1472/1542/1024 1473/1571/1025
f 1475/1937/1027 1476/1938/1028 1728/1941/1280 1723/1914/1275
f 1488/1780/1040 1487/1935/1039 1486/1934/1038 1485/1834/1037
f 1476/1938/1028 1475/1937/1027 1481/1936/1033 1480/2086/1032
f 1482/1779/1034 1483/1823/1035 1487/1935/1039 1488/1780/1040
f 1480/2086/1032 1481/1936/1033 1477/1822/1029 1478/1950/1030
f 1489/1952/1041 1490/1782/1042 1495/1781/1047 1494/1862/1046
f 1494/1862/1046 1495/1781/1047 1493/1835/1045 1492/1863/1044
f 1501/1876/1053 1500/1861/1052 1499/1860/1051 1498/1877/1050
f 1496/1954/1048 1497/1951/1049 1500/1861/1052 1501/1876/1053
f 1507/2087/1059 1506/1875/1058 1505/1874/1057 1504/2088/1056
f 1502/2061/1054 1503/1953/1055 1506/1875/1058 1507/2087/1059
f 1701/2089/1253 1736/2090/1288 1669/1882/1221 1702/1884/1254
f 1710/1883/1262 1674/1871/1226 1737/1869/1289 1715/1870/1267
f 1485/1834/1037 1486/1934/1038 1727/1913/1279 1726/1843/1278
f 1492/1863/1044 1493/1835/1045 1730/1842/1282 1729/1855/1281
f 1498/1877/1050 1499/1860/1051 1722/1854/1274 1733/1868/1285
f 1504/2088/1056 1505/1874/1057 1739/1867/1291 1735/2091/1287
f 1684/2078/1236 1770/2092/1322 1764/2093/1316 1685/2079/1237
f 1658/2056/1210 1657/2059/1209 1417/1800/970
f 1664/2062/1216 1663/1890/1215 1417/1800/970
f 1671/1889/1223 1670/2072/1222 1417/1800/970
f 1527/2094/1079 1526/1858/1078 1529/1839/1081 1528/2095/1080
f 1531/1900/1083 1530/1836/1082 1533/1859/1085 1532/1964/1084
f 1539/1799/1091 1538/1894/1090 1541/1893/1093 1540/1960/1092
f 1535/1832/1087 1534/1896/1086 1537/1895/1089 1536/1824/1088
f 1543/1828/1095 1542/1796/1094 1545/1961/1097 1544/1829/1096
f 1547/2096/1099 1546/2097/1098 1549/2098/1101 1548/2099/1100
f 1676/2069/1228 1675/2068/1227 1417/1800/970
f 1523/1965/1075 1522/1833/1074 1525/1827/1077 1524/1897/1076
f 1512/1826/1064 1513/1898/1065 1524/1897/1076 1525/1827/1077
f 1530/1836/1082 1531/1900/1083 1520/1899/1072 1521/1837/1073
f 1510/1902/1062 1511/1825/1063 1536/1824/1088 1537/1895/1089
f 1528/2095/1080 1529/1839/1081 1514/1838/1066 1515/2100/1067
f 1518/1798/1070 1519/1901/1071 1538/1894/1090 1539/1799/1091
f 1508/1930/1060 1509/1797/1061 1542/1796/1094 1543/1828/1095
f 1516/2101/1068 1517/2102/1069 1546/2097/1098 1547/2096/1099
f 1565/2103/1117 1564/2104/1116 1563/2105/1115 1562/2106/1114
f 1567/1785/1119 1566/1810/1118 1571/1945/1123 1570/1974/1122
f 1561/2107/1113 1560/2108/1112 1564/2104/1116 1565/2103/1117
f 1570/1974/1122 1571/1945/1123 1569/1944/1121 1568/1963/1120
f 1573/1922/1125 1572/1786/1124 1577/1975/1129 1576/1981/1128
f 1576/1981/1128 1577/1975/1129 1575/1962/1127 1574/1932/1126
f 1583/1983/1135 1582/1980/1134 1581/1931/1133 1580/1925/1132
f 1579/1910/1131 1578/1926/1130 1582/1980/1134 1583/1983/1135
f 1589/1984/1141 1588/1982/1140 1587/1924/1139 1586/1967/1138
f 1585/1844/1137 1584/1911/1136 1588/1982/1140 1589/1984/1141
f 1591/1856/1143 1590/1845/1142 1595/1985/1147 1594/1986/1146
f 1594/1986/1146 1595/1985/1147 1593/1966/1145 1592/1959/1144
f 1597/2109/1149 1596/1857/1148 1601/1987/1153 1600/2110/1152
f 1600/2110/1152 1601/1987/1153 1599/1958/1151 1598/2111/1150
f 1562/2106/1114 1563/2105/1115 1442/2064/994 1443/2063/995
f 1444/1787/996 1445/1811/997 1566/1810/1118 1567/1785/1119
f 1548/2099/1100 1549/2098/1101 1560/2108/1112 1561/2107/1113
f 1568/1963/1120 1569/1944/1121 1544/1829/1096 1545/1961/1097
f 1574/1932/1126 1575/1962/1127 1540/1960/1092 1541/1893/1093
f 1580/1925/1132 1581/1931/1133 1534/1896/1086 1535/1832/1087
f 1449/1813/1001 1450/1819/1002 1578/1926/1130 1579/1910/1131
f 1474/1821/1026 1425/1918/977 1572/1786/1124 1573/1922/1125
f 1453/1847/1005 1454/1814/1006 1584/1911/1136 1585/1844/1137
f 1586/1967/1138 1587/1924/1139 1522/1833/1074 1523/1965/1075
f 1457/1848/1009 1458/1846/1010 1590/1845/1142 1591/1856/1143
f 1592/1959/1144 1593/1966/1145 1532/1964/1084 1533/1859/1085
f 1460/1927/1012 1461/1849/1013 1596/1857/1148 1597/2109/1149
f 1598/2111/1150 1599/1958/1151 1526/1858/1078 1527/2094/1079
f 1562/2106/1114 1621/2012/1173 1616/2023/1168 1565/2103/1117
f 1551/2014/1103 1600/2110/1152 1598/2111/1150 1553/1968/1105
f 1554/1972/1106 1597/2109/1149 1600/2110/1152 1551/2014/1103
f 1556/2016/1108 1550/2015/1102 1552/1971/1104 1559/1976/1111
f 1558/1979/1110 1607/1998/1159 1604/2018/1156 1557/2017/1109
f 1602/1989/1154 1555/1973/1107 1550/2015/1102 1556/2016/1108
f 1606/2001/1158 1613/2002/1165 1611/2020/1163 1605/2019/1157
f 1557/2017/1109 1604/2018/1156 1608/1996/1160 1603/1990/1155
f 1605/2019/1157 1611/2020/1163 1614/1993/1166 1609/1997/1161
f 1617/2022/1169 1610/2021/1162 1612/2005/1164 1619/2006/1171
f 1620/2011/1172 1615/1994/1167 1610/2021/1162 1617/2022/1169
f 1640/1977/1192 1559/1976/1111 1552/1971/1104 1635/1970/1187
f 1636/2039/1188 1639/2042/1191 1640/1977/1192 1635/1970/1187
f 1548/2099/1100 1561/2107/1113 1618/2009/1170 1623/2008/1175
f 1622/2007/1174 1619/2006/1171 1612/2005/1164 1627/2004/1179
f 1628/2029/1180 1625/2026/1177 1622/2007/1174 1627/2004/1179
f 1634/1969/1186 1553/1968/1105 1598/2111/1150 1527/2094/1079
f 1734/1878/1286 1736/2090/1288 1701/2089/1253 1698/2081/1250
f 1484/1815/1036 1451/1841/1003 1448/1840/1000 1479/1816/1031
f 1738/1751/1290 1742/2112/1294 1744/1791/1296 1741/1752/1293
f 1441/1920/993 1458/1846/1010 1457/1848/1009 1418/1851/971
f 1438/1923/990 1450/1819/1002 1449/1813/1001 1479/1816/1031
f 1740/1754/1292 1743/2113/1295 1742/2112/1294 1738/1751/1290
f 1747/2114/1299 1768/2115/1320 1766/1776/1318 1745/2116/1297
f 1666/2071/1218 1672/2070/1224 1676/2069/1228 1670/2072/1222
f 1438/1923/990 1447/1912/999 1446/1820/998
f 1717/2013/1269 1443/2063/995 1713/2066/1265 1764/2093/1316
f 1669/1882/1221 1736/2090/1288 1700/1988/1252 1699/1991/1251
f 1742/2112/1294 1745/2116/1297 1746/1788/1298 1744/1791/1296
f 1743/2113/1295 1747/2114/1299 1745/2116/1297 1742/2112/1294
f 1658/2056/1210 1417/1800/970 1502/2061/1054
f 1664/2062/1216 1417/1800/970 1657/2059/1209
f 1507/2087/1059 1653/2057/1205 1658/2056/1210 1502/2061/1054
f 1654/2058/1206 1660/2060/1212 1664/2062/1216 1657/2059/1209
f 1671/1889/1223 1417/1800/970 1663/1890/1215
f 1417/1800/970 1675/2068/1227 1768/2115/1320 1771/2117/1323
f 1745/2116/1297 1766/1776/1318 1767/1775/1319 1746/1788/1298
f 1565/2103/1117 1616/2023/1168 1618/2009/1170 1561/2107/1113
f 1677/1778/1229 1778/2075/1330 1775/2118/1327 1767/1775/1319
f 1683/2076/1235 1466/2083/1018 1471/1724/1023 1680/1714/1232
f 1667/2055/1219 1678/2073/1230 1672/2070/1224 1666/2071/1218
f 1716/1864/1268 1679/1992/1231 1751/1995/1303 1761/1792/1313
f 1626/2003/1178 1613/2002/1165 1606/2001/1158 1633/2000/1185
f 1547/2096/1099 1624/2025/1176 1652/2024/1204 1516/2101/1068
f 1491/1928/1043 1439/1879/991 1697/2080/1249 1694/2067/1246
f 1614/1993/1166 1705/1873/1257 1609/1997/1161
f 1632/1999/1184 1607/1998/1159 1558/1979/1110 1641/1978/1193
f 1705/1873/1257 1716/1864/1268 1737/1869/1289
f 1644/1916/1196 1753/2119/1305 1752/1761/1304 1423/1554/338
f 1614/1993/1166 1679/1992/1231 1705/1873/1257
f 1700/1988/1252 1736/2090/1288 1734/1878/1286 1695/1881/1247
f 1754/2120/1306 1747/2114/1299 1743/2113/1295 1753/2119/1305
f 1718/2010/1270 1751/1995/1303 1615/1994/1167
f 1692/1933/1244 1446/1820/998 1693/2121/1245
f 1420/1915/973 1754/2120/1306 1753/2119/1305 1644/1916/1196
f 1687/1903/1239 1686/2122/1238 1689/2123/1241 1688/1904/1240
f 1688/1904/1240 1689/2123/1241 1690/1767/1242 1691/1540/1243
f 1692/1933/1244 1693/2121/1245 1706/2124/1258 1703/1909/1255
f 1716/1864/1268 1773/2074/1325 1777/2054/1329 1715/1870/1267
f 1748/1769/1300 1749/2125/1301 1682/2077/1234 1681/1713/1233
f 1760/1430/1312 1757/1803/1309 1749/2125/1301 1748/1769/1300
f 1430/1947/982 1432/1783/984 1724/1784/1276 1732/2126/1284
f 1608/1996/1160 1709/1872/1261 1699/1991/1251 1603/1990/1155
f 1756/1817/1308 1763/1793/1315 1769/2127/1321 1750/2128/1302
f 1719/2065/1271 1463/2085/1015 1462/2084/1014 1713/2066/1265
f 1684/2078/1236 1682/2077/1234 1749/2125/1301 1750/2128/1302
f 1711/1939/1263 1476/1938/1028 1480/2086/1032 1707/1948/1259
f 1753/2119/1305 1743/2113/1295 1740/1754/1292 1752/1761/1304
f 1714/1808/1266 1425/1918/977 1692/1933/1244 1703/1909/1255
f 1750/2128/1302 1749/2125/1301 1757/1803/1309 1756/1817/1308
f 1704/1956/1256 1464/1885/1016 1463/1888/1015 1719/1957/1271
f 1707/1948/1259 1480/2086/1032 1478/1950/1030 1712/1949/1264
f 1704/1956/1256 1445/1811/997 1444/1787/996 1720/1807/1272
f 1629/2030/1181 1630/2033/1182 1650/2032/1202 1645/2031/1197
f 1639/2042/1191 1636/2039/1188 1643/2038/1195 1647/2043/1199
f 1711/1939/1263 1430/1947/982 1732/2126/1284 1725/1940/1277
f 1720/1807/1272 1444/1787/996 1425/1918/977 1714/1808/1266
f 1626/2003/1178 1633/2000/1185 1630/2033/1182 1629/2030/1181
f 1708/1801/1260 1420/1915/973 1421/1917/974 1721/1802/1273
f 1721/1802/1273 1421/1917/974 1429/1919/981 1712/1949/1264
f 1685/2079/1237 1462/2084/1014 1466/2083/1018 1683/2076/1235
f 1504/2088/1056 1656/2044/1208 1653/2057/1205 1507/2087/1059
f 1706/2124/1258 1686/2122/1238 1687/1903/1239 1703/1909/1255
f 1730/1842/1282 1451/1841/1003 1452/1852/1004 1729/1855/1281
f 1722/1854/1274 1499/1860/1051 1492/1863/1044 1729/1855/1281
f 1725/1940/1277 1706/2124/1258 1693/2121/1245 1728/1941/1280
f 1730/1842/1282 1493/1835/1045 1485/1834/1037 1726/1843/1278
f 1727/1913/1279 1486/1934/1038 1475/1937/1027 1723/1914/1275
f 1722/1854/1274 1455/1853/1007 1456/1865/1008 1733/1868/1285
f 1724/1784/1276 1689/2123/1241 1686/2122/1238 1732/2126/1284
f 1732/2126/1284 1686/2122/1238 1706/2124/1258 1725/1940/1277
f 1731/1407/1283 1690/1767/1242 1689/2123/1241 1724/1784/1276
f 1727/1913/1279 1447/1912/999 1448/1840/1000 1726/1843/1278
f 1728/1941/1280 1693/2121/1245 1446/1820/998 1723/1914/1275
f 1697/2080/1249 1783/2045/1335 1735/2091/1287 1694/2067/1246
f 1655/2047/1207 1662/2048/1214 1660/2060/1212 1654/2058/1206
f 1528/2095/1080 1637/2036/1189 1634/1969/1186 1527/2094/1079
f 1554/1972/1106 1696/1880/1248 1460/1927/1012 1597/2109/1149
f 1701/2089/1253 1779/2049/1331 1772/2046/1324 1698/2081/1250
f 1696/1880/1248 1439/1879/991 1491/1928/1043 1460/1927/1012
f 1602/1989/1154 1700/1988/1252 1695/1881/1247 1555/1973/1107
f 1710/1883/1262 1776/2053/1328 1780/2050/1332 1702/1884/1254
f 1637/2036/1189 1528/2095/1080 1515/2100/1067 1642/2037/1194
f 1665/1892/1217 1659/1891/1211 1661/2051/1213 1668/2052/1220
f 1632/1999/1184 1641/1978/1193 1638/2041/1190 1631/2034/1183
f 1739/1867/1291 1505/1874/1057 1498/1877/1050 1733/1868/1285
f 1624/2025/1176 1547/2096/1099 1548/2099/1100 1623/2008/1175
f 1739/1867/1291 1459/1866/1011 1694/2067/1246 1735/2091/1287
f 1769/2127/1321 1763/1793/1315 1761/1792/1313 1751/1995/1303
f 1631/2034/1183 1638/2041/1190 1648/2040/1200 1649/2035/1201
f 1676/2069/1228 1417/1800/970 1670/2072/1222
f 1705/1873/1257 1679/1992/1231 1716/1864/1268
f 1709/1872/1261 1674/1871/1226 1669/1882/1221 1699/1991/1251
f 1562/2106/1114 1443/2063/995 1717/2013/1269 1621/2012/1173
f 1750/2128/1302 1769/2127/1321 1770/2092/1322 1684/2078/1236
f 1417/1800/970 1771/2117/1323 1708/1801/1260
f 1625/2026/1177 1628/2029/1180 1646/2028/1198 1651/2027/1203
f 1620/2011/1172 1718/2010/1270 1615/1994/1167
f 1744/1791/1296 1774/1790/1326 1781/1774/1333 1741/1752/1293
f 1764/2093/1316 1713/2066/1265 1462/2084/1014 1685/2079/1237
f 1766/1776/1318 1768/2115/1320 1675/2068/1227 1673/1777/1225
f 1764/2093/1316 1770/2092/1322 1718/2010/1270 1717/2013/1269
f 1767/1775/1319 1775/2118/1327 1782/1789/1334 1746/1788/1298
f 1770/2092/1322 1769/2127/1321 1751/1995/1303 1718/2010/1270
f 1708/1801/1260 1771/2117/1323 1754/2120/1306 1420/1915/973
f 1771/2117/1323 1768/2115/1320 1747/2114/1299 1754/2120/1306
f 1765/1794/1317 1763/1793/1315 1756/1817/1308 1755/1818/1307
f 1780/2050/1332 1779/2049/1331 1701/2089/1253 1702/1884/1254
f 1772/2046/1324 1779/2049/1331 1662/2048/1214 1655/2047/1207
f 1775/2118/1327 1778/2075/1330 1762/1795/1314 1765/1794/1317
f 1780/2050/1332 1776/2053/1328 1668/2052/1220 1661/2051/1213
f 1777/2054/1329 1773/2074/1325 1678/2073/1230 1667/2055/1219
f 1772/2046/1324 1783/2045/1335 1697/2080/1249 1698/2081/1250
f 1774/1790/1326 1782/1789/1334 1755/1818/1307 1758/1804/1310
f 1782/1789/1334 1775/2118/1327 1765/1794/1317 1755/1818/1307
f 1781/1774/1333 1774/1790/1326 1758/1804/1310 1759/1429/1311
f 1777/2054/1329 1776/2053/1328 1710/1883/1262 1715/1870/1267
f 1778/2075/1330 1773/2074/1325 1716/1864/1268 1762/1795/1314
f 1735/2091/1287 1783/2045/1335 1656/2044/1208 1504/2088/1056
f 709/1123/522 1788/2129/338 1796/781/338 1789/1124/522
f 1790/1126/523 1784/1117/523 1789/1124/522 1797/749/522
f 1790/1126/523 1791/2130/1338 2593/2131/1926 2595/1125/1928
f 1793/1128/1339 1785/1121/1336 2594/1127/1927 2592/2132/1925
f 1794/701/1340 1786/712/1337 1793/1128/1339 1803/2133/1345
f 1792/2134/338 405/1133/338 1795/1134/338 1802/2135/338
f 1788/2129/338 404/2136/338 2144/762/338 1796/781/338
f 1797/749/522 1798/748/1341 1791/2130/1338 1790/1126/523
f 1798/748/1341 1799/747/1342 1801/2137/1344 1791/2130/1338
f 1799/747/1342 1800/746/1343 2146/2138/1684 1801/2137/1344
f 1791/2130/1338 1801/2137/1344 1806/2139/1346 2593/2131/1926
f 741/2140/338 1792/2134/338 1802/2135/338 2143/763/338
f 1803/2133/1345 1793/1128/1339 2592/2132/1925 2591/2141/1688
f 1803/2133/1345 2148/2142/1345 1804/713/1340 1794/701/1340
f 645/775/500 1805/774/338 1795/1134/338 1787/732/338 387/731/351 465/2143/404 668/2144/515 392/2145/356 461/2146/401
f 1805/774/338 2147/2147/338 1802/2135/338 1795/1134/338
f 404/2136/338 741/2140/338 2143/763/338 2144/762/338
f 630/750/500 1797/749/522 1789/1124/522 1796/781/338 513/780/351 501/2148/427 660/2149/513 663/2150/356 665/2151/401
f 1800/746/1343 2145/745/1683 2152/2152/1685 2146/2138/1684
f 1801/2137/1344 2146/2138/1684 2590/2153/1924 1806/2139/1346
f 2147/2147/338 2150/558/338 2143/763/338 1802/2135/338
f 2591/2141/1688 2589/2154/1687 2148/2142/1345 1803/2133/1345
f 2148/2142/1345 2154/2155/1345 2149/773/1340 1804/713/1340
f 2147/2147/338 1805/774/338 2149/773/1340 2153/2156/1340
f 2145/745/1683 2151/744/1340 2159/2157/1345 2152/2152/1685
f 2146/2138/1684 2152/2152/1685 2155/2158/1686 2590/2153/1924
f 1848/2159/1388 1847/2160/1387 1813/2161/1353 1844/2162/1384
f 1943/2163/1483 1944/2164/1484 1961/2165/1501 1962/2166/1502
f 1963/2167/1503 1964/2168/1504 1966/2169/1506 1974/2170/1514
f 1808/2171/1348 1807/2172/1347 1957/2173/1497 1958/2174/1498
f 1959/2175/1499 1960/2176/1500 1969/2177/1509 1967/2178/1507
f 1810/2179/1350 1809/2180/1349 1953/2181/1493 1954/2182/1494
f 1955/2183/1495 1956/2184/1496 1971/2185/1511 1970/2186/1510
f 1941/2187/1481 1942/2188/1482 1949/2189/1489 1950/2190/1490
f 1951/2191/1491 1952/2192/1492 1973/2193/1513 1972/2194/1512
f 1812/2195/1352 1811/2196/1351 1945/2197/1485 1946/2198/1486
f 1947/2199/1487 1948/2200/1488 1968/2201/1508 1965/2202/1505
f 1962/2166/1502 1961/2165/1501 1964/2168/1504 1963/2167/1503
f 1958/2174/1498 1957/2173/1497 1960/2176/1500 1959/2175/1499
f 1954/2182/1494 1953/2181/1493 1956/2184/1496 1955/2183/1495
f 1950/2190/1490 1949/2189/1489 1952/2192/1492 1951/2191/1491
f 1946/2198/1486 1945/2197/1485 1948/2200/1488 1947/2199/1487
f 1818/2203/1358 1819/2204/1359 1815/2205/1355 1814/2206/1354
f 1814/2206/1354 1815/2205/1355 1817/2207/1357 1816/2208/1356
f 1821/2209/1361 1820/2210/1360 1823/2211/1363 1822/2212/1362
f 1824/2213/1364 1825/2214/1365 1820/2210/1360 1821/2209/1361
f 1827/2215/1367 1826/2216/1366 1829/2217/1369 1828/2218/1368
f 1830/2219/1370 1831/2220/1371 1826/2216/1366 1827/2215/1367
f 1836/2221/1376 1837/2222/1377 1833/2223/1373 1832/2224/1372
f 1832/2224/1372 1833/2223/1373 1835/2225/1375 1834/2226/1374
f 1842/2227/1382 1843/2228/1383 1839/2229/1379 1838/2230/1378
f 1838/2230/1378 1839/2229/1379 1841/2231/1381 1840/2232/1380
f 1885/2233/1425 1896/2234/1436 1907/2235/1447 1904/2236/1444
f 1893/2237/1433 1886/2238/1426 1903/2239/1443 1902/2240/1442
f 1889/2241/1429 1898/2242/1438 1919/2243/1459 1916/2244/1456
f 1895/2245/1435 1888/2246/1428 1911/2247/1451 1908/2248/1448
f 1899/2249/1439 1906/2250/1446 1930/2251/1470 1938/2252/1478
f 1856/2253/1396 1861/2254/1401 1866/2255/1406 1860/2256/1400
f 1905/2257/1445 1910/2258/1450 1935/2259/1475 1927/2260/1467
f 1909/2261/1449 1914/2262/1454 1933/2263/1473 1934/2264/1474
f 1862/2265/1402 1867/2266/1407 1872/2267/1412 1865/2268/1405
f 1913/2269/1453 1918/2270/1458 1931/2271/1471 1932/2272/1472
f 1877/2273/1417 1871/2274/1411 1868/2275/1408 1873/2276/1413
f 1883/2277/1423 1878/2278/1418 1874/2279/1414 1879/2280/1419
f 1917/2281/1457 1922/2282/1462 1928/2283/1468 1929/2284/1469
f 1921/2285/1461 1926/2286/1466 1939/2287/1479 1940/2288/1480
f 1853/2289/1393 1847/2160/1387 1846/2290/1386 1849/2291/1389
f 1859/2292/1399 1854/2293/1394 1850/2294/1390 1855/2295/1395
f 1906/2250/1446 1899/2249/1439 1902/2240/1442 1903/2239/1443
f 1851/2296/1391 1813/2161/1353 1847/2160/1387 1853/2289/1393
f 1860/2256/1400 1866/2255/1406 1863/2297/1403 1858/2298/1398
f 1897/2299/1437 1892/2300/1432 1923/2301/1463 1920/2302/1460
f 1865/2268/1405 1872/2267/1412 1869/2303/1409 1864/2304/1404
f 1875/2305/1415 1870/2306/1410 1871/2274/1411 1877/2273/1417
f 1857/2307/1397 1852/2308/1392 1854/2293/1394 1859/2292/1399
f 1881/2309/1421 1876/2310/1416 1878/2278/1418 1883/2277/1423
f 1887/2311/1427 1890/2312/1430 1915/2313/1455 1912/2314/1452
f 1908/2248/1448 1911/2247/1451 1914/2262/1454 1909/2261/1449
f 1912/2314/1452 1915/2313/1455 1918/2270/1458 1913/2269/1453
f 1922/2282/1462 1917/2281/1457 1916/2244/1456 1919/2243/1459
f 1926/2286/1466 1921/2285/1461 1920/2302/1460 1923/2301/1463
f 1910/2258/1450 1905/2257/1445 1904/2236/1444 1907/2235/1447
f 1952/2192/1492 1949/2189/1489 1946/2198/1486 1947/2199/1487
f 1925/2315/1465 1924/2316/1464 1962/2166/1502 1963/2167/1503
f 1964/2168/1504 1961/2165/1501 1958/2174/1498 1959/2175/1499
f 1954/2182/1494 1955/2183/1495 1960/2176/1500 1957/2173/1497
f 1950/2190/1490 1951/2191/1491 1956/2184/1496 1953/2181/1493
f 1810/2179/1350 1954/2182/1494 1957/2173/1497 1807/2172/1347
f 1882/2317/1422 1884/2318/1424 1814/2206/1354 1816/2208/1356
f 1835/2225/1375 1833/2223/1373 1838/2230/1378 1840/2232/1380
f 1817/2207/1357 1815/2205/1355 1821/2209/1361 1822/2212/1362
f 1827/2215/1367 1828/2218/1368 1823/2211/1363 1820/2210/1360
f 1943/2163/1483 1962/2166/1502 1924/2316/1464 1891/2319/1431
f 1832/2224/1372 1834/2226/1374 1829/2217/1369 1826/2216/1366
f 1841/2231/1381 1839/2229/1379 1848/2159/1388 1844/2162/1384
f 1948/2200/1488 1945/2197/1485 1901/2320/1441 1900/2321/1440
f 1833/2223/1373 1837/2222/1377 1842/2227/1382 1838/2230/1378
f 1839/2229/1379 1843/2228/1383 1845/2322/1385 1848/2159/1388
f 1963/2167/1503 1974/2170/1514 1936/2323/1476 1925/2315/1465
f 1959/2175/1499 1967/2178/1507 1966/2169/1506 1964/2168/1504
f 1884/2318/1424 1880/2324/1420 1818/2203/1358 1814/2206/1354
f 1815/2205/1355 1819/2204/1359 1824/2213/1364 1821/2209/1361
f 1955/2183/1495 1970/2186/1510 1969/2177/1509 1960/2176/1500
f 1830/2219/1370 1827/2215/1367 1820/2210/1360 1825/2214/1365
f 1951/2191/1491 1972/2194/1512 1971/2185/1511 1956/2184/1496
f 1947/2199/1487 1965/2202/1505 1973/2193/1513 1952/2192/1492
f 1836/2221/1376 1832/2224/1372 1826/2216/1366 1831/2220/1371
f 1900/2321/1440 1937/2325/1477 1968/2201/1508 1948/2200/1488
f 1941/2187/1481 1950/2190/1490 1953/2181/1493 1809/2180/1349
f 1846/2290/1386 1847/2160/1387 1848/2159/1388 1845/2322/1385
f 1854/2293/1394 1852/2308/1392 1851/2296/1391 1853/2289/1393
f 1850/2294/1390 1854/2293/1394 1853/2289/1393 1849/2291/1389
f 1860/2256/1400 1858/2298/1398 1857/2307/1397 1859/2292/1399
f 1856/2253/1396 1860/2256/1400 1859/2292/1399 1855/2295/1395
f 1862/2265/1402 1865/2268/1405 1866/2255/1406 1861/2254/1401
f 1865/2268/1405 1864/2304/1404 1863/2297/1403 1866/2255/1406
f 1868/2275/1408 1871/2274/1411 1872/2267/1412 1867/2266/1407
f 1871/2274/1411 1870/2306/1410 1869/2303/1409 1872/2267/1412
f 1878/2278/1418 1876/2310/1416 1875/2305/1415 1877/2273/1417
f 1874/2279/1414 1878/2278/1418 1877/2273/1417 1873/2276/1413
f 1884/2318/1424 1882/2317/1422 1881/2309/1421 1883/2277/1423
f 1880/2324/1420 1884/2318/1424 1883/2277/1423 1879/2280/1419
f 1808/2171/1348 1958/2174/1498 1961/2165/1501 1944/2164/1484
f 1894/2326/1434 1901/2320/1441 1945/2197/1485 1811/2196/1351
f 1812/2195/1352 1946/2198/1486 1949/2189/1489 1942/2188/1482
f 1904/2236/1444 1905/2257/1445 1906/2250/1446 1903/2239/1443
f 1900/2321/1440 1901/2320/1441 1902/2240/1442 1899/2249/1439
f 1908/2248/1448 1909/2261/1449 1910/2258/1450 1907/2235/1447
f 1912/2314/1452 1913/2269/1453 1914/2262/1454 1911/2247/1451
f 1916/2244/1456 1917/2281/1457 1918/2270/1458 1915/2313/1455
f 1920/2302/1460 1921/2285/1461 1922/2282/1462 1919/2243/1459
f 1924/2316/1464 1925/2315/1465 1926/2286/1466 1923/2301/1463
f 1845/2322/1385 1937/2325/1477 1938/2252/1478 1846/2290/1386
f 1905/2257/1445 1927/2260/1467 1930/2251/1470 1906/2250/1446
f 1893/2237/1433 1902/2240/1442 1901/2320/1441 1894/2326/1434
f 1885/2233/1425 1904/2236/1444 1903/2239/1443 1886/2238/1426
f 1909/2261/1449 1934/2264/1474 1935/2259/1475 1910/2258/1450
f 1895/2245/1435 1908/2248/1448 1907/2235/1447 1896/2234/1436
f 1913/2269/1453 1932/2272/1472 1933/2263/1473 1914/2262/1454
f 1887/2311/1427 1912/2314/1452 1911/2247/1451 1888/2246/1428
f 1917/2281/1457 1929/2284/1469 1931/2271/1471 1918/2270/1458
f 1889/2241/1429 1916/2244/1456 1915/2313/1455 1890/2312/1430
f 1921/2285/1461 1940/2288/1480 1928/2283/1468 1922/2282/1462
f 1897/2299/1437 1920/2302/1460 1919/2243/1459 1898/2242/1438
f 1925/2315/1465 1936/2323/1476 1939/2287/1479 1926/2286/1466
f 1891/2319/1431 1924/2316/1464 1923/2301/1463 1892/2300/1432
f 1928/2283/1468 1940/2288/1480 1874/2279/1414 1873/2276/1413
f 1939/2287/1479 1936/2323/1476 1880/2324/1420 1879/2280/1419
f 1929/2284/1469 1928/2283/1468 1873/2276/1413 1868/2275/1408
f 1940/2288/1480 1939/2287/1479 1879/2280/1419 1874/2279/1414
f 1938/2252/1478 1930/2251/1470 1849/2291/1389 1846/2290/1386
f 1930/2251/1470 1927/2260/1467 1850/2294/1390 1849/2291/1389
f 1927/2260/1467 1935/2259/1475 1855/2295/1395 1850/2294/1390
f 1934/2264/1474 1933/2263/1473 1861/2254/1401 1856/2253/1396
f 1932/2272/1472 1931/2271/1471 1867/2266/1407 1862/2265/1402
f 1938/2252/1478 1937/2325/1477 1900/2321/1440 1899/2249/1439
f 1935/2259/1475 1934/2264/1474 1856/2253/1396 1855/2295/1395
f 1933/2263/1473 1932/2272/1472 1862/2265/1402 1861/2254/1401
f 1931/2271/1471 1929/2284/1469 1868/2275/1408 1867/2266/1407
f 1966/2169/1506 1819/2204/1359 1818/2203/1358 1974/2170/1514
f 1967/2178/1507 1824/2213/1364 1819/2204/1359 1966/2169/1506
f 1974/2170/1514 1818/2203/1358 1880/2324/1420 1936/2323/1476
f 1937/2325/1477 1845/2322/1385 1843/2228/1383 1968/2201/1508
f 1968/2201/1508 1843/2228/1383 1842/2227/1382 1965/2202/1505
f 1965/2202/1505 1842/2227/1382 1837/2222/1377 1973/2193/1513
f 1972/2194/1512 1836/2221/1376 1831/2220/1371 1971/2185/1511
f 1970/2186/1510 1830/2219/1370 1825/2214/1365 1969/2177/1509
f 1973/2193/1513 1837/2222/1377 1836/2221/1376 1972/2194/1512
f 1971/2185/1511 1831/2220/1371 1830/2219/1370 1970/2186/1510
f 1969/2177/1509 1825/2214/1365 1824/2213/1364 1967/2178/1507
f 2016/2327/1556 2012/2328/1552 1981/2329/1521 2015/2330/1555
f 2111/2331/1651 2130/2332/1670 2129/2333/1669 2112/2334/1652
f 2131/2335/1671 2142/2336/1682 2134/2337/1674 2132/2338/1672
f 1976/2339/1516 2126/2340/1666 2125/2341/1665 1975/2342/1515
f 2127/2343/1667 2135/2344/1675 2137/2345/1677 2128/2346/1668
f 1978/2347/1518 2122/2348/1662 2121/2349/1661 1977/2350/1517
f 2123/2351/1663 2138/2352/1678 2139/2353/1679 2124/2354/1664
f 2109/2355/1649 2118/2356/1658 2117/2357/1657 2110/2358/1650
f 2119/2359/1659 2140/2360/1680 2141/2361/1681 2120/2362/1660
f 1980/2363/1520 2114/2364/1654 2113/2365/1653 1979/2366/1519
f 2115/2367/1655 2133/2368/1673 2136/2369/1676 2116/2370/1656
f 2130/2332/1670 2131/2335/1671 2132/2338/1672 2129/2333/1669
f 2126/2340/1666 2127/2343/1667 2128/2346/1668 2125/2341/1665
f 2122/2348/1662 2123/2351/1663 2124/2354/1664 2121/2349/1661
f 2118/2356/1658 2119/2359/1659 2120/2362/1660 2117/2357/1657
f 2114/2364/1654 2115/2367/1655 2116/2370/1656 2113/2365/1653
f 1986/2371/1526 1982/2372/1522 1983/2373/1523 1987/2374/1527
f 1982/2372/1522 1984/2375/1524 1985/2376/1525 1983/2373/1523
f 1989/2377/1529 1990/2378/1530 1991/2379/1531 1988/2380/1528
f 1992/2381/1532 1989/2377/1529 1988/2380/1528 1993/2382/1533
f 1995/2383/1535 1996/2384/1536 1997/2385/1537 1994/2386/1534
f 1998/2387/1538 1995/2383/1535 1994/2386/1534 1999/2388/1539
f 2004/2389/1544 2000/2390/1540 2001/2391/1541 2005/2392/1545
f 2000/2390/1540 2002/2393/1542 2003/2394/1543 2001/2391/1541
f 2010/2395/1550 2006/2396/1546 2007/2397/1547 2011/2398/1551
f 2006/2396/1546 2008/2399/1548 2009/2400/1549 2007/2397/1547
f 2053/2401/1593 2072/2402/1612 2075/2403/1615 2064/2404/1604
f 2061/2405/1601 2070/2406/1610 2071/2407/1611 2054/2408/1594
f 2057/2409/1597 2084/2410/1624 2087/2411/1627 2066/2412/1606
f 2063/2413/1603 2076/2414/1616 2079/2415/1619 2056/2416/1596
f 2067/2417/1607 2106/2418/1646 2098/2419/1638 2074/2420/1614
f 2024/2421/1564 2028/2422/1568 2034/2423/1574 2029/2424/1569
f 2073/2425/1613 2095/2426/1635 2103/2427/1643 2078/2428/1618
f 2077/2429/1617 2102/2430/1642 2101/2431/1641 2082/2432/1622
f 2030/2433/1570 2033/2434/1573 2040/2435/1580 2035/2436/1575
f 2081/2437/1621 2100/2438/1640 2099/2439/1639 2086/2440/1626
f 2045/2441/1585 2041/2442/1581 2036/2443/1576 2039/2444/1579
f 2051/2445/1591 2047/2446/1587 2042/2447/1582 2046/2448/1586
f 2085/2449/1625 2097/2450/1637 2096/2451/1636 2090/2452/1630
f 2089/2453/1629 2108/2454/1648 2107/2455/1647 2094/2456/1634
f 2021/2457/1561 2017/2458/1557 2014/2459/1554 2015/2330/1555
f 2027/2460/1567 2023/2461/1563 2018/2462/1558 2022/2463/1562
f 2074/2420/1614 2071/2407/1611 2070/2406/1610 2067/2417/1607
f 2019/2464/1559 2021/2457/1561 2015/2330/1555 1981/2329/1521
f 2028/2422/1568 2026/2465/1566 2031/2466/1571 2034/2423/1574
f 2065/2467/1605 2088/2468/1628 2091/2469/1631 2060/2470/1600
f 2033/2434/1573 2032/2471/1572 2037/2472/1577 2040/2435/1580
f 2043/2473/1583 2045/2441/1585 2039/2444/1579 2038/2474/1578
f 2025/2475/1565 2027/2460/1567 2022/2463/1562 2020/2476/1560
f 2049/2477/1589 2051/2445/1591 2046/2448/1586 2044/2478/1584
f 2055/2479/1595 2080/2480/1620 2083/2481/1623 2058/2482/1598
f 2076/2414/1616 2077/2429/1617 2082/2432/1622 2079/2415/1619
f 2080/2480/1620 2081/2437/1621 2086/2440/1626 2083/2481/1623
f 2090/2452/1630 2087/2411/1627 2084/2410/1624 2085/2449/1625
f 2094/2456/1634 2091/2469/1631 2088/2468/1628 2089/2453/1629
f 2078/2428/1618 2075/2403/1615 2072/2402/1612 2073/2425/1613
f 2120/2362/1660 2115/2367/1655 2114/2364/1654 2117/2357/1657
f 2093/2483/1633 2131/2335/1671 2130/2332/1670 2092/2484/1632
f 2132/2338/1672 2127/2343/1667 2126/2340/1666 2129/2333/1669
f 2122/2348/1662 2125/2341/1665 2128/2346/1668 2123/2351/1663
f 2118/2356/1658 2121/2349/1661 2124/2354/1664 2119/2359/1659
f 1978/2347/1518 1975/2342/1515 2125/2341/1665 2122/2348/1662
f 2050/2485/1590 1984/2375/1524 1982/2372/1522 2052/2486/1592
f 2003/2394/1543 2008/2399/1548 2006/2396/1546 2001/2391/1541
f 1985/2376/1525 1990/2378/1530 1989/2377/1529 1983/2373/1523
f 1995/2383/1535 1988/2380/1528 1991/2379/1531 1996/2384/1536
f 2111/2331/1651 2059/2487/1599 2092/2484/1632 2130/2332/1670
f 2000/2390/1540 1994/2386/1534 1997/2385/1537 2002/2393/1542
f 2009/2400/1549 2012/2328/1552 2016/2327/1556 2007/2397/1547
f 2116/2370/1656 2068/2488/1608 2069/2489/1609 2113/2365/1653
f 2001/2391/1541 2006/2396/1546 2010/2395/1550 2005/2392/1545
f 2007/2397/1547 2016/2327/1556 2013/2490/1553 2011/2398/1551
f 2131/2335/1671 2093/2483/1633 2104/2491/1644 2142/2336/1682
f 2127/2343/1667 2132/2338/1672 2134/2337/1674 2135/2344/1675
f 2052/2486/1592 1982/2372/1522 1986/2371/1526 2048/2492/1588
f 1983/2373/1523 1989/2377/1529 1992/2381/1532 1987/2374/1527
f 2123/2351/1663 2128/2346/1668 2137/2345/1677 2138/2352/1678
f 1998/2387/1538 1993/2382/1533 1988/2380/1528 1995/2383/1535
f 2119/2359/1659 2124/2354/1664 2139/2353/1679 2140/2360/1680
f 2115/2367/1655 2120/2362/1660 2141/2361/1681 2133/2368/1673
f 2004/2389/1544 1999/2388/1539 1994/2386/1534 2000/2390/1540
f 2068/2488/1608 2116/2370/1656 2136/2369/1676 2105/2493/1645
f 2109/2355/1649 1977/2350/1517 2121/2349/1661 2118/2356/1658
f 2014/2459/1554 2013/2490/1553 2016/2327/1556 2015/2330/1555
f 2022/2463/1562 2021/2457/1561 2019/2464/1559 2020/2476/1560
f 2018/2462/1558 2017/2458/1557 2021/2457/1561 2022/2463/1562
f 2028/2422/1568 2027/2460/1567 2025/2475/1565 2026/2465/1566
f 2024/2421/1564 2023/2461/1563 2027/2460/1567 2028/2422/1568
f 2030/2433/1570 2029/2424/1569 2034/2423/1574 2033/2434/1573
f 2033/2434/1573 2034/2423/1574 2031/2466/1571 2032/2471/1572
f 2036/2443/1576 2035/2436/1575 2040/2435/1580 2039/2444/1579
f 2039/2444/1579 2040/2435/1580 2037/2472/1577 2038/2474/1578
f 2046/2448/1586 2045/2441/1585 2043/2473/1583 2044/2478/1584
f 2042/2447/1582 2041/2442/1581 2045/2441/1585 2046/2448/1586
f 2052/2486/1592 2051/2445/1591 2049/2477/1589 2050/2485/1590
f 2048/2492/1588 2047/2446/1587 2051/2445/1591 2052/2486/1592
f 1976/2339/1516 2112/2334/1652 2129/2333/1669 2126/2340/1666
f 2062/2494/1602 1979/2366/1519 2113/2365/1653 2069/2489/1609
f 1980/2363/1520 2110/2358/1650 2117/2357/1657 2114/2364/1654
f 2072/2402/1612 2071/2407/1611 2074/2420/1614 2073/2425/1613
f 2068/2488/1608 2067/2417/1607 2070/2406/1610 2069/2489/1609
f 2076/2414/1616 2075/2403/1615 2078/2428/1618 2077/2429/1617
f 2080/2480/1620 2079/2415/1619 2082/2432/1622 2081/2437/1621
f 2084/2410/1624 2083/2481/1623 2086/2440/1626 2085/2449/1625
f 2088/2468/1628 2087/2411/1627 2090/2452/1630 2089/2453/1629
f 2092/2484/1632 2091/2469/1631 2094/2456/1634 2093/2483/1633
f 2013/2490/1553 2014/2459/1554 2106/2418/1646 2105/2493/1645
f 2073/2425/1613 2074/2420/1614 2098/2419/1638 2095/2426/1635
f 2061/2405/1601 2062/2494/1602 2069/2489/1609 2070/2406/1610
f 2053/2401/1593 2054/2408/1594 2071/2407/1611 2072/2402/1612
f 2077/2429/1617 2078/2428/1618 2103/2427/1643 2102/2430/1642
f 2063/2413/1603 2064/2404/1604 2075/2403/1615 2076/2414/1616
f 2081/2437/1621 2082/2432/1622 2101/2431/1641 2100/2438/1640
f 2055/2479/1595 2056/2416/1596 2079/2415/1619 2080/2480/1620
f 2085/2449/1625 2086/2440/1626 2099/2439/1639 2097/2450/1637
f 2057/2409/1597 2058/2482/1598 2083/2481/1623 2084/2410/1624
f 2089/2453/1629 2090/2452/1630 2096/2451/1636 2108/2454/1648
f 2065/2467/1605 2066/2412/1606 2087/2411/1627 2088/2468/1628
f 2093/2483/1633 2094/2456/1634 2107/2455/1647 2104/2491/1644
f 2059/2487/1599 2060/2470/1600 2091/2469/1631 2092/2484/1632
f 2096/2451/1636 2041/2442/1581 2042/2447/1582 2108/2454/1648
f 2107/2455/1647 2047/2446/1587 2048/2492/1588 2104/2491/1644
f 2097/2450/1637 2036/2443/1576 2041/2442/1581 2096/2451/1636
f 2108/2454/1648 2042/2447/1582 2047/2446/1587 2107/2455/1647
f 2106/2418/1646 2014/2459/1554 2017/2458/1557 2098/2419/1638
f 2098/2419/1638 2017/2458/1557 2018/2462/1558 2095/2426/1635
f 2095/2426/1635 2018/2462/1558 2023/2461/1563 2103/2427/1643
f 2102/2430/1642 2024/2421/1564 2029/2424/1569 2101/2431/1641
f 2100/2438/1640 2030/2433/1570 2035/2436/1575 2099/2439/1639
f 2106/2418/1646 2067/2417/1607 2068/2488/1608 2105/2493/1645
f 2103/2427/1643 2023/2461/1563 2024/2421/1564 2102/2430/1642
f 2101/2431/1641 2029/2424/1569 2030/2433/1570 2100/2438/1640
f 2099/2439/1639 2035/2436/1575 2036/2443/1576 2097/2450/1637
f 2134/2337/1674 2142/2336/1682 1986/2371/1526 1987/2374/1527
f 2135/2344/1675 2134/2337/1674 1987/2374/1527 1992/2381/1532
f 2142/2336/1682 2104/2491/1644 2048/2492/1588 1986/2371/1526
f 2105/2493/1645 2136/2369/1676 2011/2398/1551 2013/2490/1553
f 2136/2369/1676 2133/2368/1673 2010/2395/1550 2011/2398/1551
f 2133/2368/1673 2141/2361/1681 2005/2392/1545 2010/2395/1550
f 2140/2360/1680 2139/2353/1679 1999/2388/1539 2004/2389/1544
f 2138/2352/1678 2137/2345/1677 1993/2382/1533 1998/2387/1538
f 2141/2361/1681 2140/2360/1680 2004/2389/1544 2005/2392/1545
f 2139/2353/1679 2138/2352/1678 1998/2387/1538 1999/2388/1539
f 2137/2345/1677 2135/2344/1675 1992/2381/1532 1993/2382/1533
f 2147/2147/338 2153/2156/1340 2157/559/1340 2150/558/338
f 2589/2154/1687 2156/2495/1687 2154/2155/1345 2148/2142/1345
f 2153/2156/1340 2149/773/1340 2154/2155/1345 2160/2496/1345
f 2164/2497/1345 2159/2157/1345 2151/744/1340 2158/560/1340
f 2152/2152/1685 2159/2157/1345 2161/2498/1688 2155/2158/1686
f 2160/2496/1345 2163/2499/1345 2157/559/1340 2153/2156/1340
f 2160/2496/1345 2154/2155/1345 2156/2495/1687 2162/2500/1688
f 2163/2499/1345 2164/2497/1345 2158/560/1340 2157/559/1340
f 2588/2501/1688 2161/2498/1688 2159/2157/1345 2164/2497/1345
f 2162/2500/1688 2165/2502/1688 2163/2499/1345 2160/2496/1345
f 2165/2502/1688 2588/2501/1688 2164/2497/1345 2163/2499/1345
f 2167/145/1690 2178/150/1701 2179/197/1702 2166/414/1689
f 2181/146/1704 2167/145/1690 2166/414/1689 2180/196/1703
f 2177/153/1700 2168/177/1691 2169/158/1692 2176/157/1699
f 2168/177/1691 2174/176/1697 2175/205/1698 2169/158/1692
f 2171/149/1694 2177/153/1700 2176/157/1699 2170/198/1693
f 2173/159/1696 2181/146/1704 2180/196/1703 2172/195/1695
f 2178/150/1701 2171/149/1694 2170/198/1693 2179/197/1702
f 2174/160/1697 2173/159/1696 2172/195/1695 2175/206/1698
f 135/181/135 124/180/124 2166/414/1689 2179/197/1702
f 2193/277/1716 2186/282/1709 2187/299/1710 2192/312/1715
f 2186/282/1709 2194/281/1717 2195/300/1718 2187/299/1710
f 2189/306/1712 2190/305/1713 2191/296/1714 2188/295/1711
f 2190/305/1713 2182/288/1705 2183/310/1706 2191/296/1714
f 2197/287/1720 2184/278/1707 2185/304/1708 2196/303/1719
f 2194/281/1717 2189/285/1712 2188/314/1711 2195/300/1718
f 2182/288/1705 2197/287/1720 2196/303/1719 2183/310/1706
f 2184/278/1707 2193/277/1716 2192/312/1715 2185/304/1708
f 2182/288/1705 2190/305/1713 159/308/159 155/289/155
f 514/2503/432 2245/2504/432 2259/2505/1753 2260/2506/1753
f 2219/2507/432 514/2503/432 2260/2506/1753 2261/2508/1754
f 2245/2504/432 2246/2509/432 2262/2510/1753 2259/2505/1753
f 2263/2511/1755 2264/2512/1755 2260/2506/1753 2259/2505/1753
f 515/2513/433 2219/2507/432 2261/2508/1754 2265/2514/1756
f 2261/2508/1754 2260/2506/1753 2264/2512/1755 2266/2515/1755
f 2246/2509/432 2964/2516/432 2268/2517/1753 2262/2510/1753
f 2269/2518/1758 2263/2511/1755 2259/2505/1753 2262/2510/1753
f 2270/2519/1759 2271/2520/1759 2264/2512/1755 2263/2511/1755
f 2233/2521/1738 515/2513/433 2265/2514/1756 2272/2522/1760
f 2266/2515/1755 2273/2523/1761 2265/2514/1756 2261/2508/1754
f 2266/2515/1755 2264/2512/1755 2271/2520/1759 2274/2524/1759
f 2964/2516/432 2231/2525/432 2275/2526/1753 2268/2517/1753
f 2276/2527/1758 2269/2518/1758 2262/2510/1753 2268/2517/1753
f 2277/2528/1762 2270/2519/1759 2263/2511/1755 2269/2518/1758
f 2271/2520/1759 2270/2519/1759 2523/2529/528 2534/2530/528
f 2995/2531/1990 2233/2521/1738 2272/2522/1760 2281/2532/1765
f 2273/2523/1761 2282/2533/1766 2272/2522/1760 2265/2514/1756
f 2274/2524/1759 2283/2534/1767 2273/2523/1761 2266/2515/1755
f 2274/2524/1759 2271/2520/1759 2534/2530/528 2514/2535/528
f 2231/2525/432 2247/2536/432 2285/2537/1754 2275/2526/1753
f 2268/2517/1753 2275/2526/1753 2286/2538/1758 2276/2527/1758
f 2287/2539/1762 2277/2528/1762 2269/2518/1758 2276/2527/1758
f 2270/2519/1759 2277/2528/1762 2524/2540/528 2523/2529/528
f 2289/2541/1768 2290/2542/1768 2279/2543/1763 2278/2544/1763
f 517/2545/434 2995/2531/1990 2281/2532/1765 2291/2546/1769
f 2282/2533/1766 2292/2547/1770 2281/2532/1765 2272/2522/1760
f 2283/2534/1767 2293/2548/1771 2282/2533/1766 2273/2523/1761
f 2283/2534/1767 2274/2524/1759 2514/2535/528 2548/2549/1897
f 2284/2550/1763 2279/2543/1763 2290/2542/1768 2295/2551/1768
f 2247/2536/432 2248/2552/1747 2296/2553/1773 2285/2537/1754
f 2275/2526/1753 2285/2537/1754 2297/2554/1755 2286/2538/1758
f 2276/2527/1758 2286/2538/1758 2298/2555/1759 2287/2539/1762
f 2277/2528/1762 2287/2539/1762 2535/2556/528 2524/2540/528
f 2300/2557/1768 2289/2541/1768 2278/2544/1763 2288/2558/1763
f 2301/2559/1774 2302/2560/1774 2290/2542/1768 2289/2541/1768
f 2963/2561/435 517/2545/434 2291/2546/1769 2304/2562/1775
f 2292/2547/1770 2305/2563/1776 2291/2546/1769 2281/2532/1765
f 2293/2548/1771 2306/2564/1777 2292/2547/1770 2282/2533/1766
f 2293/2548/1771 2283/2534/1767 2548/2549/1897 2549/2565/478
f 2295/2551/1768 2308/2566/1779 2294/2567/1772 2284/2550/1763
f 2295/2551/1768 2290/2542/1768 2302/2560/1774 2309/2568/1774
f 2248/2552/1747 2249/2569/1748 2310/2570/1780 2296/2553/1773
f 2285/2537/1754 2296/2553/1773 2311/2571/1781 2297/2554/1755
f 2286/2538/1758 2297/2554/1755 2312/2572/1759 2298/2555/1759
f 2287/2539/1762 2298/2555/1759 2547/2573/528 2535/2556/528
f 2314/2574/1768 2300/2557/1768 2288/2558/1763 2299/2575/1763
f 2315/2576/1774 2301/2559/1774 2289/2541/1768 2300/2557/1768
f 2301/2577/1774 2316/2578/1782 2317/2579/1782 2302/2580/1774
f 2962/2581/435 2963/2561/435 2304/2562/1775 2319/2582/1775
f 2305/2563/1776 2320/2583/1783 2304/2562/1775 2291/2546/1769
f 2306/2564/1777 2321/2584/1784 2305/2563/1776 2292/2547/1770
f 2306/2564/1777 2293/2548/1771 2549/2565/478 2543/2585/472
f 2308/2566/1779 2323/2586/1786 2307/2587/1778 2294/2567/1772
f 2309/2568/1774 2324/2588/1787 2308/2566/1779 2295/2551/1768
f 2302/2580/1774 2317/2579/1782 2325/2589/1782 2309/2590/1774
f 2249/2569/1748 2965/2591/1972 2327/2592/1789 2310/2570/1780
f 2328/2593/1790 2311/2571/1781 2296/2553/1773 2310/2570/1780
f 2297/2554/1755 2311/2571/1781 2329/2594/1791 2312/2572/1759
f 2298/2555/1759 2312/2572/1759 2516/2595/528 2547/2573/528
f 2299/2575/1763 2313/2596/1763 2331/2597/1768 2314/2574/1768
f 2332/2598/1774 2315/2576/1774 2300/2557/1768 2314/2574/1768
f 2315/2599/1774 2333/2600/1782 2316/2578/1782 2301/2577/1774
f 519/2601/435 2962/2581/435 2319/2582/1775 2334/2602/1775
f 2319/2582/1775 2304/2562/1775 2320/2583/1783 2335/2603/1783
f 2321/2584/1784 2336/2604/1792 2320/2583/1783 2305/2563/1776
f 2321/2584/1784 2306/2564/1777 2543/2585/472 2527/2605/1892
f 2323/2586/1786 2338/2606/1794 2322/2607/1785 2307/2587/1778
f 2324/2588/1787 2339/2608/1795 2323/2586/1786 2308/2566/1779
f 2309/2590/1774 2325/2589/1782 2340/2609/1796 2341/2610/1797 2342/2611/1798 2339/2612/1795 2324/2613/1787
f 2965/2591/1972 2250/2614/1749 2344/2615/1799 2327/2592/1789
f 2345/2616/1800 2328/2593/1790 2310/2570/1780 2327/2592/1789
f 2346/2617/1801 2329/2594/1791 2311/2571/1781 2328/2593/1790
f 2312/2572/1759 2329/2594/1791 2538/2618/1895 2516/2595/528
f 2313/2596/1763 2330/2619/1763 2348/2620/1768 2331/2597/1768
f 2314/2574/1768 2331/2597/1768 2349/2621/1774 2332/2598/1774
f 2315/2599/1774 2332/2622/1774 2350/2623/1782 2333/2600/1782
f 2986/2624/435 519/2601/435 2334/2602/1775 2351/2625/1775
f 2335/2603/1783 2352/2626/1783 2334/2602/1775 2319/2582/1775
f 2335/2603/1783 2320/2583/1783 2336/2604/1792 2353/2627/1792
f 2336/2604/1792 2321/2584/1784 2527/2605/1892 2533/2628/344
f 2338/2606/1794 2355/2629/1804 2337/2630/1793 2322/2607/1785
f 2339/2608/1795 2342/2631/1798 2338/2606/1794 2323/2586/1786
f 2340/2609/1796 2325/2589/1782 2343/2632/1782 2356/2633/1796
f 2341/2634/1797 2340/2635/1796 2357/2636/1805 2355/2629/1804
f 2342/2631/1798 2341/2634/1797 2355/2629/1804 2338/2606/1794
f 2250/2614/1749 2967/2637/436 2360/2638/1807 2344/2615/1799
f 2361/2639/1808 2345/2616/1800 2327/2592/1789 2344/2615/1799
f 2362/2640/1809 2346/2617/1801 2328/2593/1790 2345/2616/1800
f 2329/2594/1791 2346/2617/1801 2546/2641/384 2538/2618/1895
f 2330/2619/1763 2347/2642/1802 2364/2643/1811 2348/2620/1768
f 2331/2597/1768 2348/2620/1768 2365/2644/1774 2349/2621/1774
f 2350/2623/1782 2332/2622/1774 2349/2645/1774 2366/2646/1782
f 454/2647/394 2986/2624/435 2351/2625/1775 2369/2648/1812
f 2352/2626/1783 2370/2649/1783 2351/2625/1775 2334/2602/1775
f 2353/2627/1792 2371/2650/1792 2352/2626/1783 2335/2603/1783
f 2353/2627/1792 2336/2604/1792 2533/2628/344 2520/2651/344
f 2355/2629/1804 2357/2636/1805 2354/2652/1803 2337/2630/1793
f 2373/2653/1805 2357/2636/1805 2340/2635/1796 2356/2654/1796
f 2356/2633/1796 2343/2632/1782 2358/2655/1782 2374/2656/1796
f 2967/2637/436 520/2657/436 2376/2658/1807 2360/2638/1807
f 2377/2659/1813 2361/2639/1808 2344/2615/1799 2360/2638/1807
f 2378/2660/1814 2362/2640/1809 2345/2616/1800 2361/2639/1808
f 2346/2617/1801 2362/2640/1809 2545/2661/383 2546/2641/384
f 2380/2662/1816 2364/2643/1811 2347/2642/1802 2363/2663/1810
f 2348/2620/1768 2364/2643/1811 2381/2664/1817 2365/2644/1774
f 2366/2646/1782 2349/2645/1774 2365/2665/1774 2382/2666/1782
f 2368/2667/1782 2367/2668/1782 2384/2669/1818 2385/2670/1818
f 2998/2671/1992 454/2647/394 2369/2648/1812 2387/2672/1820
f 2370/2649/1783 2388/2673/1821 2369/2648/1812 2351/2625/1775
f 2371/2650/1792 2389/2674/1792 2370/2649/1783 2352/2626/1783
f 2371/2650/1792 2353/2627/1792 2520/2651/344 2530/2675/1894
f 2372/2676/1803 2354/2652/1803 2357/2636/1805 2373/2653/1805
f 2356/2654/1796 2374/2677/1796 2391/2678/1822 2373/2653/1805
f 2374/2656/1796 2358/2655/1782 2375/2679/1782 2392/2680/1796
f 2375/2679/1782 2368/2667/1782 2385/2670/1818 2393/2681/1818
f 520/2682/436 522/2683/436 2394/2684/1807 2376/2685/1807
f 2395/2686/1813 2377/2659/1813 2360/2638/1807 2376/2658/1807
f 2396/2687/1823 2378/2660/1814 2361/2639/1808 2377/2659/1813
f 2362/2640/1809 2378/2660/1814 2522/2688/1889 2545/2661/383
f 2398/2689/1825 2380/2662/1816 2363/2663/1810 2379/2690/1815
f 2399/2691/1826 2381/2664/1817 2364/2643/1811 2380/2662/1816
f 2382/2666/1782 2365/2665/1774 2381/2692/1817 2399/2693/1826 2400/2694/1827 2401/2695/1828 2402/2696/1829
f 2367/2668/1782 2383/2697/1782 2405/2698/1818 2384/2669/1818
f 2406/2699/1830 2407/2700/1830 2385/2701/1818 2384/2702/1818
f 471/2703/410 2998/2671/1992 2387/2672/1820 2408/2704/1831
f 2388/2673/1821 2409/2705/1832 2387/2672/1820 2369/2648/1812
f 2389/2674/1792 2410/2706/1833 2388/2673/1821 2370/2649/1783
f 2389/2674/1792 2371/2650/1792 2530/2675/1894 2539/2707/344
f 2373/2653/1805 2391/2678/1822 2390/2708/1803 2372/2676/1803
f 2374/2677/1796 2392/2709/1796 2412/2710/1822 2391/2678/1822
f 2392/2680/1796 2375/2679/1782 2393/2681/1818 2413/2711/1834 2414/2712/1835 2415/2713/1836 2416/2714/1837
f 2407/2700/1830 2417/2715/1830 2393/2716/1818 2385/2701/1818
f 522/2683/436 2252/2717/436 2418/2718/1807 2394/2684/1807
f 2376/2685/1807 2394/2684/1807 2419/2719/1813 2395/2720/1813
f 2420/2721/1823 2396/2687/1823 2377/2659/1813 2395/2686/1813
f 2378/2660/1814 2396/2687/1823 2550/2722/341 2522/2688/1889
f 2422/2723/1839 2398/2689/1825 2379/2690/1815 2397/2724/1824
f 2400/2725/1827 2399/2691/1826 2380/2662/1816 2398/2689/1825
f 2382/2666/1782 2402/2696/1829 2423/2726/1829 2403/2727/1782
f 2401/2728/1828 2400/2725/1827 2398/2689/1825 2422/2723/1839
f 2402/2729/1829 2401/2728/1828 2422/2723/1839 2424/2730/1840
f 2383/2697/1782 2404/2731/1782 2427/2732/1818 2405/2698/1818
f 2384/2702/1818 2405/2733/1818 2428/2734/1830 2406/2699/1830
f 2429/2735/1841 2430/2736/1841 2407/2700/1830 2406/2699/1830
f 2989/2737/1986 471/2703/410 2408/2704/1831 2431/2738/1842
f 2409/2705/1832 2432/2739/1843 2408/2704/1831 2387/2672/1820
f 2410/2706/1833 2433/2740/1844 2409/2705/1832 2388/2673/1821
f 2410/2706/1833 2389/2674/1792 2539/2707/344 2526/2741/1891
f 2391/2678/1822 2412/2710/1822 2411/2742/1803 2390/2708/1803
f 2392/2709/1796 2416/2743/1837 2435/2744/1846 2412/2710/1822
f 2413/2745/1834 2393/2716/1818 2417/2715/1830 2436/2746/1847
f 2414/2747/1835 2413/2745/1834 2436/2746/1847 2437/2748/1848
f 2415/2749/1836 2414/2747/1835 2437/2748/1848 2438/2750/1849
f 2416/2743/1837 2415/2749/1836 2438/2750/1849 2435/2744/1846
f 2430/2736/1841 2439/2751/1841 2417/2715/1830 2407/2700/1830
f 2252/2717/436 2968/2752/1974 2441/2753/1851 2418/2718/1807
f 2442/2754/1813 2419/2719/1813 2394/2684/1807 2418/2718/1807
f 2395/2720/1813 2419/2719/1813 2443/2755/1823 2420/2756/1823
f 2396/2687/1823 2420/2721/1823 2519/2757/1888 2550/2722/341
f 2424/2730/1840 2422/2723/1839 2397/2724/1824 2421/2758/1838
f 2423/2759/1829 2402/2729/1829 2424/2730/1840 2445/2760/1840
f 2403/2727/1782 2423/2726/1829 2446/2761/1829 2425/2762/1782
f 2404/2731/1782 2426/2763/1782 2448/2764/1818 2427/2732/1818
f 2405/2733/1818 2427/2765/1818 2449/2766/1830 2428/2734/1830
f 2406/2699/1830 2428/2734/1830 2450/2767/1841 2429/2735/1841
f 2451/2768/1852 2452/2769/1853 2537/2770/527 2521/2771/527
f 487/2772/423 2989/2737/1986 2431/2738/1842 2453/2773/1854
f 2432/2739/1843 2454/2774/1855 2431/2738/1842 2408/2704/1831
f 2433/2740/1844 2455/2775/1856 2432/2739/1843 2409/2705/1832
f 2433/2740/1844 2410/2706/1833 2526/2741/1891 2531/2776/473
f 2412/2710/1822 2435/2744/1846 2434/2777/1845 2411/2742/1803
f 2436/2746/1847 2417/2715/1830 2439/2751/1841 2457/2778/1858
f 2437/2748/1848 2436/2746/1847 2457/2778/1858 2458/2779/1859
f 2438/2750/1849 2437/2748/1848 2458/2779/1859 2456/2780/1857
f 2435/2744/1846 2438/2750/1849 2456/2780/1857 2434/2777/1845
f 2452/2769/1853 2459/2781/1853 2528/2782/527 2537/2770/527
f 2968/2752/1974 523/2783/438 2460/2784/1860 2441/2753/1851
f 2418/2718/1807 2441/2753/1851 2461/2785/1861 2442/2754/1813
f 2462/2786/1823 2443/2755/1823 2419/2719/1813 2442/2754/1813
f 2420/2756/1823 2443/2755/1823 2515/2787/341 2519/2788/1888
f 2445/2760/1840 2424/2730/1840 2421/2758/1838 2444/2789/1838
f 2445/2790/1840 2464/2791/1840 2446/2792/1829 2423/2793/1829
f 2425/2762/1782 2446/2761/1829 2465/2794/1829 2447/2795/1782
f 2426/2763/1782 2447/2795/1782 2466/2796/1818 2448/2764/1818
f 2427/2765/1818 2448/2797/1818 2467/2798/1830 2449/2766/1830
f 2428/2734/1830 2449/2766/1830 2468/2799/1841 2450/2767/1841
f 2469/2800/1852 2451/2768/1852 2521/2771/527 2541/2801/527
f 2470/2802/1862 2471/2803/1862 2452/2769/1853 2451/2768/1852
f 2255/2804/423 487/2772/423 2453/2773/1854 2472/2805/1854
f 2454/2774/1855 2473/2806/1862 2453/2773/1854 2431/2738/1842
f 2455/2775/1856 2474/2807/1863 2454/2774/1855 2432/2739/1843
f 2455/2775/1856 2433/2740/1844 2531/2776/473 2529/2808/1893
f 2459/2781/1853 2474/2807/1863 2518/2809/1887 2528/2782/527
f 2474/2807/1863 2455/2775/1856 2529/2808/1893 2518/2809/1887
f 2471/2803/1862 2473/2806/1862 2459/2781/1853 2452/2769/1853
f 523/2783/438 2992/2810/1988 2475/2811/1864 2460/2784/1860
f 2476/2812/1865 2461/2785/1861 2441/2753/1851 2460/2784/1860
f 2442/2754/1813 2461/2785/1861 2477/2813/1866 2462/2786/1823
f 2443/2755/1823 2462/2786/1823 2544/2814/341 2515/2787/341
f 2444/2815/1838 2463/2816/1838 2464/2791/1840 2445/2790/1840
f 2465/2817/1829 2446/2792/1829 2464/2791/1840 2479/2818/1840
f 2447/2795/1782 2465/2794/1829 2480/2819/1867 2481/2820/1868 2482/2821/1869 2483/2822/1870 2466/2796/1818
f 2484/2823/1830 2467/2798/1830 2448/2797/1818 2466/2824/1818
f 2449/2766/1830 2467/2798/1830 2485/2825/1841 2468/2799/1841
f 2486/2826/1852 2469/2800/1852 2541/2801/527 2540/2827/527
f 2451/2768/1852 2469/2800/1852 2487/2828/1862 2470/2802/1862
f 2488/2829/1854 2472/2805/1854 2471/2803/1862 2470/2802/1862
f 2256/2830/423 2255/2804/423 2472/2805/1854 2488/2829/1854
f 2472/2805/1854 2453/2773/1854 2473/2806/1862 2471/2803/1862
f 2474/2807/1863 2459/2781/1853 2473/2806/1862 2454/2774/1855
f 2992/2810/1988 503/2831/428 2489/2832/1871 2475/2811/1864
f 2490/2833/1872 2476/2812/1865 2460/2784/1860 2475/2811/1864
f 2491/2834/1873 2477/2813/1866 2461/2785/1861 2476/2812/1865
f 2462/2786/1823 2477/2813/1866 2517/2835/1886 2544/2814/341
f 2479/2818/1840 2464/2791/1840 2463/2816/1838 2478/2836/1838
f 2479/2818/1840 2493/2837/1875 2480/2838/1867 2465/2817/1829
f 2481/2839/1868 2480/2838/1867 2493/2837/1875 2494/2840/1876
f 2482/2841/1869 2481/2839/1868 2494/2840/1876 2495/2842/1877
f 2483/2843/1870 2482/2841/1869 2495/2842/1877 2496/2844/1878
f 2466/2824/1818 2483/2843/1870 2496/2844/1878 2484/2823/1830
f 2497/2845/1841 2485/2825/1841 2467/2798/1830 2484/2823/1830
f 2498/2846/1852 2486/2826/1852 2540/2827/527 2551/2847/527
f 2469/2800/1852 2486/2826/1852 2499/2848/1862 2487/2828/1862
f 2470/2802/1862 2487/2828/1862 2500/2849/1854 2488/2829/1854
f 511/2850/423 2256/2830/423 2488/2829/1854 2500/2849/1854
f 503/2831/428 2970/2851/423 2502/2852/1854 2489/2832/1871
f 2503/2853/1880 2490/2833/1872 2475/2811/1864 2489/2832/1871
f 2504/2854/1881 2491/2834/1873 2476/2812/1865 2490/2833/1872
f 2477/2813/1866 2491/2834/1873 2532/2855/382 2517/2835/1886
f 2478/2836/1838 2492/2856/1874 2493/2837/1875 2479/2818/1840
f 2494/2840/1876 2493/2837/1875 2492/2856/1874 2505/2857/1882
f 2495/2842/1877 2494/2840/1876 2505/2857/1882 2506/2858/1883
f 2496/2844/1878 2495/2842/1877 2506/2858/1883 2507/2859/1884
f 2484/2823/1830 2496/2844/1878 2507/2859/1884 2497/2845/1841
f 2508/2860/1852 2498/2846/1852 2551/2847/527 2536/2861/527
f 2486/2826/1852 2498/2846/1852 2509/2862/1862 2499/2848/1862
f 2487/2828/1862 2499/2848/1862 2510/2863/1854 2500/2849/1854
f 2258/2864/423 511/2850/423 2500/2849/1854 2510/2863/1854
f 2970/2851/423 2257/2865/423 2511/2866/1854 2502/2852/1854
f 2512/2867/1862 2503/2853/1880 2489/2832/1871 2502/2852/1854
f 2513/2868/1885 2504/2854/1881 2490/2833/1872 2503/2853/1880
f 2491/2834/1873 2504/2854/1881 2525/2869/1890 2532/2855/382
f 2504/2854/1881 2513/2868/1885 2542/2870/1896 2525/2869/1890
f 2513/2868/1885 2508/2860/1852 2536/2861/527 2542/2870/1896
f 2512/2867/1862 2509/2862/1862 2498/2846/1852 2508/2860/1852
f 2499/2848/1862 2509/2862/1862 2511/2866/1854 2510/2863/1854
f 2257/2865/423 2258/2864/423 2510/2863/1854 2511/2866/1854
f 2502/2852/1854 2511/2866/1854 2509/2862/1862 2512/2867/1862
f 2508/2860/1852 2513/2868/1885 2503/2853/1880 2512/2867/1862
f 2551/2847/527 2540/2827/527 2468/2799/1841 2485/2825/1841
f 2546/2641/384 2545/2661/383 2379/2690/1815 2363/2663/1810
f 2547/2573/528 2516/2595/528 2330/2619/1763 2313/2596/1763
f 2516/2595/528 2538/2618/1895 2347/2642/1802 2330/2619/1763
f 2535/2556/528 2547/2573/528 2313/2596/1763 2299/2575/1763
f 2521/2771/527 2537/2770/527 2430/2736/1841 2429/2735/1841
f 2530/2675/1894 2520/2651/344 2372/2676/1803 2390/2708/1803
f 2514/2535/528 2534/2530/528 2279/2543/1763 2284/2550/1763
f 2526/2741/1891 2539/2707/344 2411/2742/1803 2434/2777/1845
f 2520/2651/344 2533/2628/344 2354/2652/1803 2372/2676/1803
f 2544/2814/341 2517/2835/1886 2492/2856/1874 2478/2836/1838
f 2542/2870/1896 2536/2861/527 2497/2845/1841 2507/2859/1884
f 2527/2605/1892 2543/2585/472 2322/2607/1785 2337/2630/1793
f 2550/2722/341 2519/2757/1888 2444/2789/1838 2421/2758/1838
f 2531/2776/473 2526/2741/1891 2434/2777/1845 2456/2780/1857
f 2537/2770/527 2528/2782/527 2439/2751/1841 2430/2736/1841
f 2518/2809/1887 2529/2808/1893 2458/2779/1859 2457/2778/1858
f 2533/2628/344 2527/2605/1892 2337/2630/1793 2354/2652/1803
f 2523/2529/528 2524/2540/528 2288/2558/1763 2278/2544/1763
f 2522/2688/1889 2550/2722/341 2421/2758/1838 2397/2724/1824
f 2525/2869/1890 2542/2870/1896 2507/2859/1884 2506/2858/1883
f 2532/2855/382 2525/2869/1890 2506/2858/1883 2505/2857/1882
f 2541/2801/527 2521/2771/527 2429/2735/1841 2450/2767/1841
f 2528/2782/527 2518/2809/1887 2457/2778/1858 2439/2751/1841
f 2515/2787/341 2544/2814/341 2478/2836/1838 2463/2816/1838
f 2540/2827/527 2541/2801/527 2450/2767/1841 2468/2799/1841
f 2548/2549/1897 2514/2535/528 2284/2550/1763 2294/2567/1772
f 2517/2835/1886 2532/2855/382 2505/2857/1882 2492/2856/1874
f 2543/2585/472 2549/2565/478 2307/2587/1778 2322/2607/1785
f 2519/2788/1888 2515/2787/341 2463/2816/1838 2444/2815/1838
f 2536/2861/527 2551/2847/527 2485/2825/1841 2497/2845/1841
f 2539/2707/344 2530/2675/1894 2390/2708/1803 2411/2742/1803
f 2545/2661/383 2522/2688/1889 2397/2724/1824 2379/2690/1815
f 2529/2808/1893 2531/2776/473 2456/2780/1857 2458/2779/1859
f 2534/2530/528 2523/2529/528 2278/2544/1763 2279/2543/1763
f 2549/2565/478 2548/2549/1897 2294/2567/1772 2307/2587/1778
f 2538/2618/1895 2546/2641/384 2363/2663/1810 2347/2642/1802
f 2524/2540/528 2535/2556/528 2299/2575/1763 2288/2558/1763
f 836/2871/584 540/2872/452 2576/2873/1912 2596/2874/1929
f 836/2871/584 2552/2875/1898 538/2876/450 540/2872/452
f 2565/2877/1906 756/2878/538 711/2879/524 2597/2880/1930 543/2881/455
f 526/2882/441 2582/2883/1918 752/2884/537 548/2885/459
f 2554/2886/1900 527/2887/442 535/2888/449 829/2889/582
f 829/2889/582 535/2888/449 530/2890/445 826/2891/581
f 826/2891/581 530/2890/445 547/2892/458 821/2893/578
f 821/2893/578 547/2892/458 544/2894/456 2555/2895/1901
f 808/2896/569 2562/2897/1904 2572/2898/1909 817/2899/575
f 800/2900/565 2564/2901/1905 2562/2897/1904 808/2896/569
f 2558/2902/1902 2573/2903/1910 2564/2901/1905 800/2900/565
f 2559/2904/557 532/2905/447 2573/2903/1910 2558/2902/1902
f 776/2906/557 536/2907/447 532/2905/447 2559/2904/557
f 775/2908/557 2560/2909/557 534/2910/447 2563/2911/447
f 775/2908/557 2563/2911/447 536/2907/447 776/2906/557
f 531/2912/446 2585/2913/1921 738/2914/534 541/2915/453
f 407/2916/368 2584/2917/1920 531/2912/446 545/2918/457 2553/2919/1899
f 738/2914/534 2579/2920/1915 2574/2921/1911 541/2915/453
f 2574/2921/1911 739/2922/535 733/2923/530 822/2924/579 2569/2925/1908
f 735/2926/531 2577/2927/1913 526/2882/441 527/2887/442 2554/2886/1900
f 542/2928/454 528/2929/443 2593/2930/1926 1806/2931/1346
f 544/2894/456 537/2932/447 2556/2933/557 2555/2895/1901
f 545/2934/457 538/2876/450 2552/2875/1898 2553/2935/1899
f 537/2932/447 2566/2936/447 2557/2937/557 2556/2933/557
f 546/2938/444 2571/2939/444 2156/2940/1687 2589/2941/1687
f 2561/2942/1903 525/2943/440 2590/2944/1924 2155/2945/1686
f 2566/2936/447 2575/2946/447 786/2947/557 2557/2937/557
f 2572/2898/1909 2569/2925/1908 822/2924/579 817/2899/575
f 2575/2946/447 534/2910/447 2560/2909/557 786/2947/557
f 2570/2948/444 546/2938/444 2589/2941/1687 2591/2949/1688
f 2567/2950/1907 2570/2948/444 2591/2949/1688 2592/2951/1925
f 525/2943/440 542/2928/454 1806/2931/1346 2590/2944/1924
f 736/2952/532 3002/2953/1995 2565/2877/1906
f 3002/2953/1995 737/2954/533 2565/2877/1906
f 2165/2955/1688 551/2956/444 549/2957/444 2588/2958/1688
f 2162/2959/1688 529/2960/444 551/2956/444 2165/2955/1688
f 2588/2958/1688 549/2957/444 2568/2961/444 2161/2962/1688
f 2162/2959/1688 2156/2940/1687 2571/2939/444 529/2960/444
f 2161/2962/1688 2568/2961/444 2561/2942/1903 2155/2945/1686
f 2594/2963/1927 550/2964/460 2567/2950/1907 2592/2951/1925
f 2595/2965/1928 2593/2930/1926 528/2929/443 539/2966/451
f 2596/2874/1929 2576/2873/1912 550/2964/460 2594/2963/1927
f 2595/2965/1928 539/2966/451 543/2967/455 2597/2968/1930
f 737/2954/533 756/2878/538 2565/2877/1906
f 2577/2927/1913 2578/2969/1914 526/2882/441
f 2578/2969/1914 2583/2970/1919 526/2882/441
f 2583/2970/1919 2582/2883/1918 526/2882/441
f 2584/2917/1920 2586/2971/1922 531/2912/446
f 2586/2971/1922 757/2972/539 531/2912/446
f 757/2972/539 2585/2913/1921 531/2912/446
f 2579/2920/1915 2974/2973/1978 2574/2921/1911
f 2974/2973/1978 2979/2974/1983 2574/2921/1911
f 2979/2974/1983 739/2922/535 2574/2921/1911
f 752/2884/537 736/2952/532 2565/2877/1906 548/2885/459
